ISO-10303-21;
HEADER;
/* Generated by software containing ST-Developer
 * from STEP Tools, Inc. (www.steptools.com) 
 */
/* OPTION: using custom renumber hook */

FILE_DESCRIPTION(
/* description */ ('STEP AP242 Edition 2',
'CAx-IF Rec.Pracs.---Representation and Presentation of Product Manufa
cturing Information (PMI)---4.0---2014-10-13',
'CAx-IF Rec.Pracs.---3D Tessellated Geometry---0.4---2014-09-14','2;1',
'CAx-IF Rec.Pracs.---User Defined Attributes---1.5---2016-08-15'),
/* implementation_level */ '2;1');

FILE_NAME(
/* name */ 'Assembly 1 - Part 1',
/* time_stamp */ '2026-10-07T16:04:55Z',
/* author */ (''),
/* organization */ (''),
/* preprocessor_version */ 'ST-DEVELOPER v20',
/* originating_system */ 'ONSHAPE BY PTC INC, 1.221',
/* authorisation */ '  ');

FILE_SCHEMA (('AP242_MANAGED_MODEL_BASED_3D_ENGINEERING_MIM_LF { 1 0 10303 442 3 1 4 }'));
ENDSEC;

DATA;
#10=SHAPE_REPRESENTATION_RELATIONSHIP('','',#2085,#11);
#11=ADVANCED_BREP_SHAPE_REPRESENTATION('',(#2083),#3479);
#12=TOROIDAL_SURFACE('',#2204,0.0315,0.01);
#13=TOROIDAL_SURFACE('',#2209,0.019,0.0025);
#14=TOROIDAL_SURFACE('',#2259,0.005,0.005);
#15=TOROIDAL_SURFACE('',#2263,0.005,0.005);
#16=B_SPLINE_CURVE_WITH_KNOTS('',3,(#3306,#3307,#3308,#3309),
 .UNSPECIFIED.,.F.,.F.,(4,4),(0.,0.000674562805817866),.UNSPECIFIED.);
#17=B_SPLINE_CURVE_WITH_KNOTS('',3,(#3313,#3314,#3315,#3316),
 .UNSPECIFIED.,.F.,.F.,(4,4),(0.,0.00173858450154726),.UNSPECIFIED.);
#18=B_SPLINE_CURVE_WITH_KNOTS('',3,(#3323,#3324,#3325,#3326,#3327,#3328,
#3329,#3330,#3331,#3332,#3333),.UNSPECIFIED.,.T.,.F.,(1,1,1,1,1,1,1,1,1,
1,1,1,1,1,1),(-0.00316593989374114,-0.00211062659582743,-0.00105531329791371,
0.,0.00105531329791371,0.00211062659582743,0.00316593989374114,0.00422125319165485,
0.00527656648956856,0.00633187978748228,0.00738719308539599,0.0084425063833097,
0.00949781968122342,0.0105531329791371,0.0116084462770508),
 .UNSPECIFIED.);
#19=B_SPLINE_CURVE_WITH_KNOTS('',3,(#3338,#3339,#3340,#3341,#3342,#3343,
#3344,#3345,#3346,#3347,#3348),.UNSPECIFIED.,.T.,.F.,(1,1,1,1,1,1,1,1,1,
1,1,1,1,1,1),(-0.00316657470641935,-0.00211104980427957,-0.00105552490213978,
0.,0.00105552490213978,0.00211104980427957,0.00316657470641935,0.00422209960855913,
0.00527762451069892,0.0063331494128387,0.00738867431497848,0.00844419921711826,
0.00949972411925805,0.0105552490213978,0.0116107739235376),
 .UNSPECIFIED.);
#20=ELLIPSE('',#2143,0.00257153031553794,0.0025);
#21=ELLIPSE('',#2144,0.00257153031553794,0.0025);
#22=ELLIPSE('',#2180,0.00332646559588152,0.0025);
#23=CIRCLE('',#2089,0.00135);
#24=CIRCLE('',#2090,0.00135);
#25=CIRCLE('',#2092,0.00135);
#26=CIRCLE('',#2093,0.00135);
#27=CIRCLE('',#2095,0.00135);
#28=CIRCLE('',#2096,0.00135);
#29=CIRCLE('',#2098,0.00135);
#30=CIRCLE('',#2099,0.00135);
#31=CIRCLE('',#2101,0.00135);
#32=CIRCLE('',#2102,0.00135);
#33=CIRCLE('',#2104,0.00135);
#34=CIRCLE('',#2105,0.00135);
#35=CIRCLE('',#2110,0.005);
#36=CIRCLE('',#2111,0.005);
#37=CIRCLE('',#2114,0.01);
#38=CIRCLE('',#2115,0.0025);
#39=CIRCLE('',#2116,0.01);
#40=CIRCLE('',#2118,0.00299999999999994);
#41=CIRCLE('',#2119,0.01);
#42=CIRCLE('',#2120,0.0025);
#43=CIRCLE('',#2121,0.001);
#44=CIRCLE('',#2122,0.0025);
#45=CIRCLE('',#2123,0.01);
#46=CIRCLE('',#2129,0.015);
#47=CIRCLE('',#2130,0.015);
#48=CIRCLE('',#2132,0.0025);
#49=CIRCLE('',#2134,0.015);
#50=CIRCLE('',#2135,0.015);
#51=CIRCLE('',#2138,0.015);
#52=CIRCLE('',#2139,0.015);
#53=CIRCLE('',#2141,0.0025);
#54=CIRCLE('',#2154,0.019);
#55=CIRCLE('',#2156,0.0315);
#56=CIRCLE('',#2163,0.00135);
#57=CIRCLE('',#2164,0.00135);
#58=CIRCLE('',#2165,0.00135);
#59=CIRCLE('',#2166,0.00135);
#60=CIRCLE('',#2167,0.004);
#61=CIRCLE('',#2168,0.004);
#62=CIRCLE('',#2169,0.004);
#63=CIRCLE('',#2170,0.004);
#64=CIRCLE('',#2171,0.004);
#65=CIRCLE('',#2172,0.004);
#66=CIRCLE('',#2173,0.001);
#67=CIRCLE('',#2174,0.001);
#68=CIRCLE('',#2190,0.001);
#69=CIRCLE('',#2194,0.0215);
#70=CIRCLE('',#2195,0.0215);
#71=CIRCLE('',#2197,0.0165);
#72=CIRCLE('',#2198,0.0165);
#73=CIRCLE('',#2201,0.001);
#74=CIRCLE('',#2203,0.001);
#75=CIRCLE('',#2206,0.01);
#76=CIRCLE('',#2208,0.01);
#77=CIRCLE('',#2217,0.00299999999999994);
#78=CIRCLE('',#2227,0.004);
#79=CIRCLE('',#2230,0.004);
#80=CIRCLE('',#2233,0.004);
#81=CIRCLE('',#2236,0.004);
#82=CIRCLE('',#2239,0.004);
#83=CIRCLE('',#2242,0.004);
#84=CIRCLE('',#2245,0.00135);
#85=CIRCLE('',#2248,0.00135);
#86=CIRCLE('',#2251,0.00135);
#87=CIRCLE('',#2254,0.00135);
#88=CIRCLE('',#2257,0.005);
#89=CIRCLE('',#2258,0.005);
#90=CIRCLE('',#2260,0.005);
#91=CIRCLE('',#2262,0.005);
#92=CIRCLE('',#2264,0.005);
#93=CIRCLE('',#2266,0.005);
#94=CIRCLE('',#2272,0.015);
#95=CIRCLE('',#2273,0.015);
#96=CYLINDRICAL_SURFACE('',#2088,0.00135);
#97=CYLINDRICAL_SURFACE('',#2091,0.00135);
#98=CYLINDRICAL_SURFACE('',#2094,0.00135);
#99=CYLINDRICAL_SURFACE('',#2097,0.00135);
#100=CYLINDRICAL_SURFACE('',#2100,0.00135);
#101=CYLINDRICAL_SURFACE('',#2103,0.00135);
#102=CYLINDRICAL_SURFACE('',#2186,0.0025);
#103=CYLINDRICAL_SURFACE('',#2187,0.0025);
#104=CYLINDRICAL_SURFACE('',#2188,0.0025);
#105=CYLINDRICAL_SURFACE('',#2189,0.001);
#106=CYLINDRICAL_SURFACE('',#2193,0.0215);
#107=CYLINDRICAL_SURFACE('',#2196,0.0165);
#108=CYLINDRICAL_SURFACE('',#2200,0.001);
#109=CYLINDRICAL_SURFACE('',#2202,0.001);
#110=CYLINDRICAL_SURFACE('',#2205,0.01);
#111=CYLINDRICAL_SURFACE('',#2207,0.01);
#112=CYLINDRICAL_SURFACE('',#2216,0.00299999999999994);
#113=CYLINDRICAL_SURFACE('',#2225,0.00135);
#114=CYLINDRICAL_SURFACE('',#2226,0.004);
#115=CYLINDRICAL_SURFACE('',#2229,0.004);
#116=CYLINDRICAL_SURFACE('',#2232,0.004);
#117=CYLINDRICAL_SURFACE('',#2235,0.004);
#118=CYLINDRICAL_SURFACE('',#2238,0.004);
#119=CYLINDRICAL_SURFACE('',#2241,0.004);
#120=CYLINDRICAL_SURFACE('',#2244,0.00135);
#121=CYLINDRICAL_SURFACE('',#2247,0.00135);
#122=CYLINDRICAL_SURFACE('',#2250,0.00135);
#123=CYLINDRICAL_SURFACE('',#2253,0.00135);
#124=CYLINDRICAL_SURFACE('',#2256,0.005);
#125=CYLINDRICAL_SURFACE('',#2261,0.005);
#126=CYLINDRICAL_SURFACE('',#2265,0.005);
#127=CYLINDRICAL_SURFACE('',#2269,0.015);
#128=CYLINDRICAL_SURFACE('',#2270,0.015);
#129=CYLINDRICAL_SURFACE('',#2274,0.015);
#130=CYLINDRICAL_SURFACE('',#2275,0.015);
#131=ORIENTED_EDGE('',*,*,#695,.F.);
#132=ORIENTED_EDGE('',*,*,#696,.T.);
#133=ORIENTED_EDGE('',*,*,#697,.F.);
#134=ORIENTED_EDGE('',*,*,#698,.F.);
#135=ORIENTED_EDGE('',*,*,#699,.T.);
#136=ORIENTED_EDGE('',*,*,#700,.T.);
#137=ORIENTED_EDGE('',*,*,#701,.T.);
#138=ORIENTED_EDGE('',*,*,#702,.T.);
#139=ORIENTED_EDGE('',*,*,#703,.T.);
#140=ORIENTED_EDGE('',*,*,#704,.T.);
#141=ORIENTED_EDGE('',*,*,#705,.T.);
#142=ORIENTED_EDGE('',*,*,#706,.T.);
#143=ORIENTED_EDGE('',*,*,#707,.T.);
#144=ORIENTED_EDGE('',*,*,#708,.T.);
#145=ORIENTED_EDGE('',*,*,#709,.T.);
#146=ORIENTED_EDGE('',*,*,#710,.T.);
#147=ORIENTED_EDGE('',*,*,#711,.T.);
#148=ORIENTED_EDGE('',*,*,#712,.F.);
#149=ORIENTED_EDGE('',*,*,#713,.F.);
#150=ORIENTED_EDGE('',*,*,#714,.T.);
#151=ORIENTED_EDGE('',*,*,#715,.F.);
#152=ORIENTED_EDGE('',*,*,#716,.F.);
#153=ORIENTED_EDGE('',*,*,#717,.T.);
#154=ORIENTED_EDGE('',*,*,#718,.F.);
#155=ORIENTED_EDGE('',*,*,#719,.T.);
#156=ORIENTED_EDGE('',*,*,#720,.T.);
#157=ORIENTED_EDGE('',*,*,#721,.T.);
#158=ORIENTED_EDGE('',*,*,#722,.F.);
#159=ORIENTED_EDGE('',*,*,#723,.F.);
#160=ORIENTED_EDGE('',*,*,#724,.T.);
#161=ORIENTED_EDGE('',*,*,#725,.T.);
#162=ORIENTED_EDGE('',*,*,#726,.F.);
#163=ORIENTED_EDGE('',*,*,#727,.T.);
#164=ORIENTED_EDGE('',*,*,#721,.F.);
#165=ORIENTED_EDGE('',*,*,#728,.F.);
#166=ORIENTED_EDGE('',*,*,#729,.T.);
#167=ORIENTED_EDGE('',*,*,#730,.T.);
#168=ORIENTED_EDGE('',*,*,#731,.T.);
#169=ORIENTED_EDGE('',*,*,#732,.T.);
#170=ORIENTED_EDGE('',*,*,#733,.T.);
#171=ORIENTED_EDGE('',*,*,#734,.F.);
#172=ORIENTED_EDGE('',*,*,#712,.T.);
#173=ORIENTED_EDGE('',*,*,#724,.F.);
#174=ORIENTED_EDGE('',*,*,#735,.T.);
#175=ORIENTED_EDGE('',*,*,#736,.F.);
#176=ORIENTED_EDGE('',*,*,#737,.T.);
#177=ORIENTED_EDGE('',*,*,#738,.T.);
#178=ORIENTED_EDGE('',*,*,#739,.F.);
#179=ORIENTED_EDGE('',*,*,#740,.F.);
#180=ORIENTED_EDGE('',*,*,#741,.F.);
#181=ORIENTED_EDGE('',*,*,#709,.F.);
#182=ORIENTED_EDGE('',*,*,#707,.F.);
#183=ORIENTED_EDGE('',*,*,#699,.F.);
#184=ORIENTED_EDGE('',*,*,#742,.F.);
#185=ORIENTED_EDGE('',*,*,#743,.F.);
#186=ORIENTED_EDGE('',*,*,#744,.T.);
#187=ORIENTED_EDGE('',*,*,#745,.F.);
#188=ORIENTED_EDGE('',*,*,#746,.T.);
#189=ORIENTED_EDGE('',*,*,#747,.F.);
#190=ORIENTED_EDGE('',*,*,#748,.F.);
#191=ORIENTED_EDGE('',*,*,#749,.F.);
#192=ORIENTED_EDGE('',*,*,#750,.T.);
#193=ORIENTED_EDGE('',*,*,#751,.T.);
#194=ORIENTED_EDGE('',*,*,#752,.F.);
#195=ORIENTED_EDGE('',*,*,#753,.F.);
#196=ORIENTED_EDGE('',*,*,#754,.F.);
#197=ORIENTED_EDGE('',*,*,#755,.T.);
#198=ORIENTED_EDGE('',*,*,#756,.T.);
#199=ORIENTED_EDGE('',*,*,#757,.T.);
#200=ORIENTED_EDGE('',*,*,#758,.F.);
#201=ORIENTED_EDGE('',*,*,#759,.F.);
#202=ORIENTED_EDGE('',*,*,#760,.F.);
#203=ORIENTED_EDGE('',*,*,#761,.T.);
#204=ORIENTED_EDGE('',*,*,#762,.F.);
#205=ORIENTED_EDGE('',*,*,#763,.T.);
#206=ORIENTED_EDGE('',*,*,#764,.T.);
#207=ORIENTED_EDGE('',*,*,#765,.T.);
#208=ORIENTED_EDGE('',*,*,#766,.T.);
#209=ORIENTED_EDGE('',*,*,#767,.T.);
#210=ORIENTED_EDGE('',*,*,#768,.F.);
#211=ORIENTED_EDGE('',*,*,#769,.F.);
#212=ORIENTED_EDGE('',*,*,#770,.F.);
#213=ORIENTED_EDGE('',*,*,#771,.T.);
#214=ORIENTED_EDGE('',*,*,#772,.F.);
#215=ORIENTED_EDGE('',*,*,#773,.F.);
#216=ORIENTED_EDGE('',*,*,#717,.F.);
#217=ORIENTED_EDGE('',*,*,#705,.F.);
#218=ORIENTED_EDGE('',*,*,#703,.F.);
#219=ORIENTED_EDGE('',*,*,#701,.F.);
#220=ORIENTED_EDGE('',*,*,#774,.T.);
#221=ORIENTED_EDGE('',*,*,#775,.T.);
#222=ORIENTED_EDGE('',*,*,#776,.F.);
#223=ORIENTED_EDGE('',*,*,#777,.F.);
#224=ORIENTED_EDGE('',*,*,#778,.T.);
#225=ORIENTED_EDGE('',*,*,#779,.F.);
#226=ORIENTED_EDGE('',*,*,#716,.T.);
#227=ORIENTED_EDGE('',*,*,#780,.F.);
#228=ORIENTED_EDGE('',*,*,#781,.T.);
#229=ORIENTED_EDGE('',*,*,#782,.T.);
#230=ORIENTED_EDGE('',*,*,#783,.T.);
#231=ORIENTED_EDGE('',*,*,#784,.T.);
#232=ORIENTED_EDGE('',*,*,#785,.F.);
#233=ORIENTED_EDGE('',*,*,#786,.T.);
#234=ORIENTED_EDGE('',*,*,#787,.F.);
#235=ORIENTED_EDGE('',*,*,#788,.F.);
#236=ORIENTED_EDGE('',*,*,#789,.F.);
#237=ORIENTED_EDGE('',*,*,#790,.T.);
#238=ORIENTED_EDGE('',*,*,#791,.F.);
#239=ORIENTED_EDGE('',*,*,#792,.T.);
#240=ORIENTED_EDGE('',*,*,#793,.F.);
#241=ORIENTED_EDGE('',*,*,#794,.F.);
#242=ORIENTED_EDGE('',*,*,#795,.T.);
#243=ORIENTED_EDGE('',*,*,#796,.F.);
#244=ORIENTED_EDGE('',*,*,#797,.F.);
#245=ORIENTED_EDGE('',*,*,#798,.F.);
#246=ORIENTED_EDGE('',*,*,#799,.T.);
#247=ORIENTED_EDGE('',*,*,#800,.T.);
#248=ORIENTED_EDGE('',*,*,#801,.F.);
#249=ORIENTED_EDGE('',*,*,#802,.F.);
#250=ORIENTED_EDGE('',*,*,#803,.F.);
#251=ORIENTED_EDGE('',*,*,#804,.F.);
#252=ORIENTED_EDGE('',*,*,#805,.F.);
#253=ORIENTED_EDGE('',*,*,#806,.F.);
#254=ORIENTED_EDGE('',*,*,#755,.F.);
#255=ORIENTED_EDGE('',*,*,#807,.T.);
#256=ORIENTED_EDGE('',*,*,#808,.F.);
#257=ORIENTED_EDGE('',*,*,#809,.F.);
#258=ORIENTED_EDGE('',*,*,#799,.F.);
#259=ORIENTED_EDGE('',*,*,#810,.T.);
#260=ORIENTED_EDGE('',*,*,#811,.F.);
#261=ORIENTED_EDGE('',*,*,#812,.T.);
#262=ORIENTED_EDGE('',*,*,#813,.T.);
#263=ORIENTED_EDGE('',*,*,#814,.F.);
#264=ORIENTED_EDGE('',*,*,#815,.F.);
#265=ORIENTED_EDGE('',*,*,#816,.F.);
#266=ORIENTED_EDGE('',*,*,#817,.F.);
#267=ORIENTED_EDGE('',*,*,#818,.T.);
#268=ORIENTED_EDGE('',*,*,#819,.F.);
#269=ORIENTED_EDGE('',*,*,#820,.T.);
#270=ORIENTED_EDGE('',*,*,#821,.F.);
#271=ORIENTED_EDGE('',*,*,#783,.F.);
#272=ORIENTED_EDGE('',*,*,#822,.T.);
#273=ORIENTED_EDGE('',*,*,#823,.T.);
#274=ORIENTED_EDGE('',*,*,#770,.T.);
#275=ORIENTED_EDGE('',*,*,#824,.T.);
#276=ORIENTED_EDGE('',*,*,#788,.T.);
#277=ORIENTED_EDGE('',*,*,#825,.T.);
#278=ORIENTED_EDGE('',*,*,#695,.T.);
#279=ORIENTED_EDGE('',*,*,#826,.F.);
#280=ORIENTED_EDGE('',*,*,#827,.F.);
#281=ORIENTED_EDGE('',*,*,#828,.F.);
#282=ORIENTED_EDGE('',*,*,#829,.T.);
#283=ORIENTED_EDGE('',*,*,#830,.F.);
#284=ORIENTED_EDGE('',*,*,#772,.T.);
#285=ORIENTED_EDGE('',*,*,#831,.T.);
#286=ORIENTED_EDGE('',*,*,#832,.T.);
#287=ORIENTED_EDGE('',*,*,#781,.F.);
#288=ORIENTED_EDGE('',*,*,#824,.F.);
#289=ORIENTED_EDGE('',*,*,#769,.T.);
#290=ORIENTED_EDGE('',*,*,#833,.T.);
#291=ORIENTED_EDGE('',*,*,#834,.F.);
#292=ORIENTED_EDGE('',*,*,#833,.F.);
#293=ORIENTED_EDGE('',*,*,#768,.T.);
#294=ORIENTED_EDGE('',*,*,#835,.T.);
#295=ORIENTED_EDGE('',*,*,#836,.T.);
#296=ORIENTED_EDGE('',*,*,#785,.T.);
#297=ORIENTED_EDGE('',*,*,#837,.T.);
#298=ORIENTED_EDGE('',*,*,#838,.F.);
#299=ORIENTED_EDGE('',*,*,#839,.F.);
#300=ORIENTED_EDGE('',*,*,#765,.F.);
#301=ORIENTED_EDGE('',*,*,#840,.T.);
#302=ORIENTED_EDGE('',*,*,#841,.F.);
#303=ORIENTED_EDGE('',*,*,#697,.T.);
#304=ORIENTED_EDGE('',*,*,#840,.F.);
#305=ORIENTED_EDGE('',*,*,#764,.F.);
#306=ORIENTED_EDGE('',*,*,#842,.T.);
#307=ORIENTED_EDGE('',*,*,#843,.T.);
#308=ORIENTED_EDGE('',*,*,#844,.F.);
#309=ORIENTED_EDGE('',*,*,#845,.F.);
#310=ORIENTED_EDGE('',*,*,#817,.T.);
#311=ORIENTED_EDGE('',*,*,#846,.F.);
#312=ORIENTED_EDGE('',*,*,#791,.T.);
#313=ORIENTED_EDGE('',*,*,#847,.T.);
#314=ORIENTED_EDGE('',*,*,#848,.F.);
#315=ORIENTED_EDGE('',*,*,#842,.F.);
#316=ORIENTED_EDGE('',*,*,#763,.F.);
#317=ORIENTED_EDGE('',*,*,#849,.T.);
#318=ORIENTED_EDGE('',*,*,#849,.F.);
#319=ORIENTED_EDGE('',*,*,#762,.T.);
#320=ORIENTED_EDGE('',*,*,#850,.T.);
#321=ORIENTED_EDGE('',*,*,#818,.F.);
#322=ORIENTED_EDGE('',*,*,#819,.T.);
#323=ORIENTED_EDGE('',*,*,#850,.F.);
#324=ORIENTED_EDGE('',*,*,#761,.F.);
#325=ORIENTED_EDGE('',*,*,#851,.T.);
#326=ORIENTED_EDGE('',*,*,#852,.F.);
#327=ORIENTED_EDGE('',*,*,#853,.F.);
#328=ORIENTED_EDGE('',*,*,#793,.T.);
#329=ORIENTED_EDGE('',*,*,#854,.T.);
#330=ORIENTED_EDGE('',*,*,#851,.F.);
#331=ORIENTED_EDGE('',*,*,#760,.T.);
#332=ORIENTED_EDGE('',*,*,#855,.T.);
#333=ORIENTED_EDGE('',*,*,#856,.F.);
#334=ORIENTED_EDGE('',*,*,#855,.F.);
#335=ORIENTED_EDGE('',*,*,#759,.T.);
#336=ORIENTED_EDGE('',*,*,#857,.T.);
#337=ORIENTED_EDGE('',*,*,#858,.F.);
#338=ORIENTED_EDGE('',*,*,#857,.F.);
#339=ORIENTED_EDGE('',*,*,#758,.T.);
#340=ORIENTED_EDGE('',*,*,#859,.T.);
#341=ORIENTED_EDGE('',*,*,#813,.F.);
#342=ORIENTED_EDGE('',*,*,#860,.F.);
#343=ORIENTED_EDGE('',*,*,#796,.T.);
#344=ORIENTED_EDGE('',*,*,#861,.T.);
#345=ORIENTED_EDGE('',*,*,#862,.F.);
#346=ORIENTED_EDGE('',*,*,#814,.T.);
#347=ORIENTED_EDGE('',*,*,#859,.F.);
#348=ORIENTED_EDGE('',*,*,#757,.F.);
#349=ORIENTED_EDGE('',*,*,#863,.T.);
#350=ORIENTED_EDGE('',*,*,#815,.T.);
#351=ORIENTED_EDGE('',*,*,#863,.F.);
#352=ORIENTED_EDGE('',*,*,#756,.F.);
#353=ORIENTED_EDGE('',*,*,#806,.T.);
#354=ORIENTED_EDGE('',*,*,#864,.F.);
#355=ORIENTED_EDGE('',*,*,#810,.F.);
#356=ORIENTED_EDGE('',*,*,#798,.T.);
#357=ORIENTED_EDGE('',*,*,#865,.T.);
#358=ORIENTED_EDGE('',*,*,#800,.F.);
#359=ORIENTED_EDGE('',*,*,#809,.T.);
#360=ORIENTED_EDGE('',*,*,#866,.F.);
#361=ORIENTED_EDGE('',*,*,#807,.F.);
#362=ORIENTED_EDGE('',*,*,#754,.T.);
#363=ORIENTED_EDGE('',*,*,#867,.F.);
#364=ORIENTED_EDGE('',*,*,#748,.T.);
#365=ORIENTED_EDGE('',*,*,#868,.F.);
#366=ORIENTED_EDGE('',*,*,#869,.T.);
#367=ORIENTED_EDGE('',*,*,#870,.T.);
#368=ORIENTED_EDGE('',*,*,#871,.F.);
#369=ORIENTED_EDGE('',*,*,#872,.F.);
#370=ORIENTED_EDGE('',*,*,#873,.F.);
#371=ORIENTED_EDGE('',*,*,#874,.T.);
#372=ORIENTED_EDGE('',*,*,#774,.F.);
#373=ORIENTED_EDGE('',*,*,#875,.F.);
#374=ORIENTED_EDGE('',*,*,#870,.F.);
#375=ORIENTED_EDGE('',*,*,#876,.T.);
#376=ORIENTED_EDGE('',*,*,#877,.T.);
#377=ORIENTED_EDGE('',*,*,#878,.F.);
#378=ORIENTED_EDGE('',*,*,#877,.F.);
#379=ORIENTED_EDGE('',*,*,#879,.F.);
#380=ORIENTED_EDGE('',*,*,#880,.T.);
#381=ORIENTED_EDGE('',*,*,#881,.T.);
#382=ORIENTED_EDGE('',*,*,#880,.F.);
#383=ORIENTED_EDGE('',*,*,#882,.T.);
#384=ORIENTED_EDGE('',*,*,#883,.T.);
#385=ORIENTED_EDGE('',*,*,#884,.F.);
#386=ORIENTED_EDGE('',*,*,#883,.F.);
#387=ORIENTED_EDGE('',*,*,#885,.F.);
#388=ORIENTED_EDGE('',*,*,#886,.T.);
#389=ORIENTED_EDGE('',*,*,#887,.T.);
#390=ORIENTED_EDGE('',*,*,#886,.F.);
#391=ORIENTED_EDGE('',*,*,#888,.T.);
#392=ORIENTED_EDGE('',*,*,#739,.T.);
#393=ORIENTED_EDGE('',*,*,#889,.F.);
#394=ORIENTED_EDGE('',*,*,#890,.F.);
#395=ORIENTED_EDGE('',*,*,#891,.F.);
#396=ORIENTED_EDGE('',*,*,#892,.F.);
#397=ORIENTED_EDGE('',*,*,#893,.F.);
#398=ORIENTED_EDGE('',*,*,#894,.F.);
#399=ORIENTED_EDGE('',*,*,#895,.F.);
#400=ORIENTED_EDGE('',*,*,#896,.F.);
#401=ORIENTED_EDGE('',*,*,#897,.F.);
#402=ORIENTED_EDGE('',*,*,#898,.F.);
#403=ORIENTED_EDGE('',*,*,#899,.F.);
#404=ORIENTED_EDGE('',*,*,#738,.F.);
#405=ORIENTED_EDGE('',*,*,#900,.F.);
#406=ORIENTED_EDGE('',*,*,#901,.T.);
#407=ORIENTED_EDGE('',*,*,#902,.F.);
#408=ORIENTED_EDGE('',*,*,#903,.F.);
#409=ORIENTED_EDGE('',*,*,#904,.F.);
#410=ORIENTED_EDGE('',*,*,#871,.T.);
#411=ORIENTED_EDGE('',*,*,#878,.T.);
#412=ORIENTED_EDGE('',*,*,#881,.F.);
#413=ORIENTED_EDGE('',*,*,#884,.T.);
#414=ORIENTED_EDGE('',*,*,#887,.F.);
#415=ORIENTED_EDGE('',*,*,#889,.T.);
#416=ORIENTED_EDGE('',*,*,#905,.F.);
#417=ORIENTED_EDGE('',*,*,#906,.F.);
#418=ORIENTED_EDGE('',*,*,#872,.T.);
#419=ORIENTED_EDGE('',*,*,#904,.T.);
#420=ORIENTED_EDGE('',*,*,#865,.F.);
#421=ORIENTED_EDGE('',*,*,#797,.T.);
#422=ORIENTED_EDGE('',*,*,#860,.T.);
#423=ORIENTED_EDGE('',*,*,#812,.F.);
#424=ORIENTED_EDGE('',*,*,#907,.T.);
#425=ORIENTED_EDGE('',*,*,#861,.F.);
#426=ORIENTED_EDGE('',*,*,#795,.F.);
#427=ORIENTED_EDGE('',*,*,#908,.F.);
#428=ORIENTED_EDGE('',*,*,#816,.T.);
#429=ORIENTED_EDGE('',*,*,#854,.F.);
#430=ORIENTED_EDGE('',*,*,#792,.F.);
#431=ORIENTED_EDGE('',*,*,#846,.T.);
#432=ORIENTED_EDGE('',*,*,#909,.F.);
#433=ORIENTED_EDGE('',*,*,#910,.T.);
#434=ORIENTED_EDGE('',*,*,#847,.F.);
#435=ORIENTED_EDGE('',*,*,#790,.F.);
#436=ORIENTED_EDGE('',*,*,#911,.F.);
#437=ORIENTED_EDGE('',*,*,#912,.T.);
#438=ORIENTED_EDGE('',*,*,#837,.F.);
#439=ORIENTED_EDGE('',*,*,#784,.F.);
#440=ORIENTED_EDGE('',*,*,#821,.T.);
#441=ORIENTED_EDGE('',*,*,#737,.F.);
#442=ORIENTED_EDGE('',*,*,#913,.F.);
#443=ORIENTED_EDGE('',*,*,#914,.T.);
#444=ORIENTED_EDGE('',*,*,#900,.T.);
#445=ORIENTED_EDGE('',*,*,#901,.F.);
#446=ORIENTED_EDGE('',*,*,#914,.F.);
#447=ORIENTED_EDGE('',*,*,#915,.T.);
#448=ORIENTED_EDGE('',*,*,#916,.F.);
#449=ORIENTED_EDGE('',*,*,#834,.T.);
#450=ORIENTED_EDGE('',*,*,#838,.T.);
#451=ORIENTED_EDGE('',*,*,#912,.F.);
#452=ORIENTED_EDGE('',*,*,#820,.F.);
#453=ORIENTED_EDGE('',*,*,#843,.F.);
#454=ORIENTED_EDGE('',*,*,#848,.T.);
#455=ORIENTED_EDGE('',*,*,#910,.F.);
#456=ORIENTED_EDGE('',*,*,#917,.F.);
#457=ORIENTED_EDGE('',*,*,#844,.T.);
#458=ORIENTED_EDGE('',*,*,#917,.T.);
#459=ORIENTED_EDGE('',*,*,#909,.T.);
#460=ORIENTED_EDGE('',*,*,#918,.F.);
#461=ORIENTED_EDGE('',*,*,#919,.F.);
#462=ORIENTED_EDGE('',*,*,#826,.T.);
#463=ORIENTED_EDGE('',*,*,#698,.T.);
#464=ORIENTED_EDGE('',*,*,#841,.T.);
#465=ORIENTED_EDGE('',*,*,#845,.T.);
#466=ORIENTED_EDGE('',*,*,#919,.T.);
#467=ORIENTED_EDGE('',*,*,#920,.F.);
#468=ORIENTED_EDGE('',*,*,#789,.T.);
#469=ORIENTED_EDGE('',*,*,#827,.T.);
#470=ORIENTED_EDGE('',*,*,#920,.T.);
#471=ORIENTED_EDGE('',*,*,#918,.T.);
#472=ORIENTED_EDGE('',*,*,#911,.T.);
#473=ORIENTED_EDGE('',*,*,#921,.T.);
#474=ORIENTED_EDGE('',*,*,#908,.T.);
#475=ORIENTED_EDGE('',*,*,#794,.T.);
#476=ORIENTED_EDGE('',*,*,#853,.T.);
#477=ORIENTED_EDGE('',*,*,#921,.F.);
#478=ORIENTED_EDGE('',*,*,#852,.T.);
#479=ORIENTED_EDGE('',*,*,#856,.T.);
#480=ORIENTED_EDGE('',*,*,#858,.T.);
#481=ORIENTED_EDGE('',*,*,#862,.T.);
#482=ORIENTED_EDGE('',*,*,#907,.F.);
#483=ORIENTED_EDGE('',*,*,#808,.T.);
#484=ORIENTED_EDGE('',*,*,#866,.T.);
#485=ORIENTED_EDGE('',*,*,#811,.T.);
#486=ORIENTED_EDGE('',*,*,#864,.T.);
#487=ORIENTED_EDGE('',*,*,#922,.F.);
#488=ORIENTED_EDGE('',*,*,#804,.T.);
#489=ORIENTED_EDGE('',*,*,#923,.T.);
#490=ORIENTED_EDGE('',*,*,#750,.F.);
#491=ORIENTED_EDGE('',*,*,#924,.F.);
#492=ORIENTED_EDGE('',*,*,#925,.F.);
#493=ORIENTED_EDGE('',*,*,#752,.T.);
#494=ORIENTED_EDGE('',*,*,#926,.F.);
#495=ORIENTED_EDGE('',*,*,#802,.T.);
#496=ORIENTED_EDGE('',*,*,#927,.F.);
#497=ORIENTED_EDGE('',*,*,#803,.T.);
#498=ORIENTED_EDGE('',*,*,#926,.T.);
#499=ORIENTED_EDGE('',*,*,#751,.F.);
#500=ORIENTED_EDGE('',*,*,#923,.F.);
#501=ORIENTED_EDGE('',*,*,#902,.T.);
#502=ORIENTED_EDGE('',*,*,#916,.T.);
#503=ORIENTED_EDGE('',*,*,#928,.T.);
#504=ORIENTED_EDGE('',*,*,#929,.F.);
#505=ORIENTED_EDGE('',*,*,#929,.T.);
#506=ORIENTED_EDGE('',*,*,#930,.T.);
#507=ORIENTED_EDGE('',*,*,#905,.T.);
#508=ORIENTED_EDGE('',*,*,#903,.T.);
#509=ORIENTED_EDGE('',*,*,#749,.T.);
#510=ORIENTED_EDGE('',*,*,#875,.T.);
#511=ORIENTED_EDGE('',*,*,#805,.T.);
#512=ORIENTED_EDGE('',*,*,#924,.T.);
#513=ORIENTED_EDGE('',*,*,#715,.T.);
#514=ORIENTED_EDGE('',*,*,#931,.T.);
#515=ORIENTED_EDGE('',*,*,#828,.T.);
#516=ORIENTED_EDGE('',*,*,#780,.T.);
#517=ORIENTED_EDGE('',*,*,#830,.T.);
#518=ORIENTED_EDGE('',*,*,#932,.T.);
#519=ORIENTED_EDGE('',*,*,#718,.T.);
#520=ORIENTED_EDGE('',*,*,#773,.T.);
#521=ORIENTED_EDGE('',*,*,#801,.T.);
#522=ORIENTED_EDGE('',*,*,#867,.T.);
#523=ORIENTED_EDGE('',*,*,#753,.T.);
#524=ORIENTED_EDGE('',*,*,#927,.T.);
#525=ORIENTED_EDGE('',*,*,#933,.F.);
#526=ORIENTED_EDGE('',*,*,#934,.T.);
#527=ORIENTED_EDGE('',*,*,#726,.T.);
#528=ORIENTED_EDGE('',*,*,#935,.F.);
#529=ORIENTED_EDGE('',*,*,#936,.F.);
#530=ORIENTED_EDGE('',*,*,#937,.T.);
#531=ORIENTED_EDGE('',*,*,#742,.T.);
#532=ORIENTED_EDGE('',*,*,#722,.T.);
#533=ORIENTED_EDGE('',*,*,#727,.F.);
#534=ORIENTED_EDGE('',*,*,#711,.F.);
#535=ORIENTED_EDGE('',*,*,#779,.T.);
#536=ORIENTED_EDGE('',*,*,#938,.F.);
#537=ORIENTED_EDGE('',*,*,#741,.T.);
#538=ORIENTED_EDGE('',*,*,#939,.F.);
#539=ORIENTED_EDGE('',*,*,#935,.T.);
#540=ORIENTED_EDGE('',*,*,#725,.F.);
#541=ORIENTED_EDGE('',*,*,#934,.F.);
#542=ORIENTED_EDGE('',*,*,#940,.F.);
#543=ORIENTED_EDGE('',*,*,#735,.F.);
#544=ORIENTED_EDGE('',*,*,#723,.T.);
#545=ORIENTED_EDGE('',*,*,#775,.F.);
#546=ORIENTED_EDGE('',*,*,#874,.F.);
#547=ORIENTED_EDGE('',*,*,#941,.T.);
#548=ORIENTED_EDGE('',*,*,#942,.T.);
#549=ORIENTED_EDGE('',*,*,#778,.F.);
#550=ORIENTED_EDGE('',*,*,#943,.F.);
#551=ORIENTED_EDGE('',*,*,#944,.T.);
#552=ORIENTED_EDGE('',*,*,#938,.T.);
#553=ORIENTED_EDGE('',*,*,#777,.T.);
#554=ORIENTED_EDGE('',*,*,#945,.F.);
#555=ORIENTED_EDGE('',*,*,#946,.F.);
#556=ORIENTED_EDGE('',*,*,#943,.T.);
#557=ORIENTED_EDGE('',*,*,#776,.T.);
#558=ORIENTED_EDGE('',*,*,#942,.F.);
#559=ORIENTED_EDGE('',*,*,#947,.F.);
#560=ORIENTED_EDGE('',*,*,#945,.T.);
#561=ORIENTED_EDGE('',*,*,#941,.F.);
#562=ORIENTED_EDGE('',*,*,#873,.T.);
#563=ORIENTED_EDGE('',*,*,#906,.T.);
#564=ORIENTED_EDGE('',*,*,#930,.F.);
#565=ORIENTED_EDGE('',*,*,#928,.F.);
#566=ORIENTED_EDGE('',*,*,#915,.F.);
#567=ORIENTED_EDGE('',*,*,#913,.T.);
#568=ORIENTED_EDGE('',*,*,#736,.T.);
#569=ORIENTED_EDGE('',*,*,#940,.T.);
#570=ORIENTED_EDGE('',*,*,#933,.T.);
#571=ORIENTED_EDGE('',*,*,#944,.F.);
#572=ORIENTED_EDGE('',*,*,#946,.T.);
#573=ORIENTED_EDGE('',*,*,#947,.T.);
#574=ORIENTED_EDGE('',*,*,#747,.T.);
#575=ORIENTED_EDGE('',*,*,#948,.F.);
#576=ORIENTED_EDGE('',*,*,#949,.F.);
#577=ORIENTED_EDGE('',*,*,#868,.T.);
#578=ORIENTED_EDGE('',*,*,#746,.F.);
#579=ORIENTED_EDGE('',*,*,#950,.F.);
#580=ORIENTED_EDGE('',*,*,#951,.T.);
#581=ORIENTED_EDGE('',*,*,#948,.T.);
#582=ORIENTED_EDGE('',*,*,#745,.T.);
#583=ORIENTED_EDGE('',*,*,#952,.F.);
#584=ORIENTED_EDGE('',*,*,#953,.F.);
#585=ORIENTED_EDGE('',*,*,#950,.T.);
#586=ORIENTED_EDGE('',*,*,#744,.F.);
#587=ORIENTED_EDGE('',*,*,#954,.F.);
#588=ORIENTED_EDGE('',*,*,#955,.T.);
#589=ORIENTED_EDGE('',*,*,#952,.T.);
#590=ORIENTED_EDGE('',*,*,#743,.T.);
#591=ORIENTED_EDGE('',*,*,#937,.F.);
#592=ORIENTED_EDGE('',*,*,#956,.F.);
#593=ORIENTED_EDGE('',*,*,#954,.T.);
#594=ORIENTED_EDGE('',*,*,#888,.F.);
#595=ORIENTED_EDGE('',*,*,#885,.T.);
#596=ORIENTED_EDGE('',*,*,#882,.F.);
#597=ORIENTED_EDGE('',*,*,#879,.T.);
#598=ORIENTED_EDGE('',*,*,#876,.F.);
#599=ORIENTED_EDGE('',*,*,#869,.F.);
#600=ORIENTED_EDGE('',*,*,#949,.T.);
#601=ORIENTED_EDGE('',*,*,#951,.F.);
#602=ORIENTED_EDGE('',*,*,#953,.T.);
#603=ORIENTED_EDGE('',*,*,#955,.F.);
#604=ORIENTED_EDGE('',*,*,#956,.T.);
#605=ORIENTED_EDGE('',*,*,#936,.T.);
#606=ORIENTED_EDGE('',*,*,#939,.T.);
#607=ORIENTED_EDGE('',*,*,#740,.T.);
#608=ORIENTED_EDGE('',*,*,#922,.T.);
#609=ORIENTED_EDGE('',*,*,#925,.T.);
#610=ORIENTED_EDGE('',*,*,#957,.F.);
#611=ORIENTED_EDGE('',*,*,#894,.T.);
#612=ORIENTED_EDGE('',*,*,#710,.F.);
#613=ORIENTED_EDGE('',*,*,#957,.T.);
#614=ORIENTED_EDGE('',*,*,#958,.F.);
#615=ORIENTED_EDGE('',*,*,#897,.T.);
#616=ORIENTED_EDGE('',*,*,#708,.F.);
#617=ORIENTED_EDGE('',*,*,#958,.T.);
#618=ORIENTED_EDGE('',*,*,#959,.F.);
#619=ORIENTED_EDGE('',*,*,#898,.T.);
#620=ORIENTED_EDGE('',*,*,#706,.F.);
#621=ORIENTED_EDGE('',*,*,#959,.T.);
#622=ORIENTED_EDGE('',*,*,#960,.F.);
#623=ORIENTED_EDGE('',*,*,#899,.T.);
#624=ORIENTED_EDGE('',*,*,#704,.F.);
#625=ORIENTED_EDGE('',*,*,#960,.T.);
#626=ORIENTED_EDGE('',*,*,#961,.F.);
#627=ORIENTED_EDGE('',*,*,#895,.T.);
#628=ORIENTED_EDGE('',*,*,#702,.F.);
#629=ORIENTED_EDGE('',*,*,#961,.T.);
#630=ORIENTED_EDGE('',*,*,#962,.F.);
#631=ORIENTED_EDGE('',*,*,#896,.T.);
#632=ORIENTED_EDGE('',*,*,#700,.F.);
#633=ORIENTED_EDGE('',*,*,#962,.T.);
#634=ORIENTED_EDGE('',*,*,#963,.F.);
#635=ORIENTED_EDGE('',*,*,#893,.T.);
#636=ORIENTED_EDGE('',*,*,#963,.T.);
#637=ORIENTED_EDGE('',*,*,#964,.F.);
#638=ORIENTED_EDGE('',*,*,#892,.T.);
#639=ORIENTED_EDGE('',*,*,#964,.T.);
#640=ORIENTED_EDGE('',*,*,#965,.F.);
#641=ORIENTED_EDGE('',*,*,#891,.T.);
#642=ORIENTED_EDGE('',*,*,#965,.T.);
#643=ORIENTED_EDGE('',*,*,#966,.F.);
#644=ORIENTED_EDGE('',*,*,#890,.T.);
#645=ORIENTED_EDGE('',*,*,#966,.T.);
#646=ORIENTED_EDGE('',*,*,#714,.F.);
#647=ORIENTED_EDGE('',*,*,#967,.T.);
#648=ORIENTED_EDGE('',*,*,#733,.F.);
#649=ORIENTED_EDGE('',*,*,#968,.F.);
#650=ORIENTED_EDGE('',*,*,#968,.T.);
#651=ORIENTED_EDGE('',*,*,#732,.F.);
#652=ORIENTED_EDGE('',*,*,#969,.F.);
#653=ORIENTED_EDGE('',*,*,#931,.F.);
#654=ORIENTED_EDGE('',*,*,#969,.T.);
#655=ORIENTED_EDGE('',*,*,#731,.F.);
#656=ORIENTED_EDGE('',*,*,#970,.F.);
#657=ORIENTED_EDGE('',*,*,#829,.F.);
#658=ORIENTED_EDGE('',*,*,#970,.T.);
#659=ORIENTED_EDGE('',*,*,#730,.F.);
#660=ORIENTED_EDGE('',*,*,#971,.F.);
#661=ORIENTED_EDGE('',*,*,#932,.F.);
#662=ORIENTED_EDGE('',*,*,#729,.F.);
#663=ORIENTED_EDGE('',*,*,#972,.T.);
#664=ORIENTED_EDGE('',*,*,#719,.F.);
#665=ORIENTED_EDGE('',*,*,#971,.T.);
#666=ORIENTED_EDGE('',*,*,#728,.T.);
#667=ORIENTED_EDGE('',*,*,#720,.F.);
#668=ORIENTED_EDGE('',*,*,#972,.F.);
#669=ORIENTED_EDGE('',*,*,#713,.T.);
#670=ORIENTED_EDGE('',*,*,#734,.T.);
#671=ORIENTED_EDGE('',*,*,#967,.F.);
#672=ORIENTED_EDGE('',*,*,#782,.F.);
#673=ORIENTED_EDGE('',*,*,#832,.F.);
#674=ORIENTED_EDGE('',*,*,#973,.F.);
#675=ORIENTED_EDGE('',*,*,#822,.F.);
#676=ORIENTED_EDGE('',*,*,#831,.F.);
#677=ORIENTED_EDGE('',*,*,#771,.F.);
#678=ORIENTED_EDGE('',*,*,#823,.F.);
#679=ORIENTED_EDGE('',*,*,#973,.T.);
#680=ORIENTED_EDGE('',*,*,#696,.F.);
#681=ORIENTED_EDGE('',*,*,#825,.F.);
#682=ORIENTED_EDGE('',*,*,#787,.T.);
#683=ORIENTED_EDGE('',*,*,#974,.T.);
#684=ORIENTED_EDGE('',*,*,#975,.T.);
#685=ORIENTED_EDGE('',*,*,#766,.F.);
#686=ORIENTED_EDGE('',*,*,#839,.T.);
#687=ORIENTED_EDGE('',*,*,#976,.F.);
#688=ORIENTED_EDGE('',*,*,#974,.F.);
#689=ORIENTED_EDGE('',*,*,#786,.F.);
#690=ORIENTED_EDGE('',*,*,#836,.F.);
#691=ORIENTED_EDGE('',*,*,#975,.F.);
#692=ORIENTED_EDGE('',*,*,#976,.T.);
#693=ORIENTED_EDGE('',*,*,#835,.F.);
#694=ORIENTED_EDGE('',*,*,#767,.F.);
#695=EDGE_CURVE('',#977,#978,#1175,.T.);
#696=EDGE_CURVE('',#977,#979,#1176,.T.);
#697=EDGE_CURVE('',#980,#979,#1177,.T.);
#698=EDGE_CURVE('',#978,#980,#1178,.F.);
#699=EDGE_CURVE('',#981,#981,#23,.T.);
#700=EDGE_CURVE('',#982,#982,#24,.F.);
#701=EDGE_CURVE('',#983,#983,#25,.T.);
#702=EDGE_CURVE('',#984,#984,#26,.F.);
#703=EDGE_CURVE('',#985,#985,#27,.T.);
#704=EDGE_CURVE('',#986,#986,#28,.F.);
#705=EDGE_CURVE('',#987,#987,#29,.T.);
#706=EDGE_CURVE('',#988,#988,#30,.F.);
#707=EDGE_CURVE('',#989,#989,#31,.T.);
#708=EDGE_CURVE('',#990,#990,#32,.F.);
#709=EDGE_CURVE('',#991,#991,#33,.T.);
#710=EDGE_CURVE('',#992,#992,#34,.F.);
#711=EDGE_CURVE('',#993,#994,#1179,.T.);
#712=EDGE_CURVE('',#995,#994,#1180,.T.);
#713=EDGE_CURVE('',#996,#995,#1181,.T.);
#714=EDGE_CURVE('',#996,#997,#1182,.T.);
#715=EDGE_CURVE('',#998,#997,#1183,.T.);
#716=EDGE_CURVE('',#993,#998,#1184,.T.);
#717=EDGE_CURVE('',#999,#1000,#1185,.T.);
#718=EDGE_CURVE('',#1001,#1000,#1186,.F.);
#719=EDGE_CURVE('',#1001,#1002,#1187,.F.);
#720=EDGE_CURVE('',#1002,#1003,#1188,.T.);
#721=EDGE_CURVE('',#1003,#1004,#1189,.T.);
#722=EDGE_CURVE('',#999,#1004,#1190,.T.);
#723=EDGE_CURVE('',#1005,#1006,#1191,.T.);
#724=EDGE_CURVE('',#1005,#1007,#1192,.T.);
#725=EDGE_CURVE('',#1007,#1008,#1193,.T.);
#726=EDGE_CURVE('',#1006,#1008,#1194,.T.);
#727=EDGE_CURVE('',#994,#1004,#1195,.T.);
#728=EDGE_CURVE('',#1009,#1003,#1196,.T.);
#729=EDGE_CURVE('',#1009,#1010,#1197,.T.);
#730=EDGE_CURVE('',#1010,#1011,#35,.T.);
#731=EDGE_CURVE('',#1011,#1012,#1198,.F.);
#732=EDGE_CURVE('',#1012,#1013,#36,.T.);
#733=EDGE_CURVE('',#1013,#1014,#1199,.F.);
#734=EDGE_CURVE('',#995,#1014,#1200,.T.);
#735=EDGE_CURVE('',#1005,#1015,#1201,.T.);
#736=EDGE_CURVE('',#1016,#1015,#1202,.T.);
#737=EDGE_CURVE('',#1016,#1017,#1203,.T.);
#738=EDGE_CURVE('',#1017,#1018,#1204,.T.);
#739=EDGE_CURVE('',#1019,#1018,#1205,.T.);
#740=EDGE_CURVE('',#1020,#1019,#1206,.T.);
#741=EDGE_CURVE('',#1007,#1020,#1207,.T.);
#742=EDGE_CURVE('',#1021,#999,#1208,.T.);
#743=EDGE_CURVE('',#1022,#1021,#1209,.T.);
#744=EDGE_CURVE('',#1022,#1023,#1210,.T.);
#745=EDGE_CURVE('',#1024,#1023,#1211,.T.);
#746=EDGE_CURVE('',#1024,#1025,#1212,.T.);
#747=EDGE_CURVE('',#1026,#1025,#1213,.T.);
#748=EDGE_CURVE('',#1027,#1026,#1214,.T.);
#749=EDGE_CURVE('',#1028,#1027,#37,.F.);
#750=EDGE_CURVE('',#1028,#1029,#1215,.T.);
#751=EDGE_CURVE('',#1029,#1030,#1216,.T.);
#752=EDGE_CURVE('',#1031,#1030,#1217,.T.);
#753=EDGE_CURVE('',#1032,#1031,#38,.T.);
#754=EDGE_CURVE('',#1033,#1032,#1218,.T.);
#755=EDGE_CURVE('',#1033,#1034,#1219,.T.);
#756=EDGE_CURVE('',#1034,#1035,#1220,.T.);
#757=EDGE_CURVE('',#1035,#1036,#1221,.T.);
#758=EDGE_CURVE('',#1037,#1036,#1222,.T.);
#759=EDGE_CURVE('',#1038,#1037,#1223,.T.);
#760=EDGE_CURVE('',#1039,#1038,#1224,.T.);
#761=EDGE_CURVE('',#1039,#1040,#1225,.T.);
#762=EDGE_CURVE('',#1041,#1040,#1226,.T.);
#763=EDGE_CURVE('',#1041,#1042,#1227,.T.);
#764=EDGE_CURVE('',#1042,#1043,#1228,.T.);
#765=EDGE_CURVE('',#1043,#1044,#1229,.T.);
#766=EDGE_CURVE('',#1044,#1045,#1230,.T.);
#767=EDGE_CURVE('',#1045,#1046,#1231,.F.);
#768=EDGE_CURVE('',#1047,#1046,#1232,.T.);
#769=EDGE_CURVE('',#1048,#1047,#1233,.T.);
#770=EDGE_CURVE('',#1049,#1048,#1234,.T.);
#771=EDGE_CURVE('',#1049,#1050,#1235,.F.);
#772=EDGE_CURVE('',#1051,#1050,#1236,.T.);
#773=EDGE_CURVE('',#1000,#1051,#39,.F.);
#774=EDGE_CURVE('',#1052,#1053,#1237,.T.);
#775=EDGE_CURVE('',#1053,#1054,#1238,.T.);
#776=EDGE_CURVE('',#1055,#1054,#40,.T.);
#777=EDGE_CURVE('',#1056,#1055,#1239,.T.);
#778=EDGE_CURVE('',#1056,#1057,#1240,.T.);
#779=EDGE_CURVE('',#993,#1057,#1241,.T.);
#780=EDGE_CURVE('',#1058,#998,#41,.F.);
#781=EDGE_CURVE('',#1058,#1059,#1242,.T.);
#782=EDGE_CURVE('',#1059,#1060,#1243,.T.);
#783=EDGE_CURVE('',#1060,#1061,#1244,.T.);
#784=EDGE_CURVE('',#1061,#1062,#1245,.T.);
#785=EDGE_CURVE('',#1063,#1062,#1246,.T.);
#786=EDGE_CURVE('',#1063,#1064,#1247,.T.);
#787=EDGE_CURVE('',#1065,#1064,#1248,.F.);
#788=EDGE_CURVE('',#1066,#1065,#1249,.T.);
#789=EDGE_CURVE('',#1067,#1066,#42,.T.);
#790=EDGE_CURVE('',#1067,#1068,#1250,.T.);
#791=EDGE_CURVE('',#1069,#1068,#1251,.T.);
#792=EDGE_CURVE('',#1069,#1070,#1252,.T.);
#793=EDGE_CURVE('',#1071,#1070,#1253,.T.);
#794=EDGE_CURVE('',#1072,#1071,#43,.T.);
#795=EDGE_CURVE('',#1072,#1073,#1254,.T.);
#796=EDGE_CURVE('',#1074,#1073,#1255,.T.);
#797=EDGE_CURVE('',#1075,#1074,#1256,.T.);
#798=EDGE_CURVE('',#1076,#1075,#1257,.T.);
#799=EDGE_CURVE('',#1076,#1077,#1258,.T.);
#800=EDGE_CURVE('',#1077,#1078,#1259,.T.);
#801=EDGE_CURVE('',#1079,#1078,#44,.T.);
#802=EDGE_CURVE('',#1080,#1079,#1260,.T.);
#803=EDGE_CURVE('',#1081,#1080,#1261,.T.);
#804=EDGE_CURVE('',#1082,#1081,#1262,.T.);
#805=EDGE_CURVE('',#1052,#1082,#45,.F.);
#806=EDGE_CURVE('',#1034,#1083,#1263,.T.);
#807=EDGE_CURVE('',#1033,#1084,#1264,.T.);
#808=EDGE_CURVE('',#1083,#1084,#1265,.T.);
#809=EDGE_CURVE('',#1077,#1085,#1266,.T.);
#810=EDGE_CURVE('',#1076,#1086,#1267,.T.);
#811=EDGE_CURVE('',#1085,#1086,#1268,.T.);
#812=EDGE_CURVE('',#1087,#1088,#1269,.T.);
#813=EDGE_CURVE('',#1088,#1089,#1270,.T.);
#814=EDGE_CURVE('',#1090,#1089,#1271,.T.);
#815=EDGE_CURVE('',#1087,#1090,#1272,.T.);
#816=EDGE_CURVE('',#1091,#1092,#1273,.T.);
#817=EDGE_CURVE('',#1093,#1091,#1274,.T.);
#818=EDGE_CURVE('',#1093,#1094,#1275,.T.);
#819=EDGE_CURVE('',#1092,#1094,#1276,.T.);
#820=EDGE_CURVE('',#1095,#1096,#1277,.T.);
#821=EDGE_CURVE('',#1061,#1096,#1278,.T.);
#822=EDGE_CURVE('',#1060,#1097,#46,.T.);
#823=EDGE_CURVE('',#1097,#1049,#47,.T.);
#824=EDGE_CURVE('',#1048,#1095,#1279,.T.);
#825=EDGE_CURVE('',#1065,#977,#1280,.T.);
#826=EDGE_CURVE('',#1098,#978,#48,.T.);
#827=EDGE_CURVE('',#1066,#1098,#1281,.T.);
#828=EDGE_CURVE('',#1099,#1058,#1282,.F.);
#829=EDGE_CURVE('',#1099,#1100,#1283,.T.);
#830=EDGE_CURVE('',#1051,#1100,#1284,.T.);
#831=EDGE_CURVE('',#1050,#1101,#49,.T.);
#832=EDGE_CURVE('',#1101,#1059,#50,.T.);
#833=EDGE_CURVE('',#1047,#1102,#1285,.T.);
#834=EDGE_CURVE('',#1095,#1102,#1286,.T.);
#835=EDGE_CURVE('',#1046,#1103,#51,.T.);
#836=EDGE_CURVE('',#1103,#1063,#52,.T.);
#837=EDGE_CURVE('',#1062,#1104,#1287,.T.);
#838=EDGE_CURVE('',#1102,#1104,#1288,.T.);
#839=EDGE_CURVE('',#1044,#979,#1289,.T.);
#840=EDGE_CURVE('',#1043,#1105,#1290,.T.);
#841=EDGE_CURVE('',#980,#1105,#53,.F.);
#842=EDGE_CURVE('',#1042,#1106,#1291,.T.);
#843=EDGE_CURVE('',#1106,#1107,#1292,.T.);
#844=EDGE_CURVE('',#1108,#1107,#20,.T.);
#845=EDGE_CURVE('',#1105,#1108,#21,.F.);
#846=EDGE_CURVE('',#1069,#1091,#1293,.T.);
#847=EDGE_CURVE('',#1068,#1109,#1294,.T.);
#848=EDGE_CURVE('',#1106,#1109,#1295,.T.);
#849=EDGE_CURVE('',#1041,#1093,#1296,.T.);
#850=EDGE_CURVE('',#1040,#1094,#1297,.T.);
#851=EDGE_CURVE('',#1039,#1110,#1298,.T.);
#852=EDGE_CURVE('',#1111,#1110,#1299,.T.);
#853=EDGE_CURVE('',#1071,#1111,#1300,.T.);
#854=EDGE_CURVE('',#1070,#1092,#1301,.T.);
#855=EDGE_CURVE('',#1038,#1112,#1302,.T.);
#856=EDGE_CURVE('',#1110,#1112,#1303,.T.);
#857=EDGE_CURVE('',#1037,#1113,#1304,.T.);
#858=EDGE_CURVE('',#1112,#1113,#1305,.T.);
#859=EDGE_CURVE('',#1036,#1089,#1306,.T.);
#860=EDGE_CURVE('',#1074,#1088,#1307,.T.);
#861=EDGE_CURVE('',#1073,#1114,#1308,.T.);
#862=EDGE_CURVE('',#1113,#1114,#1309,.T.);
#863=EDGE_CURVE('',#1035,#1090,#1310,.T.);
#864=EDGE_CURVE('',#1086,#1083,#1311,.T.);
#865=EDGE_CURVE('',#1075,#1087,#1312,.T.);
#866=EDGE_CURVE('',#1084,#1085,#1313,.T.);
#867=EDGE_CURVE('',#1078,#1032,#54,.T.);
#868=EDGE_CURVE('',#1115,#1026,#1314,.T.);
#869=EDGE_CURVE('',#1115,#1116,#1315,.T.);
#870=EDGE_CURVE('',#1116,#1117,#1316,.T.);
#871=EDGE_CURVE('',#1118,#1117,#1317,.T.);
#872=EDGE_CURVE('',#1119,#1118,#1318,.T.);
#873=EDGE_CURVE('',#1120,#1119,#1319,.T.);
#874=EDGE_CURVE('',#1120,#1053,#1320,.T.);
#875=EDGE_CURVE('',#1027,#1052,#55,.T.);
#876=EDGE_CURVE('',#1116,#1121,#1321,.T.);
#877=EDGE_CURVE('',#1121,#1122,#1322,.T.);
#878=EDGE_CURVE('',#1117,#1122,#1323,.T.);
#879=EDGE_CURVE('',#1123,#1121,#1324,.T.);
#880=EDGE_CURVE('',#1123,#1124,#1325,.T.);
#881=EDGE_CURVE('',#1124,#1122,#1326,.T.);
#882=EDGE_CURVE('',#1123,#1125,#1327,.T.);
#883=EDGE_CURVE('',#1125,#1126,#1328,.T.);
#884=EDGE_CURVE('',#1124,#1126,#1329,.T.);
#885=EDGE_CURVE('',#1127,#1125,#1330,.T.);
#886=EDGE_CURVE('',#1127,#1128,#1331,.T.);
#887=EDGE_CURVE('',#1128,#1126,#1332,.T.);
#888=EDGE_CURVE('',#1127,#1019,#1333,.T.);
#889=EDGE_CURVE('',#1128,#1018,#1334,.T.);
#890=EDGE_CURVE('',#1129,#1129,#56,.T.);
#891=EDGE_CURVE('',#1130,#1130,#57,.T.);
#892=EDGE_CURVE('',#1131,#1131,#58,.T.);
#893=EDGE_CURVE('',#1132,#1132,#59,.T.);
#894=EDGE_CURVE('',#1133,#1133,#60,.T.);
#895=EDGE_CURVE('',#1134,#1134,#61,.T.);
#896=EDGE_CURVE('',#1135,#1135,#62,.T.);
#897=EDGE_CURVE('',#1136,#1136,#63,.T.);
#898=EDGE_CURVE('',#1137,#1137,#64,.T.);
#899=EDGE_CURVE('',#1138,#1138,#65,.T.);
#900=EDGE_CURVE('',#1139,#1017,#1335,.T.);
#901=EDGE_CURVE('',#1139,#1140,#1336,.T.);
#902=EDGE_CURVE('',#1141,#1140,#66,.T.);
#903=EDGE_CURVE('',#1142,#1141,#67,.F.);
#904=EDGE_CURVE('',#1118,#1142,#1337,.T.);
#905=EDGE_CURVE('',#1143,#1142,#1338,.F.);
#906=EDGE_CURVE('',#1119,#1143,#1339,.T.);
#907=EDGE_CURVE('',#1144,#1114,#1340,.T.);
#908=EDGE_CURVE('',#1144,#1072,#1341,.F.);
#909=EDGE_CURVE('',#1145,#1146,#22,.T.);
#910=EDGE_CURVE('',#1145,#1109,#1342,.T.);
#911=EDGE_CURVE('',#1146,#1067,#1343,.F.);
#912=EDGE_CURVE('',#1096,#1104,#1344,.T.);
#913=EDGE_CURVE('',#1147,#1016,#1345,.T.);
#914=EDGE_CURVE('',#1147,#1139,#1346,.T.);
#915=EDGE_CURVE('',#1147,#1148,#1347,.T.);
#916=EDGE_CURVE('',#1140,#1148,#1348,.F.);
#917=EDGE_CURVE('',#1107,#1145,#1349,.F.);
#918=EDGE_CURVE('',#1149,#1146,#16,.T.);
#919=EDGE_CURVE('',#1108,#1149,#1350,.F.);
#920=EDGE_CURVE('',#1098,#1149,#17,.T.);
#921=EDGE_CURVE('',#1111,#1144,#68,.F.);
#922=EDGE_CURVE('',#1150,#1150,#18,.T.);
#923=EDGE_CURVE('',#1081,#1029,#69,.T.);
#924=EDGE_CURVE('',#1082,#1028,#70,.F.);
#925=EDGE_CURVE('',#1151,#1151,#19,.T.);
#926=EDGE_CURVE('',#1080,#1030,#71,.T.);
#927=EDGE_CURVE('',#1031,#1079,#72,.F.);
#928=EDGE_CURVE('',#1148,#1152,#73,.F.);
#929=EDGE_CURVE('',#1141,#1152,#1351,.F.);
#930=EDGE_CURVE('',#1152,#1143,#74,.T.);
#931=EDGE_CURVE('',#997,#1099,#75,.F.);
#932=EDGE_CURVE('',#1100,#1001,#76,.F.);
#933=EDGE_CURVE('',#1153,#1154,#1352,.T.);
#934=EDGE_CURVE('',#1153,#1006,#1353,.T.);
#935=EDGE_CURVE('',#1155,#1008,#1354,.T.);
#936=EDGE_CURVE('',#1156,#1155,#1355,.T.);
#937=EDGE_CURVE('',#1156,#1021,#1356,.T.);
#938=EDGE_CURVE('',#1154,#1057,#1357,.T.);
#939=EDGE_CURVE('',#1155,#1020,#1358,.T.);
#940=EDGE_CURVE('',#1015,#1153,#1359,.T.);
#941=EDGE_CURVE('',#1120,#1157,#1360,.T.);
#942=EDGE_CURVE('',#1157,#1054,#1361,.T.);
#943=EDGE_CURVE('',#1158,#1056,#1362,.T.);
#944=EDGE_CURVE('',#1158,#1154,#1363,.T.);
#945=EDGE_CURVE('',#1159,#1055,#1364,.T.);
#946=EDGE_CURVE('',#1158,#1159,#1365,.T.);
#947=EDGE_CURVE('',#1159,#1157,#77,.T.);
#948=EDGE_CURVE('',#1160,#1025,#1366,.T.);
#949=EDGE_CURVE('',#1115,#1160,#1367,.T.);
#950=EDGE_CURVE('',#1161,#1024,#1368,.T.);
#951=EDGE_CURVE('',#1161,#1160,#1369,.T.);
#952=EDGE_CURVE('',#1162,#1023,#1370,.T.);
#953=EDGE_CURVE('',#1161,#1162,#1371,.T.);
#954=EDGE_CURVE('',#1163,#1022,#1372,.T.);
#955=EDGE_CURVE('',#1163,#1162,#1373,.T.);
#956=EDGE_CURVE('',#1163,#1156,#1374,.T.);
#957=EDGE_CURVE('',#1164,#1164,#78,.T.);
#958=EDGE_CURVE('',#1165,#1165,#79,.T.);
#959=EDGE_CURVE('',#1166,#1166,#80,.T.);
#960=EDGE_CURVE('',#1167,#1167,#81,.T.);
#961=EDGE_CURVE('',#1168,#1168,#82,.T.);
#962=EDGE_CURVE('',#1169,#1169,#83,.T.);
#963=EDGE_CURVE('',#1170,#1170,#84,.T.);
#964=EDGE_CURVE('',#1171,#1171,#85,.T.);
#965=EDGE_CURVE('',#1172,#1172,#86,.T.);
#966=EDGE_CURVE('',#1173,#1173,#87,.T.);
#967=EDGE_CURVE('',#996,#1014,#88,.F.);
#968=EDGE_CURVE('',#997,#1013,#89,.T.);
#969=EDGE_CURVE('',#1099,#1012,#90,.T.);
#970=EDGE_CURVE('',#1100,#1011,#91,.T.);
#971=EDGE_CURVE('',#1001,#1010,#92,.T.);
#972=EDGE_CURVE('',#1009,#1002,#93,.F.);
#973=EDGE_CURVE('',#1097,#1101,#1375,.F.);
#974=EDGE_CURVE('',#1064,#1174,#94,.F.);
#975=EDGE_CURVE('',#1174,#1045,#95,.F.);
#976=EDGE_CURVE('',#1174,#1103,#1376,.F.);
#977=VERTEX_POINT('',#2861);
#978=VERTEX_POINT('',#2862);
#979=VERTEX_POINT('',#2864);
#980=VERTEX_POINT('',#2866);
#981=VERTEX_POINT('',#2870);
#982=VERTEX_POINT('',#2872);
#983=VERTEX_POINT('',#2875);
#984=VERTEX_POINT('',#2877);
#985=VERTEX_POINT('',#2880);
#986=VERTEX_POINT('',#2882);
#987=VERTEX_POINT('',#2885);
#988=VERTEX_POINT('',#2887);
#989=VERTEX_POINT('',#2890);
#990=VERTEX_POINT('',#2892);
#991=VERTEX_POINT('',#2895);
#992=VERTEX_POINT('',#2897);
#993=VERTEX_POINT('',#2900);
#994=VERTEX_POINT('',#2901);
#995=VERTEX_POINT('',#2903);
#996=VERTEX_POINT('',#2905);
#997=VERTEX_POINT('',#2907);
#998=VERTEX_POINT('',#2909);
#999=VERTEX_POINT('',#2913);
#1000=VERTEX_POINT('',#2914);
#1001=VERTEX_POINT('',#2916);
#1002=VERTEX_POINT('',#2918);
#1003=VERTEX_POINT('',#2920);
#1004=VERTEX_POINT('',#2922);
#1005=VERTEX_POINT('',#2926);
#1006=VERTEX_POINT('',#2927);
#1007=VERTEX_POINT('',#2929);
#1008=VERTEX_POINT('',#2931);
#1009=VERTEX_POINT('',#2936);
#1010=VERTEX_POINT('',#2938);
#1011=VERTEX_POINT('',#2940);
#1012=VERTEX_POINT('',#2942);
#1013=VERTEX_POINT('',#2944);
#1014=VERTEX_POINT('',#2946);
#1015=VERTEX_POINT('',#2950);
#1016=VERTEX_POINT('',#2952);
#1017=VERTEX_POINT('',#2954);
#1018=VERTEX_POINT('',#2956);
#1019=VERTEX_POINT('',#2958);
#1020=VERTEX_POINT('',#2960);
#1021=VERTEX_POINT('',#2964);
#1022=VERTEX_POINT('',#2966);
#1023=VERTEX_POINT('',#2968);
#1024=VERTEX_POINT('',#2970);
#1025=VERTEX_POINT('',#2972);
#1026=VERTEX_POINT('',#2974);
#1027=VERTEX_POINT('',#2976);
#1028=VERTEX_POINT('',#2978);
#1029=VERTEX_POINT('',#2980);
#1030=VERTEX_POINT('',#2982);
#1031=VERTEX_POINT('',#2984);
#1032=VERTEX_POINT('',#2986);
#1033=VERTEX_POINT('',#2988);
#1034=VERTEX_POINT('',#2990);
#1035=VERTEX_POINT('',#2992);
#1036=VERTEX_POINT('',#2994);
#1037=VERTEX_POINT('',#2996);
#1038=VERTEX_POINT('',#2998);
#1039=VERTEX_POINT('',#3000);
#1040=VERTEX_POINT('',#3002);
#1041=VERTEX_POINT('',#3004);
#1042=VERTEX_POINT('',#3006);
#1043=VERTEX_POINT('',#3008);
#1044=VERTEX_POINT('',#3010);
#1045=VERTEX_POINT('',#3012);
#1046=VERTEX_POINT('',#3014);
#1047=VERTEX_POINT('',#3016);
#1048=VERTEX_POINT('',#3018);
#1049=VERTEX_POINT('',#3020);
#1050=VERTEX_POINT('',#3022);
#1051=VERTEX_POINT('',#3024);
#1052=VERTEX_POINT('',#3028);
#1053=VERTEX_POINT('',#3029);
#1054=VERTEX_POINT('',#3031);
#1055=VERTEX_POINT('',#3033);
#1056=VERTEX_POINT('',#3035);
#1057=VERTEX_POINT('',#3037);
#1058=VERTEX_POINT('',#3040);
#1059=VERTEX_POINT('',#3042);
#1060=VERTEX_POINT('',#3044);
#1061=VERTEX_POINT('',#3046);
#1062=VERTEX_POINT('',#3048);
#1063=VERTEX_POINT('',#3050);
#1064=VERTEX_POINT('',#3052);
#1065=VERTEX_POINT('',#3054);
#1066=VERTEX_POINT('',#3056);
#1067=VERTEX_POINT('',#3058);
#1068=VERTEX_POINT('',#3060);
#1069=VERTEX_POINT('',#3062);
#1070=VERTEX_POINT('',#3064);
#1071=VERTEX_POINT('',#3066);
#1072=VERTEX_POINT('',#3068);
#1073=VERTEX_POINT('',#3070);
#1074=VERTEX_POINT('',#3072);
#1075=VERTEX_POINT('',#3074);
#1076=VERTEX_POINT('',#3076);
#1077=VERTEX_POINT('',#3078);
#1078=VERTEX_POINT('',#3080);
#1079=VERTEX_POINT('',#3082);
#1080=VERTEX_POINT('',#3084);
#1081=VERTEX_POINT('',#3086);
#1082=VERTEX_POINT('',#3088);
#1083=VERTEX_POINT('',#3092);
#1084=VERTEX_POINT('',#3094);
#1085=VERTEX_POINT('',#3098);
#1086=VERTEX_POINT('',#3100);
#1087=VERTEX_POINT('',#3104);
#1088=VERTEX_POINT('',#3105);
#1089=VERTEX_POINT('',#3107);
#1090=VERTEX_POINT('',#3109);
#1091=VERTEX_POINT('',#3113);
#1092=VERTEX_POINT('',#3114);
#1093=VERTEX_POINT('',#3116);
#1094=VERTEX_POINT('',#3118);
#1095=VERTEX_POINT('',#3122);
#1096=VERTEX_POINT('',#3123);
#1097=VERTEX_POINT('',#3126);
#1098=VERTEX_POINT('',#3132);
#1099=VERTEX_POINT('',#3136);
#1100=VERTEX_POINT('',#3138);
#1101=VERTEX_POINT('',#3141);
#1102=VERTEX_POINT('',#3145);
#1103=VERTEX_POINT('',#3149);
#1104=VERTEX_POINT('',#3152);
#1105=VERTEX_POINT('',#3157);
#1106=VERTEX_POINT('',#3161);
#1107=VERTEX_POINT('',#3163);
#1108=VERTEX_POINT('',#3165);
#1109=VERTEX_POINT('',#3170);
#1110=VERTEX_POINT('',#3177);
#1111=VERTEX_POINT('',#3179);
#1112=VERTEX_POINT('',#3184);
#1113=VERTEX_POINT('',#3188);
#1114=VERTEX_POINT('',#3194);
#1115=VERTEX_POINT('',#3206);
#1116=VERTEX_POINT('',#3208);
#1117=VERTEX_POINT('',#3210);
#1118=VERTEX_POINT('',#3212);
#1119=VERTEX_POINT('',#3214);
#1120=VERTEX_POINT('',#3216);
#1121=VERTEX_POINT('',#3221);
#1122=VERTEX_POINT('',#3223);
#1123=VERTEX_POINT('',#3227);
#1124=VERTEX_POINT('',#3229);
#1125=VERTEX_POINT('',#3233);
#1126=VERTEX_POINT('',#3235);
#1127=VERTEX_POINT('',#3239);
#1128=VERTEX_POINT('',#3241);
#1129=VERTEX_POINT('',#3248);
#1130=VERTEX_POINT('',#3250);
#1131=VERTEX_POINT('',#3252);
#1132=VERTEX_POINT('',#3254);
#1133=VERTEX_POINT('',#3256);
#1134=VERTEX_POINT('',#3258);
#1135=VERTEX_POINT('',#3260);
#1136=VERTEX_POINT('',#3262);
#1137=VERTEX_POINT('',#3264);
#1138=VERTEX_POINT('',#3266);
#1139=VERTEX_POINT('',#3268);
#1140=VERTEX_POINT('',#3270);
#1141=VERTEX_POINT('',#3272);
#1142=VERTEX_POINT('',#3274);
#1143=VERTEX_POINT('',#3278);
#1144=VERTEX_POINT('',#3283);
#1145=VERTEX_POINT('',#3288);
#1146=VERTEX_POINT('',#3289);
#1147=VERTEX_POINT('',#3296);
#1148=VERTEX_POINT('',#3300);
#1149=VERTEX_POINT('',#3310);
#1150=VERTEX_POINT('',#3334);
#1151=VERTEX_POINT('',#3349);
#1152=VERTEX_POINT('',#3355);
#1153=VERTEX_POINT('',#3367);
#1154=VERTEX_POINT('',#3368);
#1155=VERTEX_POINT('',#3371);
#1156=VERTEX_POINT('',#3373);
#1157=VERTEX_POINT('',#3382);
#1158=VERTEX_POINT('',#3386);
#1159=VERTEX_POINT('',#3390);
#1160=VERTEX_POINT('',#3397);
#1161=VERTEX_POINT('',#3401);
#1162=VERTEX_POINT('',#3405);
#1163=VERTEX_POINT('',#3409);
#1164=VERTEX_POINT('',#3417);
#1165=VERTEX_POINT('',#3421);
#1166=VERTEX_POINT('',#3425);
#1167=VERTEX_POINT('',#3429);
#1168=VERTEX_POINT('',#3433);
#1169=VERTEX_POINT('',#3437);
#1170=VERTEX_POINT('',#3441);
#1171=VERTEX_POINT('',#3445);
#1172=VERTEX_POINT('',#3449);
#1173=VERTEX_POINT('',#3453);
#1174=VERTEX_POINT('',#3473);
#1175=LINE('',#2860,#1377);
#1176=LINE('',#2863,#1378);
#1177=LINE('',#2865,#1379);
#1178=LINE('',#2867,#1380);
#1179=LINE('',#2899,#1381);
#1180=LINE('',#2902,#1382);
#1181=LINE('',#2904,#1383);
#1182=LINE('',#2906,#1384);
#1183=LINE('',#2908,#1385);
#1184=LINE('',#2910,#1386);
#1185=LINE('',#2912,#1387);
#1186=LINE('',#2915,#1388);
#1187=LINE('',#2917,#1389);
#1188=LINE('',#2919,#1390);
#1189=LINE('',#2921,#1391);
#1190=LINE('',#2923,#1392);
#1191=LINE('',#2925,#1393);
#1192=LINE('',#2928,#1394);
#1193=LINE('',#2930,#1395);
#1194=LINE('',#2932,#1396);
#1195=LINE('',#2934,#1397);
#1196=LINE('',#2935,#1398);
#1197=LINE('',#2937,#1399);
#1198=LINE('',#2941,#1400);
#1199=LINE('',#2945,#1401);
#1200=LINE('',#2947,#1402);
#1201=LINE('',#2949,#1403);
#1202=LINE('',#2951,#1404);
#1203=LINE('',#2953,#1405);
#1204=LINE('',#2955,#1406);
#1205=LINE('',#2957,#1407);
#1206=LINE('',#2959,#1408);
#1207=LINE('',#2961,#1409);
#1208=LINE('',#2963,#1410);
#1209=LINE('',#2965,#1411);
#1210=LINE('',#2967,#1412);
#1211=LINE('',#2969,#1413);
#1212=LINE('',#2971,#1414);
#1213=LINE('',#2973,#1415);
#1214=LINE('',#2975,#1416);
#1215=LINE('',#2979,#1417);
#1216=LINE('',#2981,#1418);
#1217=LINE('',#2983,#1419);
#1218=LINE('',#2987,#1420);
#1219=LINE('',#2989,#1421);
#1220=LINE('',#2991,#1422);
#1221=LINE('',#2993,#1423);
#1222=LINE('',#2995,#1424);
#1223=LINE('',#2997,#1425);
#1224=LINE('',#2999,#1426);
#1225=LINE('',#3001,#1427);
#1226=LINE('',#3003,#1428);
#1227=LINE('',#3005,#1429);
#1228=LINE('',#3007,#1430);
#1229=LINE('',#3009,#1431);
#1230=LINE('',#3011,#1432);
#1231=LINE('',#3013,#1433);
#1232=LINE('',#3015,#1434);
#1233=LINE('',#3017,#1435);
#1234=LINE('',#3019,#1436);
#1235=LINE('',#3021,#1437);
#1236=LINE('',#3023,#1438);
#1237=LINE('',#3027,#1439);
#1238=LINE('',#3030,#1440);
#1239=LINE('',#3034,#1441);
#1240=LINE('',#3036,#1442);
#1241=LINE('',#3038,#1443);
#1242=LINE('',#3041,#1444);
#1243=LINE('',#3043,#1445);
#1244=LINE('',#3045,#1446);
#1245=LINE('',#3047,#1447);
#1246=LINE('',#3049,#1448);
#1247=LINE('',#3051,#1449);
#1248=LINE('',#3053,#1450);
#1249=LINE('',#3055,#1451);
#1250=LINE('',#3059,#1452);
#1251=LINE('',#3061,#1453);
#1252=LINE('',#3063,#1454);
#1253=LINE('',#3065,#1455);
#1254=LINE('',#3069,#1456);
#1255=LINE('',#3071,#1457);
#1256=LINE('',#3073,#1458);
#1257=LINE('',#3075,#1459);
#1258=LINE('',#3077,#1460);
#1259=LINE('',#3079,#1461);
#1260=LINE('',#3083,#1462);
#1261=LINE('',#3085,#1463);
#1262=LINE('',#3087,#1464);
#1263=LINE('',#3091,#1465);
#1264=LINE('',#3093,#1466);
#1265=LINE('',#3095,#1467);
#1266=LINE('',#3097,#1468);
#1267=LINE('',#3099,#1469);
#1268=LINE('',#3101,#1470);
#1269=LINE('',#3103,#1471);
#1270=LINE('',#3106,#1472);
#1271=LINE('',#3108,#1473);
#1272=LINE('',#3110,#1474);
#1273=LINE('',#3112,#1475);
#1274=LINE('',#3115,#1476);
#1275=LINE('',#3117,#1477);
#1276=LINE('',#3119,#1478);
#1277=LINE('',#3121,#1479);
#1278=LINE('',#3124,#1480);
#1279=LINE('',#3128,#1481);
#1280=LINE('',#3130,#1482);
#1281=LINE('',#3133,#1483);
#1282=LINE('',#3135,#1484);
#1283=LINE('',#3137,#1485);
#1284=LINE('',#3139,#1486);
#1285=LINE('',#3144,#1487);
#1286=LINE('',#3146,#1488);
#1287=LINE('',#3151,#1489);
#1288=LINE('',#3153,#1490);
#1289=LINE('',#3155,#1491);
#1290=LINE('',#3156,#1492);
#1291=LINE('',#3160,#1493);
#1292=LINE('',#3162,#1494);
#1293=LINE('',#3168,#1495);
#1294=LINE('',#3169,#1496);
#1295=LINE('',#3171,#1497);
#1296=LINE('',#3172,#1498);
#1297=LINE('',#3174,#1499);
#1298=LINE('',#3176,#1500);
#1299=LINE('',#3178,#1501);
#1300=LINE('',#3180,#1502);
#1301=LINE('',#3181,#1503);
#1302=LINE('',#3183,#1504);
#1303=LINE('',#3185,#1505);
#1304=LINE('',#3187,#1506);
#1305=LINE('',#3189,#1507);
#1306=LINE('',#3191,#1508);
#1307=LINE('',#3192,#1509);
#1308=LINE('',#3193,#1510);
#1309=LINE('',#3195,#1511);
#1310=LINE('',#3197,#1512);
#1311=LINE('',#3199,#1513);
#1312=LINE('',#3200,#1514);
#1313=LINE('',#3202,#1515);
#1314=LINE('',#3205,#1516);
#1315=LINE('',#3207,#1517);
#1316=LINE('',#3209,#1518);
#1317=LINE('',#3211,#1519);
#1318=LINE('',#3213,#1520);
#1319=LINE('',#3215,#1521);
#1320=LINE('',#3217,#1522);
#1321=LINE('',#3220,#1523);
#1322=LINE('',#3222,#1524);
#1323=LINE('',#3224,#1525);
#1324=LINE('',#3226,#1526);
#1325=LINE('',#3228,#1527);
#1326=LINE('',#3230,#1528);
#1327=LINE('',#3232,#1529);
#1328=LINE('',#3234,#1530);
#1329=LINE('',#3236,#1531);
#1330=LINE('',#3238,#1532);
#1331=LINE('',#3240,#1533);
#1332=LINE('',#3242,#1534);
#1333=LINE('',#3244,#1535);
#1334=LINE('',#3245,#1536);
#1335=LINE('',#3267,#1537);
#1336=LINE('',#3269,#1538);
#1337=LINE('',#3275,#1539);
#1338=LINE('',#3277,#1540);
#1339=LINE('',#3279,#1541);
#1340=LINE('',#3282,#1542);
#1341=LINE('',#3284,#1543);
#1342=LINE('',#3290,#1544);
#1343=LINE('',#3291,#1545);
#1344=LINE('',#3293,#1546);
#1345=LINE('',#3295,#1547);
#1346=LINE('',#3297,#1548);
#1347=LINE('',#3299,#1549);
#1348=LINE('',#3301,#1550);
#1349=LINE('',#3304,#1551);
#1350=LINE('',#3311,#1552);
#1351=LINE('',#3356,#1553);
#1352=LINE('',#3366,#1554);
#1353=LINE('',#3369,#1555);
#1354=LINE('',#3370,#1556);
#1355=LINE('',#3372,#1557);
#1356=LINE('',#3374,#1558);
#1357=LINE('',#3375,#1559);
#1358=LINE('',#3377,#1560);
#1359=LINE('',#3379,#1561);
#1360=LINE('',#3381,#1562);
#1361=LINE('',#3383,#1563);
#1362=LINE('',#3385,#1564);
#1363=LINE('',#3387,#1565);
#1364=LINE('',#3389,#1566);
#1365=LINE('',#3391,#1567);
#1366=LINE('',#3396,#1568);
#1367=LINE('',#3398,#1569);
#1368=LINE('',#3400,#1570);
#1369=LINE('',#3402,#1571);
#1370=LINE('',#3404,#1572);
#1371=LINE('',#3406,#1573);
#1372=LINE('',#3408,#1574);
#1373=LINE('',#3410,#1575);
#1374=LINE('',#3412,#1576);
#1375=LINE('',#3469,#1577);
#1376=LINE('',#3476,#1578);
#1377=VECTOR('',#2280,1.);
#1378=VECTOR('',#2281,1.);
#1379=VECTOR('',#2282,1.);
#1380=VECTOR('',#2283,1.);
#1381=VECTOR('',#2322,1.);
#1382=VECTOR('',#2323,1.);
#1383=VECTOR('',#2324,1.);
#1384=VECTOR('',#2325,1.);
#1385=VECTOR('',#2326,1.);
#1386=VECTOR('',#2327,1.);
#1387=VECTOR('',#2330,1.);
#1388=VECTOR('',#2331,1.);
#1389=VECTOR('',#2332,1.);
#1390=VECTOR('',#2333,1.);
#1391=VECTOR('',#2334,1.);
#1392=VECTOR('',#2335,1.);
#1393=VECTOR('',#2338,1.);
#1394=VECTOR('',#2339,1.);
#1395=VECTOR('',#2340,1.);
#1396=VECTOR('',#2341,1.);
#1397=VECTOR('',#2344,1.);
#1398=VECTOR('',#2345,1.);
#1399=VECTOR('',#2346,1.);
#1400=VECTOR('',#2349,1.);
#1401=VECTOR('',#2352,1.);
#1402=VECTOR('',#2353,1.);
#1403=VECTOR('',#2356,1.);
#1404=VECTOR('',#2357,1.);
#1405=VECTOR('',#2358,1.);
#1406=VECTOR('',#2359,1.);
#1407=VECTOR('',#2360,1.);
#1408=VECTOR('',#2361,1.);
#1409=VECTOR('',#2362,1.);
#1410=VECTOR('',#2365,1.);
#1411=VECTOR('',#2366,1.);
#1412=VECTOR('',#2367,1.);
#1413=VECTOR('',#2368,1.);
#1414=VECTOR('',#2369,1.);
#1415=VECTOR('',#2370,1.);
#1416=VECTOR('',#2371,1.);
#1417=VECTOR('',#2374,1.);
#1418=VECTOR('',#2375,1.);
#1419=VECTOR('',#2376,1.);
#1420=VECTOR('',#2379,1.);
#1421=VECTOR('',#2380,1.);
#1422=VECTOR('',#2381,1.);
#1423=VECTOR('',#2382,1.);
#1424=VECTOR('',#2383,1.);
#1425=VECTOR('',#2384,1.);
#1426=VECTOR('',#2385,1.);
#1427=VECTOR('',#2386,1.);
#1428=VECTOR('',#2387,1.);
#1429=VECTOR('',#2388,1.);
#1430=VECTOR('',#2389,1.);
#1431=VECTOR('',#2390,1.);
#1432=VECTOR('',#2391,1.);
#1433=VECTOR('',#2392,1.);
#1434=VECTOR('',#2393,1.);
#1435=VECTOR('',#2394,1.);
#1436=VECTOR('',#2395,1.);
#1437=VECTOR('',#2396,1.);
#1438=VECTOR('',#2397,1.);
#1439=VECTOR('',#2402,1.);
#1440=VECTOR('',#2403,1.);
#1441=VECTOR('',#2406,1.);
#1442=VECTOR('',#2407,1.);
#1443=VECTOR('',#2408,1.);
#1444=VECTOR('',#2411,1.);
#1445=VECTOR('',#2412,1.);
#1446=VECTOR('',#2413,1.);
#1447=VECTOR('',#2414,1.);
#1448=VECTOR('',#2415,1.);
#1449=VECTOR('',#2416,1.);
#1450=VECTOR('',#2417,1.);
#1451=VECTOR('',#2418,1.);
#1452=VECTOR('',#2421,1.);
#1453=VECTOR('',#2422,1.);
#1454=VECTOR('',#2423,1.);
#1455=VECTOR('',#2424,1.);
#1456=VECTOR('',#2427,1.);
#1457=VECTOR('',#2428,1.);
#1458=VECTOR('',#2429,1.);
#1459=VECTOR('',#2430,1.);
#1460=VECTOR('',#2431,1.);
#1461=VECTOR('',#2432,1.);
#1462=VECTOR('',#2435,1.);
#1463=VECTOR('',#2436,1.);
#1464=VECTOR('',#2437,1.);
#1465=VECTOR('',#2442,1.);
#1466=VECTOR('',#2443,1.);
#1467=VECTOR('',#2444,1.);
#1468=VECTOR('',#2447,1.);
#1469=VECTOR('',#2448,1.);
#1470=VECTOR('',#2449,1.);
#1471=VECTOR('',#2452,1.);
#1472=VECTOR('',#2453,1.);
#1473=VECTOR('',#2454,1.);
#1474=VECTOR('',#2455,1.);
#1475=VECTOR('',#2458,1.);
#1476=VECTOR('',#2459,1.);
#1477=VECTOR('',#2460,1.);
#1478=VECTOR('',#2461,1.);
#1479=VECTOR('',#2464,1.);
#1480=VECTOR('',#2465,1.);
#1481=VECTOR('',#2470,1.);
#1482=VECTOR('',#2473,1.);
#1483=VECTOR('',#2476,1.);
#1484=VECTOR('',#2479,1.);
#1485=VECTOR('',#2480,1.);
#1486=VECTOR('',#2481,1.);
#1487=VECTOR('',#2488,1.);
#1488=VECTOR('',#2489,1.);
#1489=VECTOR('',#2496,1.);
#1490=VECTOR('',#2497,1.);
#1491=VECTOR('',#2500,1.);
#1492=VECTOR('',#2501,1.);
#1493=VECTOR('',#2506,1.);
#1494=VECTOR('',#2507,1.);
#1495=VECTOR('',#2514,1.);
#1496=VECTOR('',#2515,1.);
#1497=VECTOR('',#2516,1.);
#1498=VECTOR('',#2517,1.);
#1499=VECTOR('',#2520,1.);
#1500=VECTOR('',#2523,1.);
#1501=VECTOR('',#2524,1.);
#1502=VECTOR('',#2525,1.);
#1503=VECTOR('',#2526,1.);
#1504=VECTOR('',#2529,1.);
#1505=VECTOR('',#2530,1.);
#1506=VECTOR('',#2533,1.);
#1507=VECTOR('',#2534,1.);
#1508=VECTOR('',#2537,1.);
#1509=VECTOR('',#2538,1.);
#1510=VECTOR('',#2539,1.);
#1511=VECTOR('',#2540,1.);
#1512=VECTOR('',#2543,1.);
#1513=VECTOR('',#2546,1.);
#1514=VECTOR('',#2547,1.);
#1515=VECTOR('',#2550,1.);
#1516=VECTOR('',#2555,1.);
#1517=VECTOR('',#2556,1.);
#1518=VECTOR('',#2557,1.);
#1519=VECTOR('',#2558,1.);
#1520=VECTOR('',#2559,1.);
#1521=VECTOR('',#2560,1.);
#1522=VECTOR('',#2561,1.);
#1523=VECTOR('',#2566,1.);
#1524=VECTOR('',#2567,1.);
#1525=VECTOR('',#2568,1.);
#1526=VECTOR('',#2571,1.);
#1527=VECTOR('',#2572,1.);
#1528=VECTOR('',#2573,1.);
#1529=VECTOR('',#2576,1.);
#1530=VECTOR('',#2577,1.);
#1531=VECTOR('',#2578,1.);
#1532=VECTOR('',#2581,1.);
#1533=VECTOR('',#2582,1.);
#1534=VECTOR('',#2583,1.);
#1535=VECTOR('',#2586,1.);
#1536=VECTOR('',#2587,1.);
#1537=VECTOR('',#2610,1.);
#1538=VECTOR('',#2611,1.);
#1539=VECTOR('',#2616,1.);
#1540=VECTOR('',#2619,1.);
#1541=VECTOR('',#2620,1.);
#1542=VECTOR('',#2625,1.);
#1543=VECTOR('',#2626,1.);
#1544=VECTOR('',#2633,1.);
#1545=VECTOR('',#2634,1.);
#1546=VECTOR('',#2637,1.);
#1547=VECTOR('',#2640,1.);
#1548=VECTOR('',#2641,1.);
#1549=VECTOR('',#2644,1.);
#1550=VECTOR('',#2645,1.);
#1551=VECTOR('',#2650,1.);
#1552=VECTOR('',#2653,1.);
#1553=VECTOR('',#2684,1.);
#1554=VECTOR('',#2703,1.);
#1555=VECTOR('',#2704,1.);
#1556=VECTOR('',#2705,1.);
#1557=VECTOR('',#2706,1.);
#1558=VECTOR('',#2707,1.);
#1559=VECTOR('',#2708,1.);
#1560=VECTOR('',#2711,1.);
#1561=VECTOR('',#2714,1.);
#1562=VECTOR('',#2717,1.);
#1563=VECTOR('',#2718,1.);
#1564=VECTOR('',#2721,1.);
#1565=VECTOR('',#2722,1.);
#1566=VECTOR('',#2725,1.);
#1567=VECTOR('',#2726,1.);
#1568=VECTOR('',#2735,1.);
#1569=VECTOR('',#2736,1.);
#1570=VECTOR('',#2739,1.);
#1571=VECTOR('',#2740,1.);
#1572=VECTOR('',#2743,1.);
#1573=VECTOR('',#2744,1.);
#1574=VECTOR('',#2747,1.);
#1575=VECTOR('',#2748,1.);
#1576=VECTOR('',#2751,1.);
#1577=VECTOR('',#2844,1.);
#1578=VECTOR('',#2855,1.);
#1579=EDGE_LOOP('',(#131,#132,#133,#134));
#1580=EDGE_LOOP('',(#135));
#1581=EDGE_LOOP('',(#136));
#1582=EDGE_LOOP('',(#137));
#1583=EDGE_LOOP('',(#138));
#1584=EDGE_LOOP('',(#139));
#1585=EDGE_LOOP('',(#140));
#1586=EDGE_LOOP('',(#141));
#1587=EDGE_LOOP('',(#142));
#1588=EDGE_LOOP('',(#143));
#1589=EDGE_LOOP('',(#144));
#1590=EDGE_LOOP('',(#145));
#1591=EDGE_LOOP('',(#146));
#1592=EDGE_LOOP('',(#147,#148,#149,#150,#151,#152));
#1593=EDGE_LOOP('',(#153,#154,#155,#156,#157,#158));
#1594=EDGE_LOOP('',(#159,#160,#161,#162));
#1595=EDGE_LOOP('',(#163,#164,#165,#166,#167,#168,#169,#170,#171,#172));
#1596=EDGE_LOOP('',(#173,#174,#175,#176,#177,#178,#179,#180));
#1597=EDGE_LOOP('',(#181));
#1598=EDGE_LOOP('',(#182));
#1599=EDGE_LOOP('',(#183));
#1600=EDGE_LOOP('',(#184,#185,#186,#187,#188,#189,#190,#191,#192,#193,#194,
#195,#196,#197,#198,#199,#200,#201,#202,#203,#204,#205,#206,#207,#208,#209,
#210,#211,#212,#213,#214,#215,#216));
#1601=EDGE_LOOP('',(#217));
#1602=EDGE_LOOP('',(#218));
#1603=EDGE_LOOP('',(#219));
#1604=EDGE_LOOP('',(#220,#221,#222,#223,#224,#225,#226,#227,#228,#229,#230,
#231,#232,#233,#234,#235,#236,#237,#238,#239,#240,#241,#242,#243,#244,#245,
#246,#247,#248,#249,#250,#251,#252));
#1605=EDGE_LOOP('',(#253,#254,#255,#256));
#1606=EDGE_LOOP('',(#257,#258,#259,#260));
#1607=EDGE_LOOP('',(#261,#262,#263,#264));
#1608=EDGE_LOOP('',(#265,#266,#267,#268));
#1609=EDGE_LOOP('',(#269,#270,#271,#272,#273,#274,#275));
#1610=EDGE_LOOP('',(#276,#277,#278,#279,#280));
#1611=EDGE_LOOP('',(#281,#282,#283,#284,#285,#286,#287));
#1612=EDGE_LOOP('',(#288,#289,#290,#291));
#1613=EDGE_LOOP('',(#292,#293,#294,#295,#296,#297,#298));
#1614=EDGE_LOOP('',(#299,#300,#301,#302,#303));
#1615=EDGE_LOOP('',(#304,#305,#306,#307,#308,#309));
#1616=EDGE_LOOP('',(#310,#311,#312,#313,#314,#315,#316,#317));
#1617=EDGE_LOOP('',(#318,#319,#320,#321));
#1618=EDGE_LOOP('',(#322,#323,#324,#325,#326,#327,#328,#329));
#1619=EDGE_LOOP('',(#330,#331,#332,#333));
#1620=EDGE_LOOP('',(#334,#335,#336,#337));
#1621=EDGE_LOOP('',(#338,#339,#340,#341,#342,#343,#344,#345));
#1622=EDGE_LOOP('',(#346,#347,#348,#349));
#1623=EDGE_LOOP('',(#350,#351,#352,#353,#354,#355,#356,#357));
#1624=EDGE_LOOP('',(#358,#359,#360,#361,#362,#363));
#1625=EDGE_LOOP('',(#364,#365,#366,#367,#368,#369,#370,#371,#372,#373));
#1626=EDGE_LOOP('',(#374,#375,#376,#377));
#1627=EDGE_LOOP('',(#378,#379,#380,#381));
#1628=EDGE_LOOP('',(#382,#383,#384,#385));
#1629=EDGE_LOOP('',(#386,#387,#388,#389));
#1630=EDGE_LOOP('',(#390,#391,#392,#393));
#1631=EDGE_LOOP('',(#394));
#1632=EDGE_LOOP('',(#395));
#1633=EDGE_LOOP('',(#396));
#1634=EDGE_LOOP('',(#397));
#1635=EDGE_LOOP('',(#398));
#1636=EDGE_LOOP('',(#399));
#1637=EDGE_LOOP('',(#400));
#1638=EDGE_LOOP('',(#401));
#1639=EDGE_LOOP('',(#402));
#1640=EDGE_LOOP('',(#403));
#1641=EDGE_LOOP('',(#404,#405,#406,#407,#408,#409,#410,#411,#412,#413,#414,
#415));
#1642=EDGE_LOOP('',(#416,#417,#418,#419));
#1643=EDGE_LOOP('',(#420,#421,#422,#423));
#1644=EDGE_LOOP('',(#424,#425,#426,#427));
#1645=EDGE_LOOP('',(#428,#429,#430,#431));
#1646=EDGE_LOOP('',(#432,#433,#434,#435,#436));
#1647=EDGE_LOOP('',(#437,#438,#439,#440));
#1648=EDGE_LOOP('',(#441,#442,#443,#444));
#1649=EDGE_LOOP('',(#445,#446,#447,#448));
#1650=EDGE_LOOP('',(#449,#450,#451,#452));
#1651=EDGE_LOOP('',(#453,#454,#455,#456));
#1652=EDGE_LOOP('',(#457,#458,#459,#460,#461));
#1653=EDGE_LOOP('',(#462,#463,#464,#465,#466,#467));
#1654=EDGE_LOOP('',(#468,#469,#470,#471,#472));
#1655=EDGE_LOOP('',(#473,#474,#475,#476));
#1656=EDGE_LOOP('',(#477,#478,#479,#480,#481,#482));
#1657=EDGE_LOOP('',(#483,#484,#485,#486));
#1658=EDGE_LOOP('',(#487));
#1659=EDGE_LOOP('',(#488,#489,#490,#491));
#1660=EDGE_LOOP('',(#492));
#1661=EDGE_LOOP('',(#493,#494,#495,#496));
#1662=EDGE_LOOP('',(#497,#498,#499,#500));
#1663=EDGE_LOOP('',(#501,#502,#503,#504));
#1664=EDGE_LOOP('',(#505,#506,#507,#508));
#1665=EDGE_LOOP('',(#509,#510,#511,#512));
#1666=EDGE_LOOP('',(#513,#514,#515,#516));
#1667=EDGE_LOOP('',(#517,#518,#519,#520));
#1668=EDGE_LOOP('',(#521,#522,#523,#524));
#1669=EDGE_LOOP('',(#525,#526,#527,#528,#529,#530,#531,#532,#533,#534,#535,
#536));
#1670=EDGE_LOOP('',(#537,#538,#539,#540));
#1671=EDGE_LOOP('',(#541,#542,#543,#544));
#1672=EDGE_LOOP('',(#545,#546,#547,#548));
#1673=EDGE_LOOP('',(#549,#550,#551,#552));
#1674=EDGE_LOOP('',(#553,#554,#555,#556));
#1675=EDGE_LOOP('',(#557,#558,#559,#560));
#1676=EDGE_LOOP('',(#561,#562,#563,#564,#565,#566,#567,#568,#569,#570,#571,
#572,#573));
#1677=EDGE_LOOP('',(#574,#575,#576,#577));
#1678=EDGE_LOOP('',(#578,#579,#580,#581));
#1679=EDGE_LOOP('',(#582,#583,#584,#585));
#1680=EDGE_LOOP('',(#586,#587,#588,#589));
#1681=EDGE_LOOP('',(#590,#591,#592,#593));
#1682=EDGE_LOOP('',(#594,#595,#596,#597,#598,#599,#600,#601,#602,#603,#604,
#605,#606,#607));
#1683=EDGE_LOOP('',(#608));
#1684=EDGE_LOOP('',(#609));
#1685=EDGE_LOOP('',(#610));
#1686=EDGE_LOOP('',(#611));
#1687=EDGE_LOOP('',(#612));
#1688=EDGE_LOOP('',(#613));
#1689=EDGE_LOOP('',(#614));
#1690=EDGE_LOOP('',(#615));
#1691=EDGE_LOOP('',(#616));
#1692=EDGE_LOOP('',(#617));
#1693=EDGE_LOOP('',(#618));
#1694=EDGE_LOOP('',(#619));
#1695=EDGE_LOOP('',(#620));
#1696=EDGE_LOOP('',(#621));
#1697=EDGE_LOOP('',(#622));
#1698=EDGE_LOOP('',(#623));
#1699=EDGE_LOOP('',(#624));
#1700=EDGE_LOOP('',(#625));
#1701=EDGE_LOOP('',(#626));
#1702=EDGE_LOOP('',(#627));
#1703=EDGE_LOOP('',(#628));
#1704=EDGE_LOOP('',(#629));
#1705=EDGE_LOOP('',(#630));
#1706=EDGE_LOOP('',(#631));
#1707=EDGE_LOOP('',(#632));
#1708=EDGE_LOOP('',(#633));
#1709=EDGE_LOOP('',(#634));
#1710=EDGE_LOOP('',(#635));
#1711=EDGE_LOOP('',(#636));
#1712=EDGE_LOOP('',(#637));
#1713=EDGE_LOOP('',(#638));
#1714=EDGE_LOOP('',(#639));
#1715=EDGE_LOOP('',(#640));
#1716=EDGE_LOOP('',(#641));
#1717=EDGE_LOOP('',(#642));
#1718=EDGE_LOOP('',(#643));
#1719=EDGE_LOOP('',(#644));
#1720=EDGE_LOOP('',(#645));
#1721=EDGE_LOOP('',(#646,#647,#648,#649));
#1722=EDGE_LOOP('',(#650,#651,#652,#653));
#1723=EDGE_LOOP('',(#654,#655,#656,#657));
#1724=EDGE_LOOP('',(#658,#659,#660,#661));
#1725=EDGE_LOOP('',(#662,#663,#664,#665));
#1726=EDGE_LOOP('',(#666,#667,#668));
#1727=EDGE_LOOP('',(#669,#670,#671));
#1728=EDGE_LOOP('',(#672,#673,#674,#675));
#1729=EDGE_LOOP('',(#676,#677,#678,#679));
#1730=EDGE_LOOP('',(#680,#681,#682,#683,#684,#685,#686));
#1731=EDGE_LOOP('',(#687,#688,#689,#690));
#1732=EDGE_LOOP('',(#691,#692,#693,#694));
#1733=FACE_BOUND('',#1579,.T.);
#1734=FACE_BOUND('',#1580,.T.);
#1735=FACE_BOUND('',#1581,.T.);
#1736=FACE_BOUND('',#1582,.T.);
#1737=FACE_BOUND('',#1583,.T.);
#1738=FACE_BOUND('',#1584,.T.);
#1739=FACE_BOUND('',#1585,.T.);
#1740=FACE_BOUND('',#1586,.T.);
#1741=FACE_BOUND('',#1587,.T.);
#1742=FACE_BOUND('',#1588,.T.);
#1743=FACE_BOUND('',#1589,.T.);
#1744=FACE_BOUND('',#1590,.T.);
#1745=FACE_BOUND('',#1591,.T.);
#1746=FACE_BOUND('',#1592,.T.);
#1747=FACE_BOUND('',#1593,.T.);
#1748=FACE_BOUND('',#1594,.T.);
#1749=FACE_BOUND('',#1595,.T.);
#1750=FACE_BOUND('',#1596,.T.);
#1751=FACE_BOUND('',#1597,.T.);
#1752=FACE_BOUND('',#1598,.T.);
#1753=FACE_BOUND('',#1599,.T.);
#1754=FACE_BOUND('',#1600,.T.);
#1755=FACE_BOUND('',#1601,.T.);
#1756=FACE_BOUND('',#1602,.T.);
#1757=FACE_BOUND('',#1603,.T.);
#1758=FACE_BOUND('',#1604,.T.);
#1759=FACE_BOUND('',#1605,.T.);
#1760=FACE_BOUND('',#1606,.T.);
#1761=FACE_BOUND('',#1607,.T.);
#1762=FACE_BOUND('',#1608,.T.);
#1763=FACE_BOUND('',#1609,.T.);
#1764=FACE_BOUND('',#1610,.T.);
#1765=FACE_BOUND('',#1611,.T.);
#1766=FACE_BOUND('',#1612,.T.);
#1767=FACE_BOUND('',#1613,.T.);
#1768=FACE_BOUND('',#1614,.T.);
#1769=FACE_BOUND('',#1615,.T.);
#1770=FACE_BOUND('',#1616,.T.);
#1771=FACE_BOUND('',#1617,.T.);
#1772=FACE_BOUND('',#1618,.T.);
#1773=FACE_BOUND('',#1619,.T.);
#1774=FACE_BOUND('',#1620,.T.);
#1775=FACE_BOUND('',#1621,.T.);
#1776=FACE_BOUND('',#1622,.T.);
#1777=FACE_BOUND('',#1623,.T.);
#1778=FACE_BOUND('',#1624,.T.);
#1779=FACE_BOUND('',#1625,.T.);
#1780=FACE_BOUND('',#1626,.T.);
#1781=FACE_BOUND('',#1627,.T.);
#1782=FACE_BOUND('',#1628,.T.);
#1783=FACE_BOUND('',#1629,.T.);
#1784=FACE_BOUND('',#1630,.T.);
#1785=FACE_BOUND('',#1631,.T.);
#1786=FACE_BOUND('',#1632,.T.);
#1787=FACE_BOUND('',#1633,.T.);
#1788=FACE_BOUND('',#1634,.T.);
#1789=FACE_BOUND('',#1635,.T.);
#1790=FACE_BOUND('',#1636,.T.);
#1791=FACE_BOUND('',#1637,.T.);
#1792=FACE_BOUND('',#1638,.T.);
#1793=FACE_BOUND('',#1639,.T.);
#1794=FACE_BOUND('',#1640,.T.);
#1795=FACE_BOUND('',#1641,.T.);
#1796=FACE_BOUND('',#1642,.T.);
#1797=FACE_BOUND('',#1643,.T.);
#1798=FACE_BOUND('',#1644,.T.);
#1799=FACE_BOUND('',#1645,.T.);
#1800=FACE_BOUND('',#1646,.T.);
#1801=FACE_BOUND('',#1647,.T.);
#1802=FACE_BOUND('',#1648,.T.);
#1803=FACE_BOUND('',#1649,.T.);
#1804=FACE_BOUND('',#1650,.T.);
#1805=FACE_BOUND('',#1651,.T.);
#1806=FACE_BOUND('',#1652,.T.);
#1807=FACE_BOUND('',#1653,.T.);
#1808=FACE_BOUND('',#1654,.T.);
#1809=FACE_BOUND('',#1655,.T.);
#1810=FACE_BOUND('',#1656,.T.);
#1811=FACE_BOUND('',#1657,.T.);
#1812=FACE_BOUND('',#1658,.T.);
#1813=FACE_BOUND('',#1659,.T.);
#1814=FACE_BOUND('',#1660,.T.);
#1815=FACE_BOUND('',#1661,.T.);
#1816=FACE_BOUND('',#1662,.T.);
#1817=FACE_BOUND('',#1663,.T.);
#1818=FACE_BOUND('',#1664,.T.);
#1819=FACE_BOUND('',#1665,.T.);
#1820=FACE_BOUND('',#1666,.T.);
#1821=FACE_BOUND('',#1667,.T.);
#1822=FACE_BOUND('',#1668,.T.);
#1823=FACE_BOUND('',#1669,.T.);
#1824=FACE_BOUND('',#1670,.T.);
#1825=FACE_BOUND('',#1671,.T.);
#1826=FACE_BOUND('',#1672,.T.);
#1827=FACE_BOUND('',#1673,.T.);
#1828=FACE_BOUND('',#1674,.T.);
#1829=FACE_BOUND('',#1675,.T.);
#1830=FACE_BOUND('',#1676,.T.);
#1831=FACE_BOUND('',#1677,.T.);
#1832=FACE_BOUND('',#1678,.T.);
#1833=FACE_BOUND('',#1679,.T.);
#1834=FACE_BOUND('',#1680,.T.);
#1835=FACE_BOUND('',#1681,.T.);
#1836=FACE_BOUND('',#1682,.T.);
#1837=FACE_BOUND('',#1683,.T.);
#1838=FACE_BOUND('',#1684,.T.);
#1839=FACE_BOUND('',#1685,.T.);
#1840=FACE_BOUND('',#1686,.T.);
#1841=FACE_BOUND('',#1687,.T.);
#1842=FACE_BOUND('',#1688,.T.);
#1843=FACE_BOUND('',#1689,.T.);
#1844=FACE_BOUND('',#1690,.T.);
#1845=FACE_BOUND('',#1691,.T.);
#1846=FACE_BOUND('',#1692,.T.);
#1847=FACE_BOUND('',#1693,.T.);
#1848=FACE_BOUND('',#1694,.T.);
#1849=FACE_BOUND('',#1695,.T.);
#1850=FACE_BOUND('',#1696,.T.);
#1851=FACE_BOUND('',#1697,.T.);
#1852=FACE_BOUND('',#1698,.T.);
#1853=FACE_BOUND('',#1699,.T.);
#1854=FACE_BOUND('',#1700,.T.);
#1855=FACE_BOUND('',#1701,.T.);
#1856=FACE_BOUND('',#1702,.T.);
#1857=FACE_BOUND('',#1703,.T.);
#1858=FACE_BOUND('',#1704,.T.);
#1859=FACE_BOUND('',#1705,.T.);
#1860=FACE_BOUND('',#1706,.T.);
#1861=FACE_BOUND('',#1707,.T.);
#1862=FACE_BOUND('',#1708,.T.);
#1863=FACE_BOUND('',#1709,.T.);
#1864=FACE_BOUND('',#1710,.T.);
#1865=FACE_BOUND('',#1711,.T.);
#1866=FACE_BOUND('',#1712,.T.);
#1867=FACE_BOUND('',#1713,.T.);
#1868=FACE_BOUND('',#1714,.T.);
#1869=FACE_BOUND('',#1715,.T.);
#1870=FACE_BOUND('',#1716,.T.);
#1871=FACE_BOUND('',#1717,.T.);
#1872=FACE_BOUND('',#1718,.T.);
#1873=FACE_BOUND('',#1719,.T.);
#1874=FACE_BOUND('',#1720,.T.);
#1875=FACE_BOUND('',#1721,.T.);
#1876=FACE_BOUND('',#1722,.T.);
#1877=FACE_BOUND('',#1723,.T.);
#1878=FACE_BOUND('',#1724,.T.);
#1879=FACE_BOUND('',#1725,.T.);
#1880=FACE_BOUND('',#1726,.T.);
#1881=FACE_BOUND('',#1727,.T.);
#1882=FACE_BOUND('',#1728,.T.);
#1883=FACE_BOUND('',#1729,.T.);
#1884=FACE_BOUND('',#1730,.T.);
#1885=FACE_BOUND('',#1731,.T.);
#1886=FACE_BOUND('',#1732,.T.);
#1887=PLANE('',#2087);
#1888=PLANE('',#2106);
#1889=PLANE('',#2107);
#1890=PLANE('',#2108);
#1891=PLANE('',#2109);
#1892=PLANE('',#2112);
#1893=PLANE('',#2113);
#1894=PLANE('',#2117);
#1895=PLANE('',#2124);
#1896=PLANE('',#2125);
#1897=PLANE('',#2126);
#1898=PLANE('',#2127);
#1899=PLANE('',#2128);
#1900=PLANE('',#2131);
#1901=PLANE('',#2133);
#1902=PLANE('',#2136);
#1903=PLANE('',#2137);
#1904=PLANE('',#2140);
#1905=PLANE('',#2142);
#1906=PLANE('',#2145);
#1907=PLANE('',#2146);
#1908=PLANE('',#2147);
#1909=PLANE('',#2148);
#1910=PLANE('',#2149);
#1911=PLANE('',#2150);
#1912=PLANE('',#2151);
#1913=PLANE('',#2152);
#1914=PLANE('',#2153);
#1915=PLANE('',#2155);
#1916=PLANE('',#2157);
#1917=PLANE('',#2158);
#1918=PLANE('',#2159);
#1919=PLANE('',#2160);
#1920=PLANE('',#2161);
#1921=PLANE('',#2162);
#1922=PLANE('',#2175);
#1923=PLANE('',#2176);
#1924=PLANE('',#2177);
#1925=PLANE('',#2178);
#1926=PLANE('',#2179);
#1927=PLANE('',#2181);
#1928=PLANE('',#2182);
#1929=PLANE('',#2183);
#1930=PLANE('',#2184);
#1931=PLANE('',#2185);
#1932=PLANE('',#2191);
#1933=PLANE('',#2192);
#1934=PLANE('',#2199);
#1935=PLANE('',#2210);
#1936=PLANE('',#2211);
#1937=PLANE('',#2212);
#1938=PLANE('',#2213);
#1939=PLANE('',#2214);
#1940=PLANE('',#2215);
#1941=PLANE('',#2218);
#1942=PLANE('',#2219);
#1943=PLANE('',#2220);
#1944=PLANE('',#2221);
#1945=PLANE('',#2222);
#1946=PLANE('',#2223);
#1947=PLANE('',#2224);
#1948=PLANE('',#2228);
#1949=PLANE('',#2231);
#1950=PLANE('',#2234);
#1951=PLANE('',#2237);
#1952=PLANE('',#2240);
#1953=PLANE('',#2243);
#1954=PLANE('',#2246);
#1955=PLANE('',#2249);
#1956=PLANE('',#2252);
#1957=PLANE('',#2255);
#1958=PLANE('',#2267);
#1959=PLANE('',#2268);
#1960=PLANE('',#2271);
#1961=ADVANCED_FACE('',(#1733),#1887,.T.);
#1962=ADVANCED_FACE('',(#1734,#1735),#96,.F.);
#1963=ADVANCED_FACE('',(#1736,#1737),#97,.F.);
#1964=ADVANCED_FACE('',(#1738,#1739),#98,.F.);
#1965=ADVANCED_FACE('',(#1740,#1741),#99,.F.);
#1966=ADVANCED_FACE('',(#1742,#1743),#100,.F.);
#1967=ADVANCED_FACE('',(#1744,#1745),#101,.F.);
#1968=ADVANCED_FACE('',(#1746),#1888,.T.);
#1969=ADVANCED_FACE('',(#1747),#1889,.F.);
#1970=ADVANCED_FACE('',(#1748),#1890,.T.);
#1971=ADVANCED_FACE('',(#1749),#1891,.T.);
#1972=ADVANCED_FACE('',(#1750),#1892,.T.);
#1973=ADVANCED_FACE('',(#1751,#1752,#1753,#1754),#1893,.T.);
#1974=ADVANCED_FACE('',(#1755,#1756,#1757,#1758),#1894,.T.);
#1975=ADVANCED_FACE('',(#1759),#1895,.T.);
#1976=ADVANCED_FACE('',(#1760),#1896,.T.);
#1977=ADVANCED_FACE('',(#1761),#1897,.T.);
#1978=ADVANCED_FACE('',(#1762),#1898,.T.);
#1979=ADVANCED_FACE('',(#1763),#1899,.F.);
#1980=ADVANCED_FACE('',(#1764),#1900,.F.);
#1981=ADVANCED_FACE('',(#1765),#1901,.F.);
#1982=ADVANCED_FACE('',(#1766),#1902,.F.);
#1983=ADVANCED_FACE('',(#1767),#1903,.F.);
#1984=ADVANCED_FACE('',(#1768),#1904,.T.);
#1985=ADVANCED_FACE('',(#1769),#1905,.T.);
#1986=ADVANCED_FACE('',(#1770),#1906,.T.);
#1987=ADVANCED_FACE('',(#1771),#1907,.F.);
#1988=ADVANCED_FACE('',(#1772),#1908,.T.);
#1989=ADVANCED_FACE('',(#1773),#1909,.F.);
#1990=ADVANCED_FACE('',(#1774),#1910,.F.);
#1991=ADVANCED_FACE('',(#1775),#1911,.F.);
#1992=ADVANCED_FACE('',(#1776),#1912,.T.);
#1993=ADVANCED_FACE('',(#1777),#1913,.T.);
#1994=ADVANCED_FACE('',(#1778),#1914,.F.);
#1995=ADVANCED_FACE('',(#1779),#1915,.F.);
#1996=ADVANCED_FACE('',(#1780),#1916,.F.);
#1997=ADVANCED_FACE('',(#1781),#1917,.T.);
#1998=ADVANCED_FACE('',(#1782),#1918,.F.);
#1999=ADVANCED_FACE('',(#1783),#1919,.T.);
#2000=ADVANCED_FACE('',(#1784),#1920,.F.);
#2001=ADVANCED_FACE('',(#1785,#1786,#1787,#1788,#1789,#1790,#1791,#1792,
#1793,#1794,#1795),#1921,.F.);
#2002=ADVANCED_FACE('',(#1796),#1922,.T.);
#2003=ADVANCED_FACE('',(#1797),#1923,.F.);
#2004=ADVANCED_FACE('',(#1798),#1924,.T.);
#2005=ADVANCED_FACE('',(#1799),#1925,.T.);
#2006=ADVANCED_FACE('',(#1800),#1926,.T.);
#2007=ADVANCED_FACE('',(#1801),#1927,.T.);
#2008=ADVANCED_FACE('',(#1802),#1928,.T.);
#2009=ADVANCED_FACE('',(#1803),#1929,.F.);
#2010=ADVANCED_FACE('',(#1804),#1930,.T.);
#2011=ADVANCED_FACE('',(#1805),#1931,.T.);
#2012=ADVANCED_FACE('',(#1806),#102,.F.);
#2013=ADVANCED_FACE('',(#1807),#103,.T.);
#2014=ADVANCED_FACE('',(#1808),#104,.T.);
#2015=ADVANCED_FACE('',(#1809),#105,.T.);
#2016=ADVANCED_FACE('',(#1810),#1932,.T.);
#2017=ADVANCED_FACE('',(#1811),#1933,.T.);
#2018=ADVANCED_FACE('',(#1812,#1813),#106,.T.);
#2019=ADVANCED_FACE('',(#1814,#1815),#107,.F.);
#2020=ADVANCED_FACE('',(#1816),#1934,.T.);
#2021=ADVANCED_FACE('',(#1817),#108,.F.);
#2022=ADVANCED_FACE('',(#1818),#109,.T.);
#2023=ADVANCED_FACE('',(#1819),#12,.F.);
#2024=ADVANCED_FACE('',(#1820),#110,.F.);
#2025=ADVANCED_FACE('',(#1821),#111,.F.);
#2026=ADVANCED_FACE('',(#1822),#13,.T.);
#2027=ADVANCED_FACE('',(#1823),#1935,.T.);
#2028=ADVANCED_FACE('',(#1824),#1936,.T.);
#2029=ADVANCED_FACE('',(#1825),#1937,.T.);
#2030=ADVANCED_FACE('',(#1826),#1938,.T.);
#2031=ADVANCED_FACE('',(#1827),#1939,.T.);
#2032=ADVANCED_FACE('',(#1828),#1940,.F.);
#2033=ADVANCED_FACE('',(#1829),#112,.T.);
#2034=ADVANCED_FACE('',(#1830),#1941,.T.);
#2035=ADVANCED_FACE('',(#1831),#1942,.F.);
#2036=ADVANCED_FACE('',(#1832),#1943,.T.);
#2037=ADVANCED_FACE('',(#1833),#1944,.F.);
#2038=ADVANCED_FACE('',(#1834),#1945,.T.);
#2039=ADVANCED_FACE('',(#1835),#1946,.F.);
#2040=ADVANCED_FACE('',(#1836),#1947,.T.);
#2041=ADVANCED_FACE('',(#1837,#1838),#113,.F.);
#2042=ADVANCED_FACE('',(#1839,#1840),#114,.F.);
#2043=ADVANCED_FACE('',(#1841,#1842),#1948,.T.);
#2044=ADVANCED_FACE('',(#1843,#1844),#115,.F.);
#2045=ADVANCED_FACE('',(#1845,#1846),#1949,.T.);
#2046=ADVANCED_FACE('',(#1847,#1848),#116,.F.);
#2047=ADVANCED_FACE('',(#1849,#1850),#1950,.T.);
#2048=ADVANCED_FACE('',(#1851,#1852),#117,.F.);
#2049=ADVANCED_FACE('',(#1853,#1854),#1951,.T.);
#2050=ADVANCED_FACE('',(#1855,#1856),#118,.F.);
#2051=ADVANCED_FACE('',(#1857,#1858),#1952,.T.);
#2052=ADVANCED_FACE('',(#1859,#1860),#119,.F.);
#2053=ADVANCED_FACE('',(#1861,#1862),#1953,.T.);
#2054=ADVANCED_FACE('',(#1863,#1864),#120,.F.);
#2055=ADVANCED_FACE('',(#1865),#1954,.T.);
#2056=ADVANCED_FACE('',(#1866,#1867),#121,.F.);
#2057=ADVANCED_FACE('',(#1868),#1955,.T.);
#2058=ADVANCED_FACE('',(#1869,#1870),#122,.F.);
#2059=ADVANCED_FACE('',(#1871),#1956,.T.);
#2060=ADVANCED_FACE('',(#1872,#1873),#123,.F.);
#2061=ADVANCED_FACE('',(#1874),#1957,.T.);
#2062=ADVANCED_FACE('',(#1875),#124,.F.);
#2063=ADVANCED_FACE('',(#1876),#14,.F.);
#2064=ADVANCED_FACE('',(#1877),#125,.F.);
#2065=ADVANCED_FACE('',(#1878),#15,.F.);
#2066=ADVANCED_FACE('',(#1879),#126,.F.);
#2067=ADVANCED_FACE('',(#1880),#1958,.F.);
#2068=ADVANCED_FACE('',(#1881),#1959,.F.);
#2069=ADVANCED_FACE('',(#1882),#127,.F.);
#2070=ADVANCED_FACE('',(#1883),#128,.F.);
#2071=ADVANCED_FACE('',(#1884),#1960,.T.);
#2072=ADVANCED_FACE('',(#1885),#129,.F.);
#2073=ADVANCED_FACE('',(#1886),#130,.F.);
#2074=CLOSED_SHELL('',(#1961,#1962,#1963,#1964,#1965,#1966,#1967,#1968,
#1969,#1970,#1971,#1972,#1973,#1974,#1975,#1976,#1977,#1978,#1979,#1980,
#1981,#1982,#1983,#1984,#1985,#1986,#1987,#1988,#1989,#1990,#1991,#1992,
#1993,#1994,#1995,#1996,#1997,#1998,#1999,#2000,#2001,#2002,#2003,#2004,
#2005,#2006,#2007,#2008,#2009,#2010,#2011,#2012,#2013,#2014,#2015,#2016,
#2017,#2018,#2019,#2020,#2021,#2022,#2023,#2024,#2025,#2026,#2027,#2028,
#2029,#2030,#2031,#2032,#2033,#2034,#2035,#2036,#2037,#2038,#2039,#2040,
#2041,#2042,#2043,#2044,#2045,#2046,#2047,#2048,#2049,#2050,#2051,#2052,
#2053,#2054,#2055,#2056,#2057,#2058,#2059,#2060,#2061,#2062,#2063,#2064,
#2065,#2066,#2067,#2068,#2069,#2070,#2071,#2072,#2073));
#2075=STYLED_ITEM('',(#2076),#2083);
#2076=PRESENTATION_STYLE_ASSIGNMENT((#2077));
#2077=SURFACE_STYLE_USAGE(.BOTH.,#2078);
#2078=SURFACE_SIDE_STYLE('',(#2079));
#2079=SURFACE_STYLE_FILL_AREA(#2080);
#2080=FILL_AREA_STYLE('',(#2081));
#2081=FILL_AREA_STYLE_COLOUR('',#2082);
#2082=COLOUR_RGB('',0.615686274509804,0.811764705882353,0.929411764705882);
#2083=MANIFOLD_SOLID_BREP('Part 1',#2074);
#2084=SHAPE_DEFINITION_REPRESENTATION(#3484,#2085);
#2085=SHAPE_REPRESENTATION('Part 1',(#2086),#3479);
#2086=AXIS2_PLACEMENT_3D('',#2858,#2276,#2277);
#2087=AXIS2_PLACEMENT_3D('',#2859,#2278,#2279);
#2088=AXIS2_PLACEMENT_3D('',#2868,#2284,#2285);
#2089=AXIS2_PLACEMENT_3D('',#2869,#2286,#2287);
#2090=AXIS2_PLACEMENT_3D('',#2871,#2288,#2289);
#2091=AXIS2_PLACEMENT_3D('',#2873,#2290,#2291);
#2092=AXIS2_PLACEMENT_3D('',#2874,#2292,#2293);
#2093=AXIS2_PLACEMENT_3D('',#2876,#2294,#2295);
#2094=AXIS2_PLACEMENT_3D('',#2878,#2296,#2297);
#2095=AXIS2_PLACEMENT_3D('',#2879,#2298,#2299);
#2096=AXIS2_PLACEMENT_3D('',#2881,#2300,#2301);
#2097=AXIS2_PLACEMENT_3D('',#2883,#2302,#2303);
#2098=AXIS2_PLACEMENT_3D('',#2884,#2304,#2305);
#2099=AXIS2_PLACEMENT_3D('',#2886,#2306,#2307);
#2100=AXIS2_PLACEMENT_3D('',#2888,#2308,#2309);
#2101=AXIS2_PLACEMENT_3D('',#2889,#2310,#2311);
#2102=AXIS2_PLACEMENT_3D('',#2891,#2312,#2313);
#2103=AXIS2_PLACEMENT_3D('',#2893,#2314,#2315);
#2104=AXIS2_PLACEMENT_3D('',#2894,#2316,#2317);
#2105=AXIS2_PLACEMENT_3D('',#2896,#2318,#2319);
#2106=AXIS2_PLACEMENT_3D('',#2898,#2320,#2321);
#2107=AXIS2_PLACEMENT_3D('',#2911,#2328,#2329);
#2108=AXIS2_PLACEMENT_3D('',#2924,#2336,#2337);
#2109=AXIS2_PLACEMENT_3D('',#2933,#2342,#2343);
#2110=AXIS2_PLACEMENT_3D('',#2939,#2347,#2348);
#2111=AXIS2_PLACEMENT_3D('',#2943,#2350,#2351);
#2112=AXIS2_PLACEMENT_3D('',#2948,#2354,#2355);
#2113=AXIS2_PLACEMENT_3D('',#2962,#2363,#2364);
#2114=AXIS2_PLACEMENT_3D('',#2977,#2372,#2373);
#2115=AXIS2_PLACEMENT_3D('',#2985,#2377,#2378);
#2116=AXIS2_PLACEMENT_3D('',#3025,#2398,#2399);
#2117=AXIS2_PLACEMENT_3D('',#3026,#2400,#2401);
#2118=AXIS2_PLACEMENT_3D('',#3032,#2404,#2405);
#2119=AXIS2_PLACEMENT_3D('',#3039,#2409,#2410);
#2120=AXIS2_PLACEMENT_3D('',#3057,#2419,#2420);
#2121=AXIS2_PLACEMENT_3D('',#3067,#2425,#2426);
#2122=AXIS2_PLACEMENT_3D('',#3081,#2433,#2434);
#2123=AXIS2_PLACEMENT_3D('',#3089,#2438,#2439);
#2124=AXIS2_PLACEMENT_3D('',#3090,#2440,#2441);
#2125=AXIS2_PLACEMENT_3D('',#3096,#2445,#2446);
#2126=AXIS2_PLACEMENT_3D('',#3102,#2450,#2451);
#2127=AXIS2_PLACEMENT_3D('',#3111,#2456,#2457);
#2128=AXIS2_PLACEMENT_3D('',#3120,#2462,#2463);
#2129=AXIS2_PLACEMENT_3D('',#3125,#2466,#2467);
#2130=AXIS2_PLACEMENT_3D('',#3127,#2468,#2469);
#2131=AXIS2_PLACEMENT_3D('',#3129,#2471,#2472);
#2132=AXIS2_PLACEMENT_3D('',#3131,#2474,#2475);
#2133=AXIS2_PLACEMENT_3D('',#3134,#2477,#2478);
#2134=AXIS2_PLACEMENT_3D('',#3140,#2482,#2483);
#2135=AXIS2_PLACEMENT_3D('',#3142,#2484,#2485);
#2136=AXIS2_PLACEMENT_3D('',#3143,#2486,#2487);
#2137=AXIS2_PLACEMENT_3D('',#3147,#2490,#2491);
#2138=AXIS2_PLACEMENT_3D('',#3148,#2492,#2493);
#2139=AXIS2_PLACEMENT_3D('',#3150,#2494,#2495);
#2140=AXIS2_PLACEMENT_3D('',#3154,#2498,#2499);
#2141=AXIS2_PLACEMENT_3D('',#3158,#2502,#2503);
#2142=AXIS2_PLACEMENT_3D('',#3159,#2504,#2505);
#2143=AXIS2_PLACEMENT_3D('',#3164,#2508,#2509);
#2144=AXIS2_PLACEMENT_3D('',#3166,#2510,#2511);
#2145=AXIS2_PLACEMENT_3D('',#3167,#2512,#2513);
#2146=AXIS2_PLACEMENT_3D('',#3173,#2518,#2519);
#2147=AXIS2_PLACEMENT_3D('',#3175,#2521,#2522);
#2148=AXIS2_PLACEMENT_3D('',#3182,#2527,#2528);
#2149=AXIS2_PLACEMENT_3D('',#3186,#2531,#2532);
#2150=AXIS2_PLACEMENT_3D('',#3190,#2535,#2536);
#2151=AXIS2_PLACEMENT_3D('',#3196,#2541,#2542);
#2152=AXIS2_PLACEMENT_3D('',#3198,#2544,#2545);
#2153=AXIS2_PLACEMENT_3D('',#3201,#2548,#2549);
#2154=AXIS2_PLACEMENT_3D('',#3203,#2551,#2552);
#2155=AXIS2_PLACEMENT_3D('',#3204,#2553,#2554);
#2156=AXIS2_PLACEMENT_3D('',#3218,#2562,#2563);
#2157=AXIS2_PLACEMENT_3D('',#3219,#2564,#2565);
#2158=AXIS2_PLACEMENT_3D('',#3225,#2569,#2570);
#2159=AXIS2_PLACEMENT_3D('',#3231,#2574,#2575);
#2160=AXIS2_PLACEMENT_3D('',#3237,#2579,#2580);
#2161=AXIS2_PLACEMENT_3D('',#3243,#2584,#2585);
#2162=AXIS2_PLACEMENT_3D('',#3246,#2588,#2589);
#2163=AXIS2_PLACEMENT_3D('',#3247,#2590,#2591);
#2164=AXIS2_PLACEMENT_3D('',#3249,#2592,#2593);
#2165=AXIS2_PLACEMENT_3D('',#3251,#2594,#2595);
#2166=AXIS2_PLACEMENT_3D('',#3253,#2596,#2597);
#2167=AXIS2_PLACEMENT_3D('',#3255,#2598,#2599);
#2168=AXIS2_PLACEMENT_3D('',#3257,#2600,#2601);
#2169=AXIS2_PLACEMENT_3D('',#3259,#2602,#2603);
#2170=AXIS2_PLACEMENT_3D('',#3261,#2604,#2605);
#2171=AXIS2_PLACEMENT_3D('',#3263,#2606,#2607);
#2172=AXIS2_PLACEMENT_3D('',#3265,#2608,#2609);
#2173=AXIS2_PLACEMENT_3D('',#3271,#2612,#2613);
#2174=AXIS2_PLACEMENT_3D('',#3273,#2614,#2615);
#2175=AXIS2_PLACEMENT_3D('',#3276,#2617,#2618);
#2176=AXIS2_PLACEMENT_3D('',#3280,#2621,#2622);
#2177=AXIS2_PLACEMENT_3D('',#3281,#2623,#2624);
#2178=AXIS2_PLACEMENT_3D('',#3285,#2627,#2628);
#2179=AXIS2_PLACEMENT_3D('',#3286,#2629,#2630);
#2180=AXIS2_PLACEMENT_3D('',#3287,#2631,#2632);
#2181=AXIS2_PLACEMENT_3D('',#3292,#2635,#2636);
#2182=AXIS2_PLACEMENT_3D('',#3294,#2638,#2639);
#2183=AXIS2_PLACEMENT_3D('',#3298,#2642,#2643);
#2184=AXIS2_PLACEMENT_3D('',#3302,#2646,#2647);
#2185=AXIS2_PLACEMENT_3D('',#3303,#2648,#2649);
#2186=AXIS2_PLACEMENT_3D('',#3305,#2651,#2652);
#2187=AXIS2_PLACEMENT_3D('',#3312,#2654,#2655);
#2188=AXIS2_PLACEMENT_3D('',#3317,#2656,#2657);
#2189=AXIS2_PLACEMENT_3D('',#3318,#2658,#2659);
#2190=AXIS2_PLACEMENT_3D('',#3319,#2660,#2661);
#2191=AXIS2_PLACEMENT_3D('',#3320,#2662,#2663);
#2192=AXIS2_PLACEMENT_3D('',#3321,#2664,#2665);
#2193=AXIS2_PLACEMENT_3D('',#3322,#2666,#2667);
#2194=AXIS2_PLACEMENT_3D('',#3335,#2668,#2669);
#2195=AXIS2_PLACEMENT_3D('',#3336,#2670,#2671);
#2196=AXIS2_PLACEMENT_3D('',#3337,#2672,#2673);
#2197=AXIS2_PLACEMENT_3D('',#3350,#2674,#2675);
#2198=AXIS2_PLACEMENT_3D('',#3351,#2676,#2677);
#2199=AXIS2_PLACEMENT_3D('',#3352,#2678,#2679);
#2200=AXIS2_PLACEMENT_3D('',#3353,#2680,#2681);
#2201=AXIS2_PLACEMENT_3D('',#3354,#2682,#2683);
#2202=AXIS2_PLACEMENT_3D('',#3357,#2685,#2686);
#2203=AXIS2_PLACEMENT_3D('',#3358,#2687,#2688);
#2204=AXIS2_PLACEMENT_3D('',#3359,#2689,#2690);
#2205=AXIS2_PLACEMENT_3D('',#3360,#2691,#2692);
#2206=AXIS2_PLACEMENT_3D('',#3361,#2693,#2694);
#2207=AXIS2_PLACEMENT_3D('',#3362,#2695,#2696);
#2208=AXIS2_PLACEMENT_3D('',#3363,#2697,#2698);
#2209=AXIS2_PLACEMENT_3D('',#3364,#2699,#2700);
#2210=AXIS2_PLACEMENT_3D('',#3365,#2701,#2702);
#2211=AXIS2_PLACEMENT_3D('',#3376,#2709,#2710);
#2212=AXIS2_PLACEMENT_3D('',#3378,#2712,#2713);
#2213=AXIS2_PLACEMENT_3D('',#3380,#2715,#2716);
#2214=AXIS2_PLACEMENT_3D('',#3384,#2719,#2720);
#2215=AXIS2_PLACEMENT_3D('',#3388,#2723,#2724);
#2216=AXIS2_PLACEMENT_3D('',#3392,#2727,#2728);
#2217=AXIS2_PLACEMENT_3D('',#3393,#2729,#2730);
#2218=AXIS2_PLACEMENT_3D('',#3394,#2731,#2732);
#2219=AXIS2_PLACEMENT_3D('',#3395,#2733,#2734);
#2220=AXIS2_PLACEMENT_3D('',#3399,#2737,#2738);
#2221=AXIS2_PLACEMENT_3D('',#3403,#2741,#2742);
#2222=AXIS2_PLACEMENT_3D('',#3407,#2745,#2746);
#2223=AXIS2_PLACEMENT_3D('',#3411,#2749,#2750);
#2224=AXIS2_PLACEMENT_3D('',#3413,#2752,#2753);
#2225=AXIS2_PLACEMENT_3D('',#3414,#2754,#2755);
#2226=AXIS2_PLACEMENT_3D('',#3415,#2756,#2757);
#2227=AXIS2_PLACEMENT_3D('',#3416,#2758,#2759);
#2228=AXIS2_PLACEMENT_3D('',#3418,#2760,#2761);
#2229=AXIS2_PLACEMENT_3D('',#3419,#2762,#2763);
#2230=AXIS2_PLACEMENT_3D('',#3420,#2764,#2765);
#2231=AXIS2_PLACEMENT_3D('',#3422,#2766,#2767);
#2232=AXIS2_PLACEMENT_3D('',#3423,#2768,#2769);
#2233=AXIS2_PLACEMENT_3D('',#3424,#2770,#2771);
#2234=AXIS2_PLACEMENT_3D('',#3426,#2772,#2773);
#2235=AXIS2_PLACEMENT_3D('',#3427,#2774,#2775);
#2236=AXIS2_PLACEMENT_3D('',#3428,#2776,#2777);
#2237=AXIS2_PLACEMENT_3D('',#3430,#2778,#2779);
#2238=AXIS2_PLACEMENT_3D('',#3431,#2780,#2781);
#2239=AXIS2_PLACEMENT_3D('',#3432,#2782,#2783);
#2240=AXIS2_PLACEMENT_3D('',#3434,#2784,#2785);
#2241=AXIS2_PLACEMENT_3D('',#3435,#2786,#2787);
#2242=AXIS2_PLACEMENT_3D('',#3436,#2788,#2789);
#2243=AXIS2_PLACEMENT_3D('',#3438,#2790,#2791);
#2244=AXIS2_PLACEMENT_3D('',#3439,#2792,#2793);
#2245=AXIS2_PLACEMENT_3D('',#3440,#2794,#2795);
#2246=AXIS2_PLACEMENT_3D('',#3442,#2796,#2797);
#2247=AXIS2_PLACEMENT_3D('',#3443,#2798,#2799);
#2248=AXIS2_PLACEMENT_3D('',#3444,#2800,#2801);
#2249=AXIS2_PLACEMENT_3D('',#3446,#2802,#2803);
#2250=AXIS2_PLACEMENT_3D('',#3447,#2804,#2805);
#2251=AXIS2_PLACEMENT_3D('',#3448,#2806,#2807);
#2252=AXIS2_PLACEMENT_3D('',#3450,#2808,#2809);
#2253=AXIS2_PLACEMENT_3D('',#3451,#2810,#2811);
#2254=AXIS2_PLACEMENT_3D('',#3452,#2812,#2813);
#2255=AXIS2_PLACEMENT_3D('',#3454,#2814,#2815);
#2256=AXIS2_PLACEMENT_3D('',#3455,#2816,#2817);
#2257=AXIS2_PLACEMENT_3D('',#3456,#2818,#2819);
#2258=AXIS2_PLACEMENT_3D('',#3457,#2820,#2821);
#2259=AXIS2_PLACEMENT_3D('',#3458,#2822,#2823);
#2260=AXIS2_PLACEMENT_3D('',#3459,#2824,#2825);
#2261=AXIS2_PLACEMENT_3D('',#3460,#2826,#2827);
#2262=AXIS2_PLACEMENT_3D('',#3461,#2828,#2829);
#2263=AXIS2_PLACEMENT_3D('',#3462,#2830,#2831);
#2264=AXIS2_PLACEMENT_3D('',#3463,#2832,#2833);
#2265=AXIS2_PLACEMENT_3D('',#3464,#2834,#2835);
#2266=AXIS2_PLACEMENT_3D('',#3465,#2836,#2837);
#2267=AXIS2_PLACEMENT_3D('',#3466,#2838,#2839);
#2268=AXIS2_PLACEMENT_3D('',#3467,#2840,#2841);
#2269=AXIS2_PLACEMENT_3D('',#3468,#2842,#2843);
#2270=AXIS2_PLACEMENT_3D('',#3470,#2845,#2846);
#2271=AXIS2_PLACEMENT_3D('',#3471,#2847,#2848);
#2272=AXIS2_PLACEMENT_3D('',#3472,#2849,#2850);
#2273=AXIS2_PLACEMENT_3D('',#3474,#2851,#2852);
#2274=AXIS2_PLACEMENT_3D('',#3475,#2853,#2854);
#2275=AXIS2_PLACEMENT_3D('',#3477,#2856,#2857);
#2276=DIRECTION('',(0.,0.,1.));
#2277=DIRECTION('',(1.,0.,0.));
#2278=DIRECTION('',(0.,0.,-1.));
#2279=DIRECTION('',(1.,0.,0.));
#2280=DIRECTION('',(1.,0.,0.));
#2281=DIRECTION('',(0.,1.,0.));
#2282=DIRECTION('',(-1.,0.,0.));
#2283=DIRECTION('',(0.,-1.,0.));
#2284=DIRECTION('',(0.,0.,-1.));
#2285=DIRECTION('',(-1.,0.,0.));
#2286=DIRECTION('',(0.,0.,-1.));
#2287=DIRECTION('',(-1.,0.,0.));
#2288=DIRECTION('',(0.,0.,-1.));
#2289=DIRECTION('',(-1.,0.,0.));
#2290=DIRECTION('',(0.,0.,-1.));
#2291=DIRECTION('',(-1.,0.,0.));
#2292=DIRECTION('',(0.,0.,-1.));
#2293=DIRECTION('',(-1.,0.,0.));
#2294=DIRECTION('',(0.,0.,-1.));
#2295=DIRECTION('',(-1.,0.,0.));
#2296=DIRECTION('',(0.,0.,-1.));
#2297=DIRECTION('',(-1.,0.,0.));
#2298=DIRECTION('',(0.,0.,-1.));
#2299=DIRECTION('',(-1.,0.,0.));
#2300=DIRECTION('',(0.,0.,-1.));
#2301=DIRECTION('',(-1.,0.,0.));
#2302=DIRECTION('',(0.,0.,-1.));
#2303=DIRECTION('',(-1.,0.,0.));
#2304=DIRECTION('',(0.,0.,-1.));
#2305=DIRECTION('',(-1.,0.,0.));
#2306=DIRECTION('',(0.,0.,-1.));
#2307=DIRECTION('',(-1.,0.,0.));
#2308=DIRECTION('',(0.,0.,-1.));
#2309=DIRECTION('',(-1.,0.,0.));
#2310=DIRECTION('',(0.,0.,-1.));
#2311=DIRECTION('',(-1.,0.,0.));
#2312=DIRECTION('',(0.,0.,-1.));
#2313=DIRECTION('',(-1.,0.,0.));
#2314=DIRECTION('',(0.,0.,-1.));
#2315=DIRECTION('',(-1.,0.,0.));
#2316=DIRECTION('',(0.,0.,-1.));
#2317=DIRECTION('',(-1.,0.,0.));
#2318=DIRECTION('',(0.,0.,-1.));
#2319=DIRECTION('',(-1.,0.,0.));
#2320=DIRECTION('',(0.,1.,0.));
#2321=DIRECTION('',(0.,0.,-1.));
#2322=DIRECTION('',(0.,0.,1.));
#2323=DIRECTION('',(-1.,-2.08166817117217E-16,0.));
#2324=DIRECTION('',(0.,0.,1.));
#2325=DIRECTION('',(1.,0.,0.));
#2326=DIRECTION('',(0.,0.,1.));
#2327=DIRECTION('',(1.,0.,0.));
#2328=DIRECTION('',(0.,1.,0.));
#2329=DIRECTION('',(0.,0.,-1.));
#2330=DIRECTION('',(1.,0.,0.));
#2331=DIRECTION('',(0.,0.,1.));
#2332=DIRECTION('',(1.,0.,0.));
#2333=DIRECTION('',(0.,0.,1.));
#2334=DIRECTION('',(-1.,-2.08166817117217E-16,0.));
#2335=DIRECTION('',(0.,0.,1.));
#2336=DIRECTION('',(0.,0.,-1.));
#2337=DIRECTION('',(1.,0.,0.));
#2338=DIRECTION('',(1.,0.,0.));
#2339=DIRECTION('',(-2.04085114820801E-16,1.,0.));
#2340=DIRECTION('',(1.,0.,0.));
#2341=DIRECTION('',(-2.08166817117217E-16,1.,0.));
#2342=DIRECTION('',(0.,0.,-1.));
#2343=DIRECTION('',(1.,0.,0.));
#2344=DIRECTION('',(-2.08166817117217E-16,1.,0.));
#2345=DIRECTION('',(-2.08166817117217E-16,1.,0.));
#2346=DIRECTION('',(1.,0.,0.));
#2347=DIRECTION('',(0.,0.,-1.));
#2348=DIRECTION('',(-1.,0.,0.));
#2349=DIRECTION('',(0.,1.,0.));
#2350=DIRECTION('',(0.,0.,-1.));
#2351=DIRECTION('',(-1.,0.,0.));
#2352=DIRECTION('',(1.,0.,0.));
#2353=DIRECTION('',(-2.08166817117217E-16,1.,0.));
#2354=DIRECTION('',(-1.,-2.04085114820801E-16,0.));
#2355=DIRECTION('',(2.04085114820801E-16,-1.,0.));
#2356=DIRECTION('',(0.,0.,-1.));
#2357=DIRECTION('',(-2.04085114820801E-16,1.,0.));
#2358=DIRECTION('',(0.,0.,1.));
#2359=DIRECTION('',(-2.04085114820801E-16,1.,0.));
#2360=DIRECTION('',(0.,0.,1.));
#2361=DIRECTION('',(-8.67361737988403E-16,1.,0.));
#2362=DIRECTION('',(0.,0.,-1.));
#2363=DIRECTION('',(0.,0.,-1.));
#2364=DIRECTION('',(1.,0.,0.));
#2365=DIRECTION('',(8.67361737988404E-16,-1.,0.));
#2366=DIRECTION('',(-1.,0.,0.));
#2367=DIRECTION('',(0.996917333733128,-0.0784590957278419,0.));
#2368=DIRECTION('',(-0.987688340595138,0.156434465040231,0.));
#2369=DIRECTION('',(0.942641491092178,-0.333806859233772,0.));
#2370=DIRECTION('',(-0.866025403784438,0.5,0.));
#2371=DIRECTION('',(0.5,0.86602540378444,0.));
#2372=DIRECTION('',(0.,0.,1.));
#2373=DIRECTION('',(1.,0.,0.));
#2374=DIRECTION('',(0.866025403784439,-0.5,0.));
#2375=DIRECTION('',(-0.5,-0.866025403784439,0.));
#2376=DIRECTION('',(0.866025403784439,-0.5,0.));
#2377=DIRECTION('',(0.,0.,1.));
#2378=DIRECTION('',(1.,0.,0.));
#2379=DIRECTION('',(-0.5,-0.866025403784439,0.));
#2380=DIRECTION('',(-0.866025403784439,0.5,0.));
#2381=DIRECTION('',(0.5,0.866025403784439,0.));
#2382=DIRECTION('',(-0.866025403784439,0.5,0.));
#2383=DIRECTION('',(0.5,0.866025403784439,0.));
#2384=DIRECTION('',(0.866025403784439,-0.5,0.));
#2385=DIRECTION('',(0.996055481687562,-0.0887326174535506,0.));
#2386=DIRECTION('',(0.15643446504023,0.987688340595138,0.));
#2387=DIRECTION('',(0.987688340595138,-0.156434465040231,0.));
#2388=DIRECTION('',(-0.156434465040231,-0.987688340595138,0.));
#2389=DIRECTION('',(-0.97218375567819,-0.234219438124697,0.));
#2390=DIRECTION('',(-1.,-3.46944695195362E-16,0.));
#2391=DIRECTION('',(0.,-1.,0.));
#2392=DIRECTION('',(1.,3.46944695195362E-16,0.));
#2393=DIRECTION('',(0.,-1.,0.));
#2394=DIRECTION('',(1.,0.,0.));
#2395=DIRECTION('',(0.,1.,0.));
#2396=DIRECTION('',(1.,0.,0.));
#2397=DIRECTION('',(0.,-1.,0.));
#2398=DIRECTION('',(0.,0.,1.));
#2399=DIRECTION('',(1.,0.,0.));
#2400=DIRECTION('',(0.,0.,-1.));
#2401=DIRECTION('',(1.,0.,0.));
#2402=DIRECTION('',(-0.5,-0.86602540378444,0.));
#2403=DIRECTION('',(-0.866025403784439,0.5,0.));
#2404=DIRECTION('',(0.,0.,-1.));
#2405=DIRECTION('',(-1.,0.,0.));
#2406=DIRECTION('',(0.987688340595139,-0.156434465040225,0.));
#2407=DIRECTION('',(-1.,0.,0.));
#2408=DIRECTION('',(0.,-1.,0.));
#2409=DIRECTION('',(0.,0.,1.));
#2410=DIRECTION('',(1.,0.,0.));
#2411=DIRECTION('',(0.,1.,0.));
#2412=DIRECTION('',(1.,0.,0.));
#2413=DIRECTION('',(0.,-1.,0.));
#2414=DIRECTION('',(1.,0.,0.));
#2415=DIRECTION('',(0.,-1.,0.));
#2416=DIRECTION('',(1.,3.46944695195362E-16,0.));
#2417=DIRECTION('',(0.,-1.,0.));
#2418=DIRECTION('',(-1.,-3.46944695195362E-16,0.));
#2419=DIRECTION('',(0.,0.,1.));
#2420=DIRECTION('',(1.,0.,0.));
#2421=DIRECTION('',(0.751548431192325,-0.659677918057255,0.));
#2422=DIRECTION('',(0.15643446504023,0.987688340595138,0.));
#2423=DIRECTION('',(0.987688340595138,-0.156434465040229,0.));
#2424=DIRECTION('',(-0.15643446504023,-0.987688340595138,0.));
#2425=DIRECTION('',(0.,0.,1.));
#2426=DIRECTION('',(1.,0.,0.));
#2427=DIRECTION('',(0.632076704286365,-0.774905826470861,0.));
#2428=DIRECTION('',(0.5,0.866025403784439,0.));
#2429=DIRECTION('',(-0.866025403784439,0.5,0.));
#2430=DIRECTION('',(-0.5,-0.866025403784439,0.));
#2431=DIRECTION('',(0.86602540378444,-0.5,0.));
#2432=DIRECTION('',(0.5,0.866025403784441,0.));
#2433=DIRECTION('',(0.,0.,1.));
#2434=DIRECTION('',(1.,0.,0.));
#2435=DIRECTION('',(-0.866025403784439,0.5,0.));
#2436=DIRECTION('',(0.5,0.866025403784439,0.));
#2437=DIRECTION('',(0.866025403784439,-0.5,0.));
#2438=DIRECTION('',(0.,0.,1.));
#2439=DIRECTION('',(1.,0.,0.));
#2440=DIRECTION('',(-0.5,-0.866025403784439,0.));
#2441=DIRECTION('',(0.866025403784439,-0.5,0.));
#2442=DIRECTION('',(0.,0.,1.));
#2443=DIRECTION('',(0.,0.,1.));
#2444=DIRECTION('',(0.866025403784439,-0.5,0.));
#2445=DIRECTION('',(0.5,0.86602540378444,0.));
#2446=DIRECTION('',(-0.86602540378444,0.5,0.));
#2447=DIRECTION('',(0.,0.,1.));
#2448=DIRECTION('',(0.,0.,1.));
#2449=DIRECTION('',(-0.866025403784439,0.5,0.));
#2450=DIRECTION('',(0.,0.,-1.));
#2451=DIRECTION('',(1.,0.,0.));
#2452=DIRECTION('',(-0.866025403784439,0.5,0.));
#2453=DIRECTION('',(0.5,0.866025403784439,0.));
#2454=DIRECTION('',(-0.866025403784439,0.5,0.));
#2455=DIRECTION('',(0.5,0.866025403784439,0.));
#2456=DIRECTION('',(0.,0.,-1.));
#2457=DIRECTION('',(1.,0.,0.));
#2458=DIRECTION('',(0.987688340595138,-0.156434465040229,0.));
#2459=DIRECTION('',(-0.156434465040231,-0.987688340595138,0.));
#2460=DIRECTION('',(0.987688340595138,-0.156434465040231,0.));
#2461=DIRECTION('',(0.15643446504023,0.987688340595138,0.));
#2462=DIRECTION('',(-1.,0.,0.));
#2463=DIRECTION('',(0.,0.,-1.));
#2464=DIRECTION('',(0.,-1.,0.));
#2465=DIRECTION('',(0.,0.,1.));
#2466=DIRECTION('',(-1.,0.,0.));
#2467=DIRECTION('',(0.,0.,1.));
#2468=DIRECTION('',(-1.,0.,0.));
#2469=DIRECTION('',(0.,0.,1.));
#2470=DIRECTION('',(0.,0.,1.));
#2471=DIRECTION('',(3.46944695195362E-16,-1.,0.));
#2472=DIRECTION('',(1.,3.46944695195362E-16,0.));
#2473=DIRECTION('',(0.,0.,1.));
#2474=DIRECTION('',(-3.46944695195362E-16,1.,0.));
#2475=DIRECTION('',(1.,3.46944695195362E-16,0.));
#2476=DIRECTION('',(0.,0.,1.));
#2477=DIRECTION('',(1.,0.,0.));
#2478=DIRECTION('',(0.,0.,1.));
#2479=DIRECTION('',(0.,0.,1.));
#2480=DIRECTION('',(0.,1.,0.));
#2481=DIRECTION('',(0.,0.,1.));
#2482=DIRECTION('',(1.,0.,0.));
#2483=DIRECTION('',(0.,0.,-1.));
#2484=DIRECTION('',(1.,0.,0.));
#2485=DIRECTION('',(0.,0.,-1.));
#2486=DIRECTION('',(0.,1.,0.));
#2487=DIRECTION('',(0.,0.,-1.));
#2488=DIRECTION('',(0.,0.,1.));
#2489=DIRECTION('',(1.,0.,0.));
#2490=DIRECTION('',(1.,0.,0.));
#2491=DIRECTION('',(0.,0.,1.));
#2492=DIRECTION('',(1.,0.,0.));
#2493=DIRECTION('',(0.,0.,-1.));
#2494=DIRECTION('',(1.,0.,0.));
#2495=DIRECTION('',(0.,0.,-1.));
#2496=DIRECTION('',(0.,0.,1.));
#2497=DIRECTION('',(0.,-1.,0.));
#2498=DIRECTION('',(3.46944695195362E-16,-1.,0.));
#2499=DIRECTION('',(1.,3.46944695195362E-16,0.));
#2500=DIRECTION('',(0.,0.,1.));
#2501=DIRECTION('',(0.,0.,1.));
#2502=DIRECTION('',(-3.46944695195362E-16,1.,0.));
#2503=DIRECTION('',(1.,3.46944695195362E-16,0.));
#2504=DIRECTION('',(0.234219438124697,-0.97218375567819,0.));
#2505=DIRECTION('',(0.97218375567819,0.234219438124697,0.));
#2506=DIRECTION('',(0.,0.,1.));
#2507=DIRECTION('',(-0.97218375567819,-0.234219438124697,0.));
#2508=DIRECTION('',(-0.234219438124697,0.97218375567819,0.));
#2509=DIRECTION('',(0.97218375567819,0.234219438124697,0.));
#2510=DIRECTION('',(-0.234219438124697,0.97218375567819,0.));
#2511=DIRECTION('',(0.97218375567819,0.234219438124697,0.));
#2512=DIRECTION('',(0.987688340595138,-0.156434465040231,0.));
#2513=DIRECTION('',(0.156434465040231,0.987688340595138,0.));
#2514=DIRECTION('',(0.,0.,1.));
#2515=DIRECTION('',(0.,0.,1.));
#2516=DIRECTION('',(-0.156434465040231,-0.987688340595138,0.));
#2517=DIRECTION('',(0.,0.,1.));
#2518=DIRECTION('',(0.156434465040231,0.987688340595138,0.));
#2519=DIRECTION('',(-0.987688340595138,0.156434465040231,0.));
#2520=DIRECTION('',(0.,0.,1.));
#2521=DIRECTION('',(-0.987688340595138,0.15643446504023,0.));
#2522=DIRECTION('',(-0.15643446504023,-0.987688340595138,0.));
#2523=DIRECTION('',(0.,0.,1.));
#2524=DIRECTION('',(0.156434465040231,0.987688340595138,0.));
#2525=DIRECTION('',(0.,0.,1.));
#2526=DIRECTION('',(0.,0.,1.));
#2527=DIRECTION('',(0.0887326174535506,0.996055481687562,0.));
#2528=DIRECTION('',(-0.996055481687562,0.0887326174535506,0.));
#2529=DIRECTION('',(0.,0.,1.));
#2530=DIRECTION('',(0.996055481687562,-0.0887326174535506,0.));
#2531=DIRECTION('',(0.5,0.866025403784439,0.));
#2532=DIRECTION('',(-0.866025403784439,0.5,0.));
#2533=DIRECTION('',(0.,0.,1.));
#2534=DIRECTION('',(0.866025403784439,-0.5,0.));
#2535=DIRECTION('',(-0.866025403784439,0.5,0.));
#2536=DIRECTION('',(-0.5,-0.866025403784439,0.));
#2537=DIRECTION('',(0.,0.,1.));
#2538=DIRECTION('',(0.,0.,1.));
#2539=DIRECTION('',(0.,0.,1.));
#2540=DIRECTION('',(-0.5,-0.86602540378444,0.));
#2541=DIRECTION('',(-0.5,-0.866025403784439,0.));
#2542=DIRECTION('',(0.866025403784439,-0.5,0.));
#2543=DIRECTION('',(0.,0.,1.));
#2544=DIRECTION('',(-0.866025403784439,0.5,0.));
#2545=DIRECTION('',(-0.5,-0.866025403784439,0.));
#2546=DIRECTION('',(0.5,0.866025403784439,0.));
#2547=DIRECTION('',(0.,0.,1.));
#2548=DIRECTION('',(0.866025403784439,-0.5,0.));
#2549=DIRECTION('',(0.5,0.866025403784439,0.));
#2550=DIRECTION('',(-0.5,-0.866025403784439,0.));
#2551=DIRECTION('',(-0.866025403784439,0.5,0.));
#2552=DIRECTION('',(0.5,0.866025403784439,0.));
#2553=DIRECTION('',(-0.86602540378444,0.5,0.));
#2554=DIRECTION('',(-0.5,-0.86602540378444,0.));
#2555=DIRECTION('',(0.,0.,1.));
#2556=DIRECTION('',(0.5,0.866025403784439,0.));
#2557=DIRECTION('',(0.,0.,1.));
#2558=DIRECTION('',(0.5,0.86602540378444,0.));
#2559=DIRECTION('',(0.,0.,1.));
#2560=DIRECTION('',(-0.5,-0.86602540378444,0.));
#2561=DIRECTION('',(0.,0.,1.));
#2562=DIRECTION('',(0.86602540378444,-0.5,0.));
#2563=DIRECTION('',(-0.5,-0.86602540378444,0.));
#2564=DIRECTION('',(-0.5,-0.866025403784438,0.));
#2565=DIRECTION('',(0.866025403784438,-0.5,0.));
#2566=DIRECTION('',(-0.866025403784438,0.5,0.));
#2567=DIRECTION('',(0.,0.,1.));
#2568=DIRECTION('',(-0.866025403784438,0.5,0.));
#2569=DIRECTION('',(0.333806859233772,0.942641491092178,0.));
#2570=DIRECTION('',(-0.942641491092178,0.333806859233772,0.));
#2571=DIRECTION('',(0.942641491092178,-0.333806859233772,0.));
#2572=DIRECTION('',(0.,0.,1.));
#2573=DIRECTION('',(0.942641491092178,-0.333806859233772,0.));
#2574=DIRECTION('',(-0.156434465040231,-0.987688340595138,0.));
#2575=DIRECTION('',(0.987688340595138,-0.156434465040231,0.));
#2576=DIRECTION('',(-0.987688340595138,0.156434465040231,0.));
#2577=DIRECTION('',(0.,0.,1.));
#2578=DIRECTION('',(-0.987688340595138,0.156434465040231,0.));
#2579=DIRECTION('',(0.0784590957278419,0.996917333733128,0.));
#2580=DIRECTION('',(-0.996917333733128,0.0784590957278419,0.));
#2581=DIRECTION('',(0.996917333733128,-0.0784590957278419,0.));
#2582=DIRECTION('',(0.,0.,1.));
#2583=DIRECTION('',(0.996917333733128,-0.0784590957278419,0.));
#2584=DIRECTION('',(0.,-1.,0.));
#2585=DIRECTION('',(0.,0.,1.));
#2586=DIRECTION('',(-1.,0.,0.));
#2587=DIRECTION('',(-1.,0.,0.));
#2588=DIRECTION('',(0.,0.,-1.));
#2589=DIRECTION('',(1.,0.,0.));
#2590=DIRECTION('',(0.,0.,1.));
#2591=DIRECTION('',(1.,0.,0.));
#2592=DIRECTION('',(0.,0.,1.));
#2593=DIRECTION('',(1.,0.,0.));
#2594=DIRECTION('',(0.,0.,1.));
#2595=DIRECTION('',(1.,0.,0.));
#2596=DIRECTION('',(0.,0.,1.));
#2597=DIRECTION('',(1.,0.,0.));
#2598=DIRECTION('',(0.,0.,1.));
#2599=DIRECTION('',(1.,0.,0.));
#2600=DIRECTION('',(0.,0.,1.));
#2601=DIRECTION('',(1.,0.,0.));
#2602=DIRECTION('',(0.,0.,1.));
#2603=DIRECTION('',(1.,0.,0.));
#2604=DIRECTION('',(0.,0.,1.));
#2605=DIRECTION('',(1.,0.,0.));
#2606=DIRECTION('',(0.,0.,1.));
#2607=DIRECTION('',(1.,0.,0.));
#2608=DIRECTION('',(0.,0.,1.));
#2609=DIRECTION('',(1.,0.,0.));
#2610=DIRECTION('',(-1.,0.,0.));
#2611=DIRECTION('',(0.987688340595138,-0.156434465040227,0.));
#2612=DIRECTION('',(0.,0.,1.));
#2613=DIRECTION('',(1.,0.,0.));
#2614=DIRECTION('',(0.,0.,1.));
#2615=DIRECTION('',(1.,0.,0.));
#2616=DIRECTION('',(-0.866025403784439,0.5,0.));
#2617=DIRECTION('',(-0.5,-0.866025403784439,0.));
#2618=DIRECTION('',(0.866025403784439,-0.5,0.));
#2619=DIRECTION('',(0.,0.,-1.));
#2620=DIRECTION('',(-0.866025403784439,0.5,0.));
#2621=DIRECTION('',(-0.5,-0.866025403784439,0.));
#2622=DIRECTION('',(0.866025403784439,-0.5,0.));
#2623=DIRECTION('',(0.774905826470861,0.632076704286365,0.));
#2624=DIRECTION('',(-0.632076704286365,0.774905826470861,0.));
#2625=DIRECTION('',(0.632076704286365,-0.774905826470861,0.));
#2626=DIRECTION('',(0.,0.,1.));
#2627=DIRECTION('',(0.156434465040229,0.987688340595138,0.));
#2628=DIRECTION('',(-0.987688340595138,0.156434465040229,0.));
#2629=DIRECTION('',(0.659677918057255,0.751548431192325,0.));
#2630=DIRECTION('',(-0.751548431192325,0.659677918057255,0.));
#2631=DIRECTION('',(-0.659677918057255,-0.751548431192325,0.));
#2632=DIRECTION('',(-0.751548431192325,0.659677918057255,0.));
#2633=DIRECTION('',(0.751548431192325,-0.659677918057255,0.));
#2634=DIRECTION('',(0.,0.,1.));
#2635=DIRECTION('',(0.,1.,0.));
#2636=DIRECTION('',(0.,0.,-1.));
#2637=DIRECTION('',(1.,0.,0.));
#2638=DIRECTION('',(0.,-1.,0.));
#2639=DIRECTION('',(0.,0.,1.));
#2640=DIRECTION('',(-1.,0.,0.));
#2641=DIRECTION('',(0.,0.,1.));
#2642=DIRECTION('',(0.156434465040227,0.987688340595138,0.));
#2643=DIRECTION('',(-0.987688340595138,0.156434465040227,0.));
#2644=DIRECTION('',(0.987688340595138,-0.156434465040227,0.));
#2645=DIRECTION('',(0.,0.,1.));
#2646=DIRECTION('',(0.,0.,-1.));
#2647=DIRECTION('',(1.,0.,0.));
#2648=DIRECTION('',(0.,0.,-1.));
#2649=DIRECTION('',(1.,0.,0.));
#2650=DIRECTION('',(0.,1.,0.));
#2651=DIRECTION('',(0.,1.,0.));
#2652=DIRECTION('',(0.,0.,-1.));
#2653=DIRECTION('',(0.,1.,0.));
#2654=DIRECTION('',(0.,1.,0.));
#2655=DIRECTION('',(0.,0.,-1.));
#2656=DIRECTION('',(0.,0.,-1.));
#2657=DIRECTION('',(1.,0.,0.));
#2658=DIRECTION('',(0.,0.,-1.));
#2659=DIRECTION('',(1.,0.,0.));
#2660=DIRECTION('',(0.,0.,1.));
#2661=DIRECTION('',(1.,0.,0.));
#2662=DIRECTION('',(0.,0.,-1.));
#2663=DIRECTION('',(1.,0.,0.));
#2664=DIRECTION('',(0.,0.,-1.));
#2665=DIRECTION('',(1.,0.,0.));
#2666=DIRECTION('',(0.866025403784439,-0.5,0.));
#2667=DIRECTION('',(0.5,0.866025403784439,0.));
#2668=DIRECTION('',(-0.866025403784439,0.5,0.));
#2669=DIRECTION('',(0.5,0.866025403784439,0.));
#2670=DIRECTION('',(0.86602540378444,-0.5,0.));
#2671=DIRECTION('',(-0.5,-0.86602540378444,0.));
#2672=DIRECTION('',(0.866025403784439,-0.5,0.));
#2673=DIRECTION('',(0.5,0.866025403784439,0.));
#2674=DIRECTION('',(-0.866025403784439,0.5,0.));
#2675=DIRECTION('',(0.5,0.866025403784439,0.));
#2676=DIRECTION('',(-0.866025403784439,0.5,0.));
#2677=DIRECTION('',(0.5,0.866025403784439,0.));
#2678=DIRECTION('',(0.866025403784439,-0.5,0.));
#2679=DIRECTION('',(0.5,0.866025403784439,0.));
#2680=DIRECTION('',(0.,0.,1.));
#2681=DIRECTION('',(-1.,0.,0.));
#2682=DIRECTION('',(0.,0.,1.));
#2683=DIRECTION('',(1.,0.,0.));
#2684=DIRECTION('',(0.,0.,1.));
#2685=DIRECTION('',(0.,0.,1.));
#2686=DIRECTION('',(-1.,0.,0.));
#2687=DIRECTION('',(0.,0.,1.));
#2688=DIRECTION('',(1.,0.,0.));
#2689=DIRECTION('',(-0.86602540378444,0.5,0.));
#2690=DIRECTION('',(-0.5,-0.86602540378444,0.));
#2691=DIRECTION('',(0.,0.,1.));
#2692=DIRECTION('',(-1.,0.,0.));
#2693=DIRECTION('',(0.,0.,-1.));
#2694=DIRECTION('',(-1.,0.,0.));
#2695=DIRECTION('',(0.,0.,-1.));
#2696=DIRECTION('',(1.,0.,0.));
#2697=DIRECTION('',(0.,0.,-1.));
#2698=DIRECTION('',(-1.,0.,0.));
#2699=DIRECTION('',(0.866025403784439,-0.5,0.));
#2700=DIRECTION('',(0.5,0.866025403784439,0.));
#2701=DIRECTION('',(1.,2.08166817117217E-16,0.));
#2702=DIRECTION('',(-2.08166817117217E-16,1.,0.));
#2703=DIRECTION('',(0.,-1.,0.));
#2704=DIRECTION('',(0.,0.,1.));
#2705=DIRECTION('',(0.,0.,1.));
#2706=DIRECTION('',(8.67361737988404E-16,-1.,0.));
#2707=DIRECTION('',(0.,0.,1.));
#2708=DIRECTION('',(0.,0.,1.));
#2709=DIRECTION('',(0.,-1.,0.));
#2710=DIRECTION('',(1.,0.,0.));
#2711=DIRECTION('',(-1.,-8.67361737988408E-16,0.));
#2712=DIRECTION('',(0.,1.,0.));
#2713=DIRECTION('',(-1.,0.,0.));
#2714=DIRECTION('',(1.,0.,0.));
#2715=DIRECTION('',(0.5,0.866025403784439,0.));
#2716=DIRECTION('',(-0.866025403784439,0.5,0.));
#2717=DIRECTION('',(-0.866025403784439,0.5,0.));
#2718=DIRECTION('',(0.,0.,1.));
#2719=DIRECTION('',(0.,1.,0.));
#2720=DIRECTION('',(0.,0.,1.));
#2721=DIRECTION('',(0.,0.,1.));
#2722=DIRECTION('',(-1.,0.,0.));
#2723=DIRECTION('',(-0.156434465040225,-0.987688340595138,0.));
#2724=DIRECTION('',(0.987688340595139,-0.156434465040225,0.));
#2725=DIRECTION('',(0.,0.,1.));
#2726=DIRECTION('',(0.987688340595139,-0.156434465040225,0.));
#2727=DIRECTION('',(0.,0.,1.));
#2728=DIRECTION('',(1.,0.,0.));
#2729=DIRECTION('',(0.,0.,-1.));
#2730=DIRECTION('',(-1.,0.,0.));
#2731=DIRECTION('',(0.,0.,-1.));
#2732=DIRECTION('',(1.,0.,0.));
#2733=DIRECTION('',(0.5,0.866025403784438,0.));
#2734=DIRECTION('',(-0.866025403784438,0.5,0.));
#2735=DIRECTION('',(0.,0.,1.));
#2736=DIRECTION('',(-0.866025403784438,0.5,0.));
#2737=DIRECTION('',(-0.333806859233772,-0.942641491092178,0.));
#2738=DIRECTION('',(0.942641491092178,-0.333806859233772,0.));
#2739=DIRECTION('',(0.,0.,1.));
#2740=DIRECTION('',(0.942641491092178,-0.333806859233772,0.));
#2741=DIRECTION('',(0.156434465040231,0.987688340595138,0.));
#2742=DIRECTION('',(-0.987688340595138,0.156434465040231,0.));
#2743=DIRECTION('',(0.,0.,1.));
#2744=DIRECTION('',(-0.987688340595138,0.156434465040231,0.));
#2745=DIRECTION('',(-0.0784590957278419,-0.996917333733128,0.));
#2746=DIRECTION('',(0.996917333733128,-0.0784590957278419,0.));
#2747=DIRECTION('',(0.,0.,1.));
#2748=DIRECTION('',(0.996917333733128,-0.0784590957278419,0.));
#2749=DIRECTION('',(0.,1.,0.));
#2750=DIRECTION('',(0.,0.,1.));
#2751=DIRECTION('',(-1.,0.,0.));
#2752=DIRECTION('',(0.,0.,-1.));
#2753=DIRECTION('',(1.,0.,0.));
#2754=DIRECTION('',(0.,0.,1.));
#2755=DIRECTION('',(1.,0.,0.));
#2756=DIRECTION('',(0.,0.,1.));
#2757=DIRECTION('',(1.,0.,0.));
#2758=DIRECTION('',(0.,0.,1.));
#2759=DIRECTION('',(1.,0.,0.));
#2760=DIRECTION('',(0.,0.,1.));
#2761=DIRECTION('',(1.,0.,0.));
#2762=DIRECTION('',(0.,0.,1.));
#2763=DIRECTION('',(1.,0.,0.));
#2764=DIRECTION('',(0.,0.,1.));
#2765=DIRECTION('',(1.,0.,0.));
#2766=DIRECTION('',(0.,0.,1.));
#2767=DIRECTION('',(1.,0.,0.));
#2768=DIRECTION('',(0.,0.,1.));
#2769=DIRECTION('',(1.,0.,0.));
#2770=DIRECTION('',(0.,0.,1.));
#2771=DIRECTION('',(1.,0.,0.));
#2772=DIRECTION('',(0.,0.,1.));
#2773=DIRECTION('',(1.,0.,0.));
#2774=DIRECTION('',(0.,0.,1.));
#2775=DIRECTION('',(1.,0.,0.));
#2776=DIRECTION('',(0.,0.,1.));
#2777=DIRECTION('',(1.,0.,0.));
#2778=DIRECTION('',(0.,0.,1.));
#2779=DIRECTION('',(1.,0.,0.));
#2780=DIRECTION('',(0.,0.,1.));
#2781=DIRECTION('',(1.,0.,0.));
#2782=DIRECTION('',(0.,0.,1.));
#2783=DIRECTION('',(1.,0.,0.));
#2784=DIRECTION('',(0.,0.,1.));
#2785=DIRECTION('',(1.,0.,0.));
#2786=DIRECTION('',(0.,0.,1.));
#2787=DIRECTION('',(1.,0.,0.));
#2788=DIRECTION('',(0.,0.,1.));
#2789=DIRECTION('',(1.,0.,0.));
#2790=DIRECTION('',(0.,0.,1.));
#2791=DIRECTION('',(1.,0.,0.));
#2792=DIRECTION('',(0.,0.,1.));
#2793=DIRECTION('',(1.,0.,0.));
#2794=DIRECTION('',(0.,0.,1.));
#2795=DIRECTION('',(1.,0.,0.));
#2796=DIRECTION('',(0.,0.,1.));
#2797=DIRECTION('',(1.,0.,0.));
#2798=DIRECTION('',(0.,0.,1.));
#2799=DIRECTION('',(1.,0.,0.));
#2800=DIRECTION('',(0.,0.,1.));
#2801=DIRECTION('',(1.,0.,0.));
#2802=DIRECTION('',(0.,0.,1.));
#2803=DIRECTION('',(1.,0.,0.));
#2804=DIRECTION('',(0.,0.,1.));
#2805=DIRECTION('',(1.,0.,0.));
#2806=DIRECTION('',(0.,0.,1.));
#2807=DIRECTION('',(1.,0.,0.));
#2808=DIRECTION('',(0.,0.,1.));
#2809=DIRECTION('',(1.,0.,0.));
#2810=DIRECTION('',(0.,0.,1.));
#2811=DIRECTION('',(1.,0.,0.));
#2812=DIRECTION('',(0.,0.,1.));
#2813=DIRECTION('',(1.,0.,0.));
#2814=DIRECTION('',(0.,0.,1.));
#2815=DIRECTION('',(1.,0.,0.));
#2816=DIRECTION('',(-1.,0.,0.));
#2817=DIRECTION('',(0.,0.,1.));
#2818=DIRECTION('',(1.,2.08166817117217E-16,0.));
#2819=DIRECTION('',(-2.08166817117217E-16,1.,0.));
#2820=DIRECTION('',(-1.,0.,0.));
#2821=DIRECTION('',(0.,0.,1.));
#2822=DIRECTION('',(0.,0.,-1.));
#2823=DIRECTION('',(-1.,0.,0.));
#2824=DIRECTION('',(0.,-1.,0.));
#2825=DIRECTION('',(0.,0.,-1.));
#2826=DIRECTION('',(0.,1.,0.));
#2827=DIRECTION('',(0.,0.,1.));
#2828=DIRECTION('',(0.,-1.,0.));
#2829=DIRECTION('',(0.,0.,-1.));
#2830=DIRECTION('',(0.,0.,-1.));
#2831=DIRECTION('',(-1.,0.,0.));
#2832=DIRECTION('',(1.,0.,0.));
#2833=DIRECTION('',(0.,0.,-1.));
#2834=DIRECTION('',(1.,0.,0.));
#2835=DIRECTION('',(0.,0.,-1.));
#2836=DIRECTION('',(1.,2.08166817117217E-16,0.));
#2837=DIRECTION('',(-2.08166817117217E-16,1.,0.));
#2838=DIRECTION('',(1.,2.08166817117217E-16,0.));
#2839=DIRECTION('',(-2.08166817117217E-16,1.,0.));
#2840=DIRECTION('',(1.,2.08166817117217E-16,0.));
#2841=DIRECTION('',(-2.08166817117217E-16,1.,0.));
#2842=DIRECTION('',(1.,0.,0.));
#2843=DIRECTION('',(0.,0.,-1.));
#2844=DIRECTION('',(1.,0.,0.));
#2845=DIRECTION('',(1.,0.,0.));
#2846=DIRECTION('',(0.,0.,-1.));
#2847=DIRECTION('',(1.,0.,0.));
#2848=DIRECTION('',(0.,0.,-1.));
#2849=DIRECTION('',(1.,0.,0.));
#2850=DIRECTION('',(0.,0.,-1.));
#2851=DIRECTION('',(1.,0.,0.));
#2852=DIRECTION('',(0.,0.,-1.));
#2853=DIRECTION('',(1.,3.46944695195362E-16,0.));
#2854=DIRECTION('',(-3.46944695195362E-16,1.,0.));
#2855=DIRECTION('',(1.,3.46944695195362E-16,0.));
#2856=DIRECTION('',(1.,3.46944695195362E-16,0.));
#2857=DIRECTION('',(-3.46944695195362E-16,1.,0.));
#2858=CARTESIAN_POINT('',(0.,0.,0.));
#2859=CARTESIAN_POINT('',(0.08025,-0.035,-0.0225));
#2860=CARTESIAN_POINT('',(0.0845,-0.0475,-0.0225));
#2861=CARTESIAN_POINT('',(0.0795,-0.0475,-0.0225));
#2862=CARTESIAN_POINT('',(0.0926698729810778,-0.0475,-0.0225));
#2863=CARTESIAN_POINT('',(0.0795,-0.035,-0.0225));
#2864=CARTESIAN_POINT('',(0.0795,-0.0225,-0.0225));
#2865=CARTESIAN_POINT('',(0.0845,-0.0225,-0.0225));
#2866=CARTESIAN_POINT('',(0.0926698729810778,-0.0225,-0.0225));
#2867=CARTESIAN_POINT('',(0.0926698729810778,-0.0225,-0.0225));
#2868=CARTESIAN_POINT('',(0.028,-0.0065,2.000000000002E-6));
#2869=CARTESIAN_POINT('',(0.028,-0.0065,-0.035));
#2870=CARTESIAN_POINT('',(0.02665,-0.0065,-0.035));
#2871=CARTESIAN_POINT('',(0.028,-0.0065,-0.009));
#2872=CARTESIAN_POINT('',(0.02665,-0.0065,-0.009));
#2873=CARTESIAN_POINT('',(0.028,-0.0635,2.000000000002E-6));
#2874=CARTESIAN_POINT('',(0.028,-0.0635,-0.035));
#2875=CARTESIAN_POINT('',(0.02665,-0.0635,-0.035));
#2876=CARTESIAN_POINT('',(0.028,-0.0635,-0.009));
#2877=CARTESIAN_POINT('',(0.02665,-0.0635,-0.009));
#2878=CARTESIAN_POINT('',(0.121110467319178,-0.0741436402960205,2.000000000002E-6));
#2879=CARTESIAN_POINT('',(0.121110467319178,-0.0741436402960205,-0.035));
#2880=CARTESIAN_POINT('',(0.119760467319178,-0.0741436402960205,-0.035));
#2881=CARTESIAN_POINT('',(0.121110467319178,-0.0741436402960205,-0.009));
#2882=CARTESIAN_POINT('',(0.119760467319178,-0.0741436402960205,-0.009));
#2883=CARTESIAN_POINT('',(0.0840292180433685,-0.0575,2.000000000002E-6));
#2884=CARTESIAN_POINT('',(0.0840292180433685,-0.0575,-0.035));
#2885=CARTESIAN_POINT('',(0.0826792180433685,-0.0575,-0.035));
#2886=CARTESIAN_POINT('',(0.0840292180433685,-0.0575,-0.009));
#2887=CARTESIAN_POINT('',(0.0826792180433685,-0.0575,-0.009));
#2888=CARTESIAN_POINT('',(0.0845,-0.0125,2.000000000002E-6));
#2889=CARTESIAN_POINT('',(0.0845,-0.0125,-0.035));
#2890=CARTESIAN_POINT('',(0.08315,-0.0125,-0.035));
#2891=CARTESIAN_POINT('',(0.0845,-0.0125,-0.009));
#2892=CARTESIAN_POINT('',(0.08315,-0.0125,-0.009));
#2893=CARTESIAN_POINT('',(0.147110467319178,-0.0291103192992296,2.000000000002E-6));
#2894=CARTESIAN_POINT('',(0.147110467319178,-0.0291103192992296,-0.035));
#2895=CARTESIAN_POINT('',(0.145760467319178,-0.0291103192992296,-0.035));
#2896=CARTESIAN_POINT('',(0.147110467319178,-0.0291103192992296,-0.009));
#2897=CARTESIAN_POINT('',(0.145760467319178,-0.0291103192992296,-0.009));
#2898=CARTESIAN_POINT('',(0.033,-0.06,-0.035));
#2899=CARTESIAN_POINT('',(-0.008,-0.06,-0.012));
#2900=CARTESIAN_POINT('',(-0.008,-0.06,-0.035));
#2901=CARTESIAN_POINT('',(-0.008,-0.06,-0.01));
#2902=CARTESIAN_POINT('',(0.002,-0.06,-0.01));
#2903=CARTESIAN_POINT('',(0.002,-0.06,-0.01));
#2904=CARTESIAN_POINT('',(0.002,-0.06,-0.012));
#2905=CARTESIAN_POINT('',(0.002,-0.06,-0.015));
#2906=CARTESIAN_POINT('',(0.056,-0.06,-0.015));
#2907=CARTESIAN_POINT('',(0.056,-0.06,-0.015));
#2908=CARTESIAN_POINT('',(0.056,-0.06,-0.035));
#2909=CARTESIAN_POINT('',(0.056,-0.06,-0.035));
#2910=CARTESIAN_POINT('',(0.033,-0.06,-0.035));
#2911=CARTESIAN_POINT('',(0.033,-0.01,-0.035));
#2912=CARTESIAN_POINT('',(0.033,-0.01,-0.035));
#2913=CARTESIAN_POINT('',(-0.008,-0.01,-0.035));
#2914=CARTESIAN_POINT('',(0.056,-0.01,-0.035));
#2915=CARTESIAN_POINT('',(0.056,-0.01,-0.035));
#2916=CARTESIAN_POINT('',(0.056,-0.01,-0.015));
#2917=CARTESIAN_POINT('',(0.033,-0.01,-0.015));
#2918=CARTESIAN_POINT('',(0.002,-0.01,-0.015));
#2919=CARTESIAN_POINT('',(0.002,-0.01,-0.012));
#2920=CARTESIAN_POINT('',(0.002,-0.01,-0.01));
#2921=CARTESIAN_POINT('',(0.002,-0.01,-0.01));
#2922=CARTESIAN_POINT('',(-0.008,-0.01,-0.01));
#2923=CARTESIAN_POINT('',(-0.008,-0.01,-0.012));
#2924=CARTESIAN_POINT('',(0.028,-0.035,-0.012));
#2925=CARTESIAN_POINT('',(0.033,-0.058,-0.012));
#2926=CARTESIAN_POINT('',(-0.01,-0.058,-0.012));
#2927=CARTESIAN_POINT('',(-0.008,-0.058,-0.012));
#2928=CARTESIAN_POINT('',(-0.01,-0.053,-0.012));
#2929=CARTESIAN_POINT('',(-0.01,-0.012,-0.012));
#2930=CARTESIAN_POINT('',(0.033,-0.012,-0.012));
#2931=CARTESIAN_POINT('',(-0.008,-0.012,-0.012));
#2932=CARTESIAN_POINT('',(-0.008,-0.035,-0.012));
#2933=CARTESIAN_POINT('',(0.0906556282806193,-0.0499758264989563,-0.01));
#2934=CARTESIAN_POINT('',(-0.008,-0.035,-0.01));
#2935=CARTESIAN_POINT('',(0.002,-0.035,-0.01));
#2936=CARTESIAN_POINT('',(0.002,-0.015,-0.01));
#2937=CARTESIAN_POINT('',(0.0906556282806193,-0.015,-0.01));
#2938=CARTESIAN_POINT('',(0.056,-0.015,-0.01));
#2939=CARTESIAN_POINT('',(0.056,-0.02,-0.01));
#2940=CARTESIAN_POINT('',(0.061,-0.02,-0.01));
#2941=CARTESIAN_POINT('',(0.061,-0.0499758264989563,-0.01));
#2942=CARTESIAN_POINT('',(0.061,-0.05,-0.01));
#2943=CARTESIAN_POINT('',(0.056,-0.05,-0.01));
#2944=CARTESIAN_POINT('',(0.056,-0.055,-0.01));
#2945=CARTESIAN_POINT('',(-0.008,-0.055,-0.01));
#2946=CARTESIAN_POINT('',(0.002,-0.055,-0.01));
#2947=CARTESIAN_POINT('',(0.002,-0.035,-0.01));
#2948=CARTESIAN_POINT('',(-0.01,-0.017,-0.035));
#2949=CARTESIAN_POINT('',(-0.01,-0.058,-0.01));
#2950=CARTESIAN_POINT('',(-0.01,-0.058,-0.039));
#2951=CARTESIAN_POINT('',(-0.01,-0.053,-0.039));
#2952=CARTESIAN_POINT('',(-0.01,-0.07,-0.039));
#2953=CARTESIAN_POINT('',(-0.01,-0.07,-0.035));
#2954=CARTESIAN_POINT('',(-0.01,-0.07,0.));
#2955=CARTESIAN_POINT('',(-0.01,-0.017,0.));
#2956=CARTESIAN_POINT('',(-0.01,-9.91270557701033E-19,0.));
#2957=CARTESIAN_POINT('',(-0.01,-9.91270557701033E-19,-0.035));
#2958=CARTESIAN_POINT('',(-0.01,0.,-0.039));
#2959=CARTESIAN_POINT('',(-0.01,-0.007,-0.039));
#2960=CARTESIAN_POINT('',(-0.01,-0.012,-0.039));
#2961=CARTESIAN_POINT('',(-0.01,-0.012,-0.01));
#2962=CARTESIAN_POINT('',(0.107286553794009,-0.0620314344650402,-0.035));
#2963=CARTESIAN_POINT('',(-0.008,-0.007,-0.035));
#2964=CARTESIAN_POINT('',(-0.008,-0.002,-0.035));
#2965=CARTESIAN_POINT('',(0.0432107098929923,-0.002,-0.035));
#2966=CARTESIAN_POINT('',(0.0944214197859847,-0.002,-0.035));
#2967=CARTESIAN_POINT('',(0.0998182880849523,-0.00242474274663641,-0.035));
#2968=CARTESIAN_POINT('',(0.10521515638392,-0.00284948549327281,-0.035));
#2969=CARTESIAN_POINT('',(0.106073282534831,-0.00298539932341278,-0.035));
#2970=CARTESIAN_POINT('',(0.106931408685743,-0.00312131315355276,-0.035));
#2971=CARTESIAN_POINT('',(0.118782969239131,-0.00731817085897978,-0.035));
#2972=CARTESIAN_POINT('',(0.130634529792519,-0.0115150285644068,-0.035));
#2973=CARTESIAN_POINT('',(0.151772575629573,-0.0237190850185727,-0.035));
#2974=CARTESIAN_POINT('',(0.172910621466628,-0.0359231414727385,-0.035));
#2975=CARTESIAN_POINT('',(0.171785621466628,-0.0378716986312536,-0.035));
#2976=CARTESIAN_POINT('',(0.172160621466628,-0.0372221795784152,-0.035));
#2977=CARTESIAN_POINT('',(0.180820875504472,-0.0422221795784152,-0.035));
#2978=CARTESIAN_POINT('',(0.175820875504472,-0.0508824336162596,-0.035));
#2979=CARTESIAN_POINT('',(0.16707401892625,-0.0458324336162596,-0.035));
#2980=CARTESIAN_POINT('',(0.188811256561239,-0.0583824336162596,-0.035));
#2981=CARTESIAN_POINT('',(0.188811256561238,-0.0583824336162596,-0.035));
#2982=CARTESIAN_POINT('',(0.186311256561238,-0.0627125606351818,-0.035));
#2983=CARTESIAN_POINT('',(0.160330494447706,-0.0477125606351818,-0.035));
#2984=CARTESIAN_POINT('',(0.158165430938244,-0.0464625606351818,-0.035));
#2985=CARTESIAN_POINT('',(0.159415430938244,-0.0442974971257207,-0.035));
#2986=CARTESIAN_POINT('',(0.157250367428784,-0.0430474971257207,-0.035));
#2987=CARTESIAN_POINT('',(0.156875367428783,-0.043697016178559,-0.035));
#2988=CARTESIAN_POINT('',(0.157750367428784,-0.0421814717219363,-0.035));
#2989=CARTESIAN_POINT('',(0.131553098964304,-0.0270564717219363,-0.035));
#2990=CARTESIAN_POINT('',(0.130470567209574,-0.0264314717219363,-0.035));
#2991=CARTESIAN_POINT('',(0.131720567209574,-0.0242664082124752,-0.035));
#2992=CARTESIAN_POINT('',(0.132970567209574,-0.0221013447030141,-0.035));
#2993=CARTESIAN_POINT('',(0.130805503700112,-0.0208513447030141,-0.035));
#2994=CARTESIAN_POINT('',(0.128640440190651,-0.0196013447030141,-0.035));
#2995=CARTESIAN_POINT('',(0.127390440190651,-0.0217664082124752,-0.035));
#2996=CARTESIAN_POINT('',(0.126140440190651,-0.0239314717219364,-0.035));
#2997=CARTESIAN_POINT('',(0.125057908435921,-0.0233064717219363,-0.035));
#2998=CARTESIAN_POINT('',(0.12397537668119,-0.0226814717219363,-0.035));
#2999=CARTESIAN_POINT('',(0.114136238307196,-0.02180496181113,-0.035));
#3000=CARTESIAN_POINT('',(0.104297099933202,-0.0209284519003235,-0.035));
#3001=CARTESIAN_POINT('',(0.105079272258403,-0.0159900101973479,-0.035));
#3002=CARTESIAN_POINT('',(0.105861444583604,-0.0110515684943722,-0.035));
#3003=CARTESIAN_POINT('',(0.104873756243009,-0.0108951340293319,-0.035));
#3004=CARTESIAN_POINT('',(0.103886067902414,-0.0107386995642917,-0.035));
#3005=CARTESIAN_POINT('',(0.103103895577213,-0.0156771412672674,-0.035));
#3006=CARTESIAN_POINT('',(0.102321723252011,-0.0206155829702431,-0.035));
#3007=CARTESIAN_POINT('',(0.0984108616260058,-0.0215577914851216,-0.035));
#3008=CARTESIAN_POINT('',(0.0945,-0.0225,-0.035));
#3009=CARTESIAN_POINT('',(0.0845,-0.0225,-0.035));
#3010=CARTESIAN_POINT('',(0.0795,-0.0225,-0.035));
#3011=CARTESIAN_POINT('',(0.0795,-0.0620314344650402,-0.035));
#3012=CARTESIAN_POINT('',(0.0795,-0.0229140478541852,-0.035));
#3013=CARTESIAN_POINT('',(0.077,-0.0229140478541852,-0.035));
#3014=CARTESIAN_POINT('',(0.0745,-0.0229140478541852,-0.035));
#3015=CARTESIAN_POINT('',(0.0745,-0.02125,-0.035));
#3016=CARTESIAN_POINT('',(0.0745,-0.02,-0.035));
#3017=CARTESIAN_POINT('',(0.07275,-0.02,-0.035));
#3018=CARTESIAN_POINT('',(0.071,-0.02,-0.035));
#3019=CARTESIAN_POINT('',(0.071,-0.02125,-0.035));
#3020=CARTESIAN_POINT('',(0.071,-0.0227098005422509,-0.035));
#3021=CARTESIAN_POINT('',(0.0685,-0.0227098005422509,-0.035));
#3022=CARTESIAN_POINT('',(0.066,-0.0227098005422509,-0.035));
#3023=CARTESIAN_POINT('',(0.066,-0.01625,-0.035));
#3024=CARTESIAN_POINT('',(0.066,-0.02,-0.035));
#3025=CARTESIAN_POINT('',(0.056,-0.02,-0.035));
#3026=CARTESIAN_POINT('',(0.107286553794009,-0.0620314344650402,-0.035));
#3027=CARTESIAN_POINT('',(0.141035621466628,-0.0911322609639965,-0.035));
#3028=CARTESIAN_POINT('',(0.140660621466628,-0.0917817800168349,-0.035));
#3029=CARTESIAN_POINT('',(0.139910621466628,-0.0930808181225115,-0.035));
#3030=CARTESIAN_POINT('',(0.120063615423697,-0.0816221438410174,-0.035));
#3031=CARTESIAN_POINT('',(0.100216609380767,-0.0701634695595233,-0.035));
#3032=CARTESIAN_POINT('',(0.097526740316325,-0.0714918536967968,-0.035));
#3033=CARTESIAN_POINT('',(0.0979960437114456,-0.0685287886750114,-0.035));
#3034=CARTESIAN_POINT('',(0.0963267235625474,-0.0682643943375057,-0.035));
#3035=CARTESIAN_POINT('',(0.0946574034136492,-0.068,-0.035));
#3036=CARTESIAN_POINT('',(0.0433287017068246,-0.068,-0.035));
#3037=CARTESIAN_POINT('',(-0.008,-0.068,-0.035));
#3038=CARTESIAN_POINT('',(-0.008,-0.058,-0.035));
#3039=CARTESIAN_POINT('',(0.056,-0.05,-0.035));
#3040=CARTESIAN_POINT('',(0.066,-0.05,-0.035));
#3041=CARTESIAN_POINT('',(0.066,-0.05375,-0.035));
#3042=CARTESIAN_POINT('',(0.066,-0.047290199457749,-0.035));
#3043=CARTESIAN_POINT('',(0.0685,-0.047290199457749,-0.035));
#3044=CARTESIAN_POINT('',(0.071,-0.047290199457749,-0.035));
#3045=CARTESIAN_POINT('',(0.071,-0.04875,-0.035));
#3046=CARTESIAN_POINT('',(0.071,-0.05,-0.035));
#3047=CARTESIAN_POINT('',(0.07275,-0.05,-0.035));
#3048=CARTESIAN_POINT('',(0.0745,-0.05,-0.035));
#3049=CARTESIAN_POINT('',(0.0745,-0.04875,-0.035));
#3050=CARTESIAN_POINT('',(0.0745,-0.0470859521458148,-0.035));
#3051=CARTESIAN_POINT('',(0.077,-0.0470859521458148,-0.035));
#3052=CARTESIAN_POINT('',(0.0795,-0.0470859521458148,-0.035));
#3053=CARTESIAN_POINT('',(0.0795,-0.0620314344650402,-0.035));
#3054=CARTESIAN_POINT('',(0.0795,-0.0475,-0.035));
#3055=CARTESIAN_POINT('',(0.0845,-0.0475,-0.035));
#3056=CARTESIAN_POINT('',(0.093558436086737,-0.0475,-0.035));
#3057=CARTESIAN_POINT('',(0.093558436086737,-0.05,-0.035));
#3058=CARTESIAN_POINT('',(0.0952076308818802,-0.0481211289220192,-0.035));
#3059=CARTESIAN_POINT('',(0.0960643446504023,-0.0488731165940486,-0.035));
#3060=CARTESIAN_POINT('',(0.0976286893008046,-0.0502462331880972,-0.035));
#3061=CARTESIAN_POINT('',(0.0968465169756035,-0.0551846748910729,-0.035));
#3062=CARTESIAN_POINT('',(0.0960643446504023,-0.0601231165940486,-0.035));
#3063=CARTESIAN_POINT('',(0.0970520329909975,-0.0602795510590889,-0.035));
#3064=CARTESIAN_POINT('',(0.0980397213315926,-0.0604359855241291,-0.035));
#3065=CARTESIAN_POINT('',(0.0988218936567938,-0.0554975438211534,-0.035));
#3066=CARTESIAN_POINT('',(0.099254381048751,-0.0527669258951051,-0.035));
#3067=CARTESIAN_POINT('',(0.100242069389346,-0.0529233603601453,-0.035));
#3068=CARTESIAN_POINT('',(0.101016975215817,-0.052291283655859,-0.035));
#3069=CARTESIAN_POINT('',(0.102872253086323,-0.0545657949957458,-0.035));
#3070=CARTESIAN_POINT('',(0.106140440190651,-0.0585724878733139,-0.035));
#3071=CARTESIAN_POINT('',(0.104890440190651,-0.060737551382775,-0.035));
#3072=CARTESIAN_POINT('',(0.103640440190651,-0.0629026148922361,-0.035));
#3073=CARTESIAN_POINT('',(0.105805503700112,-0.0641526148922361,-0.035));
#3074=CARTESIAN_POINT('',(0.107970567209574,-0.0654026148922361,-0.035));
#3075=CARTESIAN_POINT('',(0.109220567209574,-0.063237551382775,-0.035));
#3076=CARTESIAN_POINT('',(0.110470567209574,-0.0610724878733139,-0.035));
#3077=CARTESIAN_POINT('',(0.125192999073909,-0.0695724878733138,-0.035));
#3078=CARTESIAN_POINT('',(0.137750367428783,-0.0768224878733138,-0.035));
#3079=CARTESIAN_POINT('',(0.138625367428783,-0.0753069434166911,-0.035));
#3080=CARTESIAN_POINT('',(0.138250367428783,-0.0759564624695294,-0.035));
#3081=CARTESIAN_POINT('',(0.140415430938244,-0.0772064624695293,-0.035));
#3082=CARTESIAN_POINT('',(0.141665430938244,-0.0750413989600682,-0.035));
#3083=CARTESIAN_POINT('',(0.158985939013933,-0.0850413989600683,-0.035));
#3084=CARTESIAN_POINT('',(0.169811256561239,-0.0912913989600683,-0.035));
#3085=CARTESIAN_POINT('',(0.167311256561239,-0.0956215259789904,-0.035));
#3086=CARTESIAN_POINT('',(0.167311256561239,-0.0956215259789905,-0.035));
#3087=CARTESIAN_POINT('',(0.145574018926249,-0.0830715259789905,-0.035));
#3088=CARTESIAN_POINT('',(0.154320875504472,-0.0881215259789904,-0.035));
#3089=CARTESIAN_POINT('',(0.149320875504472,-0.0967817800168349,-0.035));
#3090=CARTESIAN_POINT('',(0.131553098964304,-0.0270564717219363,-0.035));
#3091=CARTESIAN_POINT('',(0.130470567209574,-0.0264314717219363,-0.035));
#3092=CARTESIAN_POINT('',(0.130470567209574,-0.0264314717219363,-0.015));
#3093=CARTESIAN_POINT('',(0.157750367428784,-0.0421814717219363,-0.035));
#3094=CARTESIAN_POINT('',(0.157750367428784,-0.0421814717219363,-0.015));
#3095=CARTESIAN_POINT('',(0.144110467319178,-0.0343064717219363,-0.015));
#3096=CARTESIAN_POINT('',(0.125192999073909,-0.0695724878733138,-0.035));
#3097=CARTESIAN_POINT('',(0.137750367428783,-0.0768224878733138,-0.035));
#3098=CARTESIAN_POINT('',(0.137750367428783,-0.0768224878733138,-0.015));
#3099=CARTESIAN_POINT('',(0.110470567209574,-0.0610724878733139,-0.035));
#3100=CARTESIAN_POINT('',(0.110470567209574,-0.0610724878733139,-0.015));
#3101=CARTESIAN_POINT('',(0.124110467319178,-0.0689474878733138,-0.015));
#3102=CARTESIAN_POINT('',(0.0906556282806193,-0.0499758264989563,-0.01));
#3103=CARTESIAN_POINT('',(0.105805503700112,-0.0641526148922361,-0.01));
#3104=CARTESIAN_POINT('',(0.107970567209574,-0.0654026148922361,-0.01));
#3105=CARTESIAN_POINT('',(0.103640440190651,-0.0629026148922361,-0.01));
#3106=CARTESIAN_POINT('',(0.104890440190651,-0.060737551382775,-0.01));
#3107=CARTESIAN_POINT('',(0.128640440190651,-0.0196013447030141,-0.01));
#3108=CARTESIAN_POINT('',(0.130805503700112,-0.0208513447030141,-0.01));
#3109=CARTESIAN_POINT('',(0.132970567209574,-0.0221013447030141,-0.01));
#3110=CARTESIAN_POINT('',(0.131720567209574,-0.0242664082124752,-0.01));
#3111=CARTESIAN_POINT('',(0.0906556282806193,-0.0499758264989563,-0.01));
#3112=CARTESIAN_POINT('',(0.0970520329909975,-0.0602795510590889,-0.01));
#3113=CARTESIAN_POINT('',(0.0960643446504023,-0.0601231165940486,-0.01));
#3114=CARTESIAN_POINT('',(0.0980397213315926,-0.0604359855241291,-0.01));
#3115=CARTESIAN_POINT('',(0.103103895577213,-0.0156771412672674,-0.01));
#3116=CARTESIAN_POINT('',(0.103886067902414,-0.0107386995642917,-0.01));
#3117=CARTESIAN_POINT('',(0.104873756243009,-0.0108951340293319,-0.01));
#3118=CARTESIAN_POINT('',(0.105861444583604,-0.0110515684943722,-0.01));
#3119=CARTESIAN_POINT('',(0.105079272258403,-0.0159900101973479,-0.01));
#3120=CARTESIAN_POINT('',(0.071,-0.02125,-0.035));
#3121=CARTESIAN_POINT('',(0.071,-0.04875,-0.0175));
#3122=CARTESIAN_POINT('',(0.071,-0.02,-0.0175));
#3123=CARTESIAN_POINT('',(0.071,-0.05,-0.0175));
#3124=CARTESIAN_POINT('',(0.071,-0.05,-0.035));
#3125=CARTESIAN_POINT('',(0.071,-0.0325,-0.0375));
#3126=CARTESIAN_POINT('',(0.071,-0.035,-0.0227098005422509));
#3127=CARTESIAN_POINT('',(0.071,-0.0375,-0.0375));
#3128=CARTESIAN_POINT('',(0.071,-0.02,-0.035));
#3129=CARTESIAN_POINT('',(0.0845,-0.0475,-0.035));
#3130=CARTESIAN_POINT('',(0.0795,-0.0475,-0.0235));
#3131=CARTESIAN_POINT('',(0.0926698729810778,-0.0475,-0.02));
#3132=CARTESIAN_POINT('',(0.093558436086737,-0.0475,-0.0223367617780298));
#3133=CARTESIAN_POINT('',(0.093558436086737,-0.0475,-0.0217031250965831));
#3134=CARTESIAN_POINT('',(0.066,-0.01625,-0.035));
#3135=CARTESIAN_POINT('',(0.066,-0.05,-0.035));
#3136=CARTESIAN_POINT('',(0.066,-0.05,-0.015));
#3137=CARTESIAN_POINT('',(0.066,-0.01625,-0.015));
#3138=CARTESIAN_POINT('',(0.066,-0.02,-0.015));
#3139=CARTESIAN_POINT('',(0.066,-0.02,-0.01));
#3140=CARTESIAN_POINT('',(0.066,-0.0375,-0.0375));
#3141=CARTESIAN_POINT('',(0.066,-0.035,-0.0227098005422509));
#3142=CARTESIAN_POINT('',(0.066,-0.0325,-0.0375));
#3143=CARTESIAN_POINT('',(0.07275,-0.02,-0.035));
#3144=CARTESIAN_POINT('',(0.0745,-0.02,-0.035));
#3145=CARTESIAN_POINT('',(0.0745,-0.02,-0.0175));
#3146=CARTESIAN_POINT('',(0.07275,-0.02,-0.0175));
#3147=CARTESIAN_POINT('',(0.0745,-0.02125,-0.035));
#3148=CARTESIAN_POINT('',(0.0745,-0.0375,-0.0385));
#3149=CARTESIAN_POINT('',(0.0745,-0.035,-0.0237098005422509));
#3150=CARTESIAN_POINT('',(0.0745,-0.0325,-0.0385));
#3151=CARTESIAN_POINT('',(0.0745,-0.05,-0.035));
#3152=CARTESIAN_POINT('',(0.0745,-0.05,-0.0175));
#3153=CARTESIAN_POINT('',(0.0745,-0.04875,-0.0175));
#3154=CARTESIAN_POINT('',(0.0845,-0.0225,-0.035));
#3155=CARTESIAN_POINT('',(0.0795,-0.0225,-0.0235));
#3156=CARTESIAN_POINT('',(0.0945,-0.0225,-0.035));
#3157=CARTESIAN_POINT('',(0.0945,-0.0225,-0.0217031250965831));
#3158=CARTESIAN_POINT('',(0.0926698729810778,-0.0225,-0.02));
#3159=CARTESIAN_POINT('',(0.0984108616260058,-0.0215577914851216,-0.035));
#3160=CARTESIAN_POINT('',(0.102321723252011,-0.0206155829702431,-0.035));
#3161=CARTESIAN_POINT('',(0.102321723252011,-0.0206155829702431,-0.02));
#3162=CARTESIAN_POINT('',(0.0984108616260058,-0.0215577914851216,-0.02));
#3163=CARTESIAN_POINT('',(0.097,-0.021897697614374,-0.02));
#3164=CARTESIAN_POINT('',(0.097,-0.021897697614374,-0.0225));
#3165=CARTESIAN_POINT('',(0.0948349364905389,-0.0224193067810861,-0.02125));
#3166=CARTESIAN_POINT('',(0.0926698729810778,-0.0229409159477981,-0.02));
#3167=CARTESIAN_POINT('',(0.103103895577213,-0.0156771412672674,-0.035));
#3168=CARTESIAN_POINT('',(0.0960643446504023,-0.0601231165940486,-0.035));
#3169=CARTESIAN_POINT('',(0.0976286893008046,-0.0502462331880972,-0.035));
#3170=CARTESIAN_POINT('',(0.0976286893008046,-0.0502462331880972,-0.02));
#3171=CARTESIAN_POINT('',(0.0999752062764081,-0.0354309080791701,-0.02));
#3172=CARTESIAN_POINT('',(0.103886067902414,-0.0107386995642917,-0.035));
#3173=CARTESIAN_POINT('',(0.104873756243009,-0.0108951340293319,-0.035));
#3174=CARTESIAN_POINT('',(0.105861444583604,-0.0110515684943722,-0.035));
#3175=CARTESIAN_POINT('',(0.105079272258403,-0.0159900101973479,-0.035));
#3176=CARTESIAN_POINT('',(0.104297099933202,-0.0209284519003235,-0.035));
#3177=CARTESIAN_POINT('',(0.104297099933202,-0.0209284519003235,-0.015));
#3178=CARTESIAN_POINT('',(0.101168410632397,-0.0406822187122263,-0.015));
#3179=CARTESIAN_POINT('',(0.099254381048751,-0.0527669258951051,-0.015));
#3180=CARTESIAN_POINT('',(0.099254381048751,-0.0527669258951051,-0.01));
#3181=CARTESIAN_POINT('',(0.0980397213315926,-0.0604359855241291,-0.035));
#3182=CARTESIAN_POINT('',(0.114136238307196,-0.02180496181113,-0.035));
#3183=CARTESIAN_POINT('',(0.12397537668119,-0.0226814717219363,-0.035));
#3184=CARTESIAN_POINT('',(0.12397537668119,-0.0226814717219363,-0.015));
#3185=CARTESIAN_POINT('',(0.114136238307196,-0.02180496181113,-0.015));
#3186=CARTESIAN_POINT('',(0.125057908435921,-0.0233064717219363,-0.035));
#3187=CARTESIAN_POINT('',(0.126140440190651,-0.0239314717219364,-0.035));
#3188=CARTESIAN_POINT('',(0.126140440190651,-0.0239314717219364,-0.015));
#3189=CARTESIAN_POINT('',(0.125057908435921,-0.0233064717219363,-0.015));
#3190=CARTESIAN_POINT('',(0.127390440190651,-0.0217664082124752,-0.035));
#3191=CARTESIAN_POINT('',(0.128640440190651,-0.0196013447030141,-0.035));
#3192=CARTESIAN_POINT('',(0.103640440190651,-0.0629026148922361,-0.035));
#3193=CARTESIAN_POINT('',(0.106140440190651,-0.0585724878733139,-0.035));
#3194=CARTESIAN_POINT('',(0.106140440190651,-0.0585724878733139,-0.015));
#3195=CARTESIAN_POINT('',(0.104890440190651,-0.060737551382775,-0.015));
#3196=CARTESIAN_POINT('',(0.130805503700112,-0.0208513447030141,-0.035));
#3197=CARTESIAN_POINT('',(0.132970567209574,-0.0221013447030141,-0.035));
#3198=CARTESIAN_POINT('',(0.131720567209574,-0.0242664082124752,-0.035));
#3199=CARTESIAN_POINT('',(0.120470567209574,-0.043751979797625,-0.015));
#3200=CARTESIAN_POINT('',(0.107970567209574,-0.0654026148922361,-0.035));
#3201=CARTESIAN_POINT('',(0.156875367428783,-0.043697016178559,-0.035));
#3202=CARTESIAN_POINT('',(0.147750367428783,-0.059501979797625,-0.015));
#3203=CARTESIAN_POINT('',(0.147750367428783,-0.059501979797625,-0.035));
#3204=CARTESIAN_POINT('',(0.171785621466628,-0.0378716986312536,-0.035));
#3205=CARTESIAN_POINT('',(0.172910621466628,-0.0359231414727385,-0.039));
#3206=CARTESIAN_POINT('',(0.172910621466628,-0.0359231414727385,-0.039));
#3207=CARTESIAN_POINT('',(0.173410621466628,-0.0350571160689541,-0.039));
#3208=CARTESIAN_POINT('',(0.173910621466628,-0.0341910906651697,-0.039));
#3209=CARTESIAN_POINT('',(0.173910621466628,-0.0341910906651696,-0.035));
#3210=CARTESIAN_POINT('',(0.173910621466628,-0.0341910906651696,0.));
#3211=CARTESIAN_POINT('',(0.171785621466628,-0.0378716986312536,0.));
#3212=CARTESIAN_POINT('',(0.138910621466628,-0.0948128689300804,0.));
#3213=CARTESIAN_POINT('',(0.138910621466628,-0.0948128689300804,-0.035));
#3214=CARTESIAN_POINT('',(0.138910621466628,-0.0948128689300804,-0.039));
#3215=CARTESIAN_POINT('',(0.141035621466628,-0.0911322609639965,-0.039));
#3216=CARTESIAN_POINT('',(0.139910621466628,-0.0930808181225115,-0.039));
#3217=CARTESIAN_POINT('',(0.139910621466628,-0.0930808181225115,-0.039));
#3218=CARTESIAN_POINT('',(0.156410621466628,-0.064501979797625,-0.035));
#3219=CARTESIAN_POINT('',(0.169580494447706,-0.0316910906651697,-0.035));
#3220=CARTESIAN_POINT('',(0.152692999073909,-0.0219410906651697,-0.039));
#3221=CARTESIAN_POINT('',(0.13147537668119,-0.00969109066516969,-0.039));
#3222=CARTESIAN_POINT('',(0.13147537668119,-0.0096910906651697,-0.035));
#3223=CARTESIAN_POINT('',(0.13147537668119,-0.0096910906651697,0.));
#3224=CARTESIAN_POINT('',(0.169580494447706,-0.0316910906651697,0.));
#3225=CARTESIAN_POINT('',(0.119450582957598,-0.00543288787679527,-0.035));
#3226=CARTESIAN_POINT('',(0.119450582957598,-0.00543288787679527,-0.039));
#3227=CARTESIAN_POINT('',(0.107425789234006,-0.00117468508842079,-0.039));
#3228=CARTESIAN_POINT('',(0.107425789234006,-0.00117468508842079,-0.035));
#3229=CARTESIAN_POINT('',(0.107425789234006,-0.00117468508842079,0.));
#3230=CARTESIAN_POINT('',(0.119450582957598,-0.00543288787679527,0.));
#3231=CARTESIAN_POINT('',(0.106438100893411,-0.00101825062338057,-0.035));
#3232=CARTESIAN_POINT('',(0.106438100893411,-0.00101825062338057,-0.039));
#3233=CARTESIAN_POINT('',(0.105450412552816,-0.000861816158340342,-0.039));
#3234=CARTESIAN_POINT('',(0.105450412552816,-0.000861816158340342,-0.035));
#3235=CARTESIAN_POINT('',(0.105450412552816,-0.000861816158340342,0.));
#3236=CARTESIAN_POINT('',(0.106438100893411,-0.00101825062338057,0.));
#3237=CARTESIAN_POINT('',(0.0999752062764081,-0.000430908079170156,-0.035));
#3238=CARTESIAN_POINT('',(0.0999752062764081,-0.000430908079170155,-0.039));
#3239=CARTESIAN_POINT('',(0.0945,6.1257422745431E-18,-0.039));
#3240=CARTESIAN_POINT('',(0.0945,5.58364118830035E-18,-0.035));
#3241=CARTESIAN_POINT('',(0.0945,5.58364118830035E-18,0.));
#3242=CARTESIAN_POINT('',(0.0999752062764081,-0.000430908079170156,0.));
#3243=CARTESIAN_POINT('',(0.0845,0.,-0.035));
#3244=CARTESIAN_POINT('',(-0.009,0.,-0.039));
#3245=CARTESIAN_POINT('',(0.0845,0.,0.));
#3246=CARTESIAN_POINT('',(0.107286553794009,-0.0620314344650402,0.));
#3247=CARTESIAN_POINT('',(0.07,-0.02,0.));
#3248=CARTESIAN_POINT('',(0.07135,-0.02,0.));
#3249=CARTESIAN_POINT('',(0.005,-0.045,0.));
#3250=CARTESIAN_POINT('',(0.00635,-0.045,0.));
#3251=CARTESIAN_POINT('',(0.005,-0.02,0.));
#3252=CARTESIAN_POINT('',(0.00635,-0.02,0.));
#3253=CARTESIAN_POINT('',(0.07,-0.045,0.));
#3254=CARTESIAN_POINT('',(0.07135,-0.045,0.));
#3255=CARTESIAN_POINT('',(0.147110467319178,-0.0291103192992296,0.));
#3256=CARTESIAN_POINT('',(0.151110467319178,-0.0291103192992296,0.));
#3257=CARTESIAN_POINT('',(0.028,-0.0635,0.));
#3258=CARTESIAN_POINT('',(0.032,-0.0635,0.));
#3259=CARTESIAN_POINT('',(0.028,-0.0065,0.));
#3260=CARTESIAN_POINT('',(0.032,-0.0065,0.));
#3261=CARTESIAN_POINT('',(0.0845,-0.0125,0.));
#3262=CARTESIAN_POINT('',(0.0885,-0.0125,0.));
#3263=CARTESIAN_POINT('',(0.0840292180433685,-0.0575,0.));
#3264=CARTESIAN_POINT('',(0.0880292180433685,-0.0575,0.));
#3265=CARTESIAN_POINT('',(0.121110467319178,-0.0741436402960205,0.));
#3266=CARTESIAN_POINT('',(0.125110467319178,-0.0741436402960205,0.));
#3267=CARTESIAN_POINT('',(-0.005,-0.07,0.));
#3268=CARTESIAN_POINT('',(0.0945,-0.07,0.));
#3269=CARTESIAN_POINT('',(0.0954876883405952,-0.0701564344650403,0.));
#3270=CARTESIAN_POINT('',(0.0976831747813652,-0.0705041653562017,0.));
#3271=CARTESIAN_POINT('',(0.097526740316325,-0.0714918536967968,0.));
#3272=CARTESIAN_POINT('',(0.0984756750777381,-0.0711763813230749,0.));
#3273=CARTESIAN_POINT('',(0.0994246098391513,-0.0708609089493529,0.));
#3274=CARTESIAN_POINT('',(0.0989246098391513,-0.0717269343531374,0.));
#3275=CARTESIAN_POINT('',(0.100805503700112,-0.0728128689300804,0.));
#3276=CARTESIAN_POINT('',(0.100805503700112,-0.0728128689300804,-0.035));
#3277=CARTESIAN_POINT('',(0.0989246098391513,-0.0717269343531374,0.));
#3278=CARTESIAN_POINT('',(0.0989246098391513,-0.0717269343531374,-0.039));
#3279=CARTESIAN_POINT('',(0.100805503700112,-0.0728128689300804,-0.039));
#3280=CARTESIAN_POINT('',(0.105805503700112,-0.0641526148922361,-0.035));
#3281=CARTESIAN_POINT('',(0.102872253086323,-0.0545657949957458,-0.035));
#3282=CARTESIAN_POINT('',(0.102872253086323,-0.0545657949957458,-0.015));
#3283=CARTESIAN_POINT('',(0.101016975215817,-0.052291283655859,-0.015));
#3284=CARTESIAN_POINT('',(0.101016975215817,-0.052291283655859,-0.035));
#3285=CARTESIAN_POINT('',(0.0970520329909975,-0.0602795510590889,-0.035));
#3286=CARTESIAN_POINT('',(0.0960643446504023,-0.0488731165940486,-0.035));
#3287=CARTESIAN_POINT('',(0.097,-0.0496943958987802,-0.0225));
#3288=CARTESIAN_POINT('',(0.097,-0.0496943958987802,-0.02));
#3289=CARTESIAN_POINT('',(0.0952076308818802,-0.0481211289220192,-0.0207571824695597));
#3290=CARTESIAN_POINT('',(0.0960643446504023,-0.0488731165940486,-0.02));
#3291=CARTESIAN_POINT('',(0.0952076308818802,-0.0481211289220192,-0.035));
#3292=CARTESIAN_POINT('',(0.07275,-0.05,-0.035));
#3293=CARTESIAN_POINT('',(0.07275,-0.05,-0.0175));
#3294=CARTESIAN_POINT('',(-0.005,-0.07,-0.035));
#3295=CARTESIAN_POINT('',(-0.005,-0.07,-0.039));
#3296=CARTESIAN_POINT('',(0.0945,-0.07,-0.039));
#3297=CARTESIAN_POINT('',(0.0945,-0.07,-0.035));
#3298=CARTESIAN_POINT('',(0.0954876883405952,-0.0701564344650403,-0.035));
#3299=CARTESIAN_POINT('',(0.0954876883405952,-0.0701564344650403,-0.039));
#3300=CARTESIAN_POINT('',(0.0976831747813652,-0.0705041653562017,-0.039));
#3301=CARTESIAN_POINT('',(0.0976831747813652,-0.0705041653562017,-0.035));
#3302=CARTESIAN_POINT('',(0.0906556282806193,-0.0499758264989563,-0.0175));
#3303=CARTESIAN_POINT('',(0.0984108616260058,-0.0354309080791701,-0.02));
#3304=CARTESIAN_POINT('',(0.097,-0.0354309080791701,-0.02));
#3305=CARTESIAN_POINT('',(0.097,-0.035,-0.0225));
#3306=CARTESIAN_POINT('',(0.0948349364905389,-0.04785045429937,-0.02125));
#3307=CARTESIAN_POINT('',(0.09494429214493,-0.047915394782816,-0.0210605904504997));
#3308=CARTESIAN_POINT('',(0.0950718535193148,-0.0480019492069949,-0.0208968202384892));
#3309=CARTESIAN_POINT('',(0.0952076308818802,-0.0481211289220192,-0.0207571824695597));
#3310=CARTESIAN_POINT('',(0.0948349364905389,-0.04785045429937,-0.02125));
#3311=CARTESIAN_POINT('',(0.0948349364905389,-0.035,-0.02125));
#3312=CARTESIAN_POINT('',(0.0926698729810778,-0.035,-0.02));
#3313=CARTESIAN_POINT('',(0.093558436086737,-0.0475,-0.0223367617780299));
#3314=CARTESIAN_POINT('',(0.0941100042909009,-0.0475,-0.0221270257402862));
#3315=CARTESIAN_POINT('',(0.0945531199663783,-0.0476830985149445,-0.0217381205382584));
#3316=CARTESIAN_POINT('',(0.0948349364905388,-0.0478504542993707,-0.02125));
#3317=CARTESIAN_POINT('',(0.093558436086737,-0.05,-0.035));
#3318=CARTESIAN_POINT('',(0.100242069389346,-0.0529233603601453,-0.035));
#3319=CARTESIAN_POINT('',(0.100242069389346,-0.0529233603601453,-0.015));
#3320=CARTESIAN_POINT('',(0.112090080761122,-0.0419155333962798,-0.015));
#3321=CARTESIAN_POINT('',(0.134110467319178,-0.051626979797625,-0.015));
#3322=CARTESIAN_POINT('',(0.15632401892625,-0.0644519797976251,-0.035));
#3323=CARTESIAN_POINT('',(0.173055937131773,-0.0745612313944613,-0.0134936726104015));
#3324=CARTESIAN_POINT('',(0.173495470246986,-0.0735016174190957,-0.0135052885681742));
#3325=CARTESIAN_POINT('',(0.173056654288773,-0.072444177714906,-0.0135487643721258));
#3326=CARTESIAN_POINT('',(0.172000091242456,-0.0720061268913397,-0.0135371367031466));
#3327=CARTESIAN_POINT('',(0.17094179668931,-0.0724431946700736,-0.0134936749988932));
#3328=CARTESIAN_POINT('',(0.17050317578626,-0.0735018641758158,-0.0135052782498233));
#3329=CARTESIAN_POINT('',(0.170939973095278,-0.0745583218218501,-0.0135487242338782));
#3330=CARTESIAN_POINT('',(0.171997634191573,-0.0749980803984198,-0.0135371723766148));
#3331=CARTESIAN_POINT('',(0.173055937131773,-0.0745612313944613,-0.0134936726104015));
#3332=CARTESIAN_POINT('',(0.173495470246986,-0.0735016174190957,-0.0135052885681742));
#3333=CARTESIAN_POINT('',(0.173056654288773,-0.072444177714906,-0.0135487643721258));
#3334=CARTESIAN_POINT('',(0.173349078734748,-0.073501979797625,-0.0135105985425373));
#3335=CARTESIAN_POINT('',(0.178061256561239,-0.0770019797976251,-0.035));
#3336=CARTESIAN_POINT('',(0.165070875504472,-0.069501979797625,-0.035));
#3337=CARTESIAN_POINT('',(0.15632401892625,-0.0644519797976251,-0.035));
#3338=CARTESIAN_POINT('',(0.173056342039561,-0.0724431673451632,-0.0185636472967866));
#3339=CARTESIAN_POINT('',(0.173495489748393,-0.0735021130170311,-0.0185068663712583));
#3340=CARTESIAN_POINT('',(0.173056171375356,-0.0745602593724625,-0.0184917628159817));
#3341=CARTESIAN_POINT('',(0.172000311099075,-0.0749978437738049,-0.0185483268991116));
#3342=CARTESIAN_POINT('',(0.170941271243435,-0.0745602432215922,-0.018563615299993));
#3343=CARTESIAN_POINT('',(0.170503202460046,-0.07350231760604,-0.0185069116814912));
#3344=CARTESIAN_POINT('',(0.170940391814423,-0.0724451813054681,-0.0184917134475127));
#3345=CARTESIAN_POINT('',(0.17199752907437,-0.0720058834303663,-0.0185483009587127));
#3346=CARTESIAN_POINT('',(0.173056342039561,-0.0724431673451632,-0.0185636472967866));
#3347=CARTESIAN_POINT('',(0.173495489748393,-0.0735021130170311,-0.0185068663712583));
#3348=CARTESIAN_POINT('',(0.173056171375356,-0.0745602593724625,-0.0184917628159817));
#3349=CARTESIAN_POINT('',(0.173349078734748,-0.073501979797625,-0.0185138125996336));
#3350=CARTESIAN_POINT('',(0.178061256561239,-0.0770019797976251,-0.035));
#3351=CARTESIAN_POINT('',(0.149915430938244,-0.060751979797625,-0.035));
#3352=CARTESIAN_POINT('',(0.178061256561239,-0.0770019797976251,-0.035));
#3353=CARTESIAN_POINT('',(0.097526740316325,-0.0714918536967968,-0.035));
#3354=CARTESIAN_POINT('',(0.097526740316325,-0.0714918536967968,-0.039));
#3355=CARTESIAN_POINT('',(0.0984756750777381,-0.0711763813230749,-0.039));
#3356=CARTESIAN_POINT('',(0.0984756750777381,-0.0711763813230749,-0.035));
#3357=CARTESIAN_POINT('',(0.0994246098391513,-0.0708609089493529,-0.035));
#3358=CARTESIAN_POINT('',(0.0994246098391513,-0.0708609089493529,-0.039));
#3359=CARTESIAN_POINT('',(0.165070875504472,-0.069501979797625,-0.035));
#3360=CARTESIAN_POINT('',(0.056,-0.05,-0.035));
#3361=CARTESIAN_POINT('',(0.056,-0.05,-0.015));
#3362=CARTESIAN_POINT('',(0.056,-0.02,-0.035));
#3363=CARTESIAN_POINT('',(0.056,-0.02,-0.015));
#3364=CARTESIAN_POINT('',(0.149915430938244,-0.060751979797625,-0.035));
#3365=CARTESIAN_POINT('',(-0.008,-0.035,-0.012));
#3366=CARTESIAN_POINT('',(-0.008,-0.058,-0.039));
#3367=CARTESIAN_POINT('',(-0.008,-0.058,-0.039));
#3368=CARTESIAN_POINT('',(-0.008,-0.068,-0.039));
#3369=CARTESIAN_POINT('',(-0.008,-0.058,-0.0235));
#3370=CARTESIAN_POINT('',(-0.008,-0.012,-0.0235));
#3371=CARTESIAN_POINT('',(-0.008,-0.012,-0.039));
#3372=CARTESIAN_POINT('',(-0.008,-0.007,-0.039));
#3373=CARTESIAN_POINT('',(-0.008,-0.002,-0.039));
#3374=CARTESIAN_POINT('',(-0.008,-0.002,-0.039));
#3375=CARTESIAN_POINT('',(-0.008,-0.068,-0.039));
#3376=CARTESIAN_POINT('',(0.023,-0.012,-0.0225));
#3377=CARTESIAN_POINT('',(-0.009,-0.012,-0.039));
#3378=CARTESIAN_POINT('',(0.023,-0.058,-0.0225));
#3379=CARTESIAN_POINT('',(0.033,-0.058,-0.039));
#3380=CARTESIAN_POINT('',(0.120063615423697,-0.0816221438410174,-0.039));
#3381=CARTESIAN_POINT('',(0.120063615423697,-0.0816221438410174,-0.039));
#3382=CARTESIAN_POINT('',(0.100216609380767,-0.0701634695595233,-0.039));
#3383=CARTESIAN_POINT('',(0.100216609380767,-0.0701634695595233,-0.039));
#3384=CARTESIAN_POINT('',(0.0433287017068246,-0.068,-0.039));
#3385=CARTESIAN_POINT('',(0.0946574034136492,-0.068,-0.039));
#3386=CARTESIAN_POINT('',(0.0946574034136492,-0.068,-0.039));
#3387=CARTESIAN_POINT('',(0.0433287017068246,-0.068,-0.039));
#3388=CARTESIAN_POINT('',(0.0963267235625474,-0.0682643943375057,-0.039));
#3389=CARTESIAN_POINT('',(0.0979960437114456,-0.0685287886750114,-0.039));
#3390=CARTESIAN_POINT('',(0.0979960437114456,-0.0685287886750114,-0.039));
#3391=CARTESIAN_POINT('',(0.0963267235625474,-0.0682643943375057,-0.039));
#3392=CARTESIAN_POINT('',(0.097526740316325,-0.0714918536967968,-0.039));
#3393=CARTESIAN_POINT('',(0.097526740316325,-0.0714918536967968,-0.039));
#3394=CARTESIAN_POINT('',(0.0819553107333139,-0.0478107629894952,-0.039));
#3395=CARTESIAN_POINT('',(0.151772575629573,-0.0237190850185727,-0.039));
#3396=CARTESIAN_POINT('',(0.130634529792519,-0.0115150285644068,-0.039));
#3397=CARTESIAN_POINT('',(0.130634529792519,-0.0115150285644068,-0.039));
#3398=CARTESIAN_POINT('',(0.151772575629573,-0.0237190850185727,-0.039));
#3399=CARTESIAN_POINT('',(0.118782969239131,-0.00731817085897978,-0.039));
#3400=CARTESIAN_POINT('',(0.106931408685743,-0.00312131315355276,-0.039));
#3401=CARTESIAN_POINT('',(0.106931408685743,-0.00312131315355276,-0.039));
#3402=CARTESIAN_POINT('',(0.118782969239131,-0.00731817085897978,-0.039));
#3403=CARTESIAN_POINT('',(0.106073282534831,-0.00298539932341278,-0.039));
#3404=CARTESIAN_POINT('',(0.10521515638392,-0.00284948549327281,-0.039));
#3405=CARTESIAN_POINT('',(0.10521515638392,-0.00284948549327281,-0.039));
#3406=CARTESIAN_POINT('',(0.106073282534831,-0.00298539932341278,-0.039));
#3407=CARTESIAN_POINT('',(0.0998182880849523,-0.00242474274663641,-0.039));
#3408=CARTESIAN_POINT('',(0.0944214197859847,-0.002,-0.039));
#3409=CARTESIAN_POINT('',(0.0944214197859847,-0.002,-0.039));
#3410=CARTESIAN_POINT('',(0.0998182880849523,-0.00242474274663641,-0.039));
#3411=CARTESIAN_POINT('',(0.0432107098929923,-0.002,-0.039));
#3412=CARTESIAN_POINT('',(0.0432107098929923,-0.002,-0.039));
#3413=CARTESIAN_POINT('',(0.0819553107333139,-0.0478107629894952,-0.039));
#3414=CARTESIAN_POINT('',(0.171999078734748,-0.073501979797625,-0.051502));
#3415=CARTESIAN_POINT('',(0.147110467319178,-0.0291103192992296,-0.009));
#3416=CARTESIAN_POINT('',(0.147110467319178,-0.0291103192992296,-0.009));
#3417=CARTESIAN_POINT('',(0.151110467319178,-0.0291103192992296,-0.009));
#3418=CARTESIAN_POINT('',(0.0819553107333139,-0.0474064344650402,-0.009));
#3419=CARTESIAN_POINT('',(0.0845,-0.0125,-0.009));
#3420=CARTESIAN_POINT('',(0.0845,-0.0125,-0.009));
#3421=CARTESIAN_POINT('',(0.0885,-0.0125,-0.009));
#3422=CARTESIAN_POINT('',(0.0819553107333139,-0.0474064344650402,-0.009));
#3423=CARTESIAN_POINT('',(0.0840292180433685,-0.0575,-0.009));
#3424=CARTESIAN_POINT('',(0.0840292180433685,-0.0575,-0.009));
#3425=CARTESIAN_POINT('',(0.0880292180433685,-0.0575,-0.009));
#3426=CARTESIAN_POINT('',(0.0819553107333139,-0.0474064344650402,-0.009));
#3427=CARTESIAN_POINT('',(0.121110467319178,-0.0741436402960205,-0.009));
#3428=CARTESIAN_POINT('',(0.121110467319178,-0.0741436402960205,-0.009));
#3429=CARTESIAN_POINT('',(0.125110467319178,-0.0741436402960205,-0.009));
#3430=CARTESIAN_POINT('',(0.0819553107333139,-0.0474064344650402,-0.009));
#3431=CARTESIAN_POINT('',(0.028,-0.0635,-0.009));
#3432=CARTESIAN_POINT('',(0.028,-0.0635,-0.009));
#3433=CARTESIAN_POINT('',(0.032,-0.0635,-0.009));
#3434=CARTESIAN_POINT('',(0.0819553107333139,-0.0474064344650402,-0.009));
#3435=CARTESIAN_POINT('',(0.028,-0.0065,-0.009));
#3436=CARTESIAN_POINT('',(0.028,-0.0065,-0.009));
#3437=CARTESIAN_POINT('',(0.032,-0.0065,-0.009));
#3438=CARTESIAN_POINT('',(0.0819553107333139,-0.0474064344650402,-0.009));
#3439=CARTESIAN_POINT('',(0.07,-0.045,-0.0075));
#3440=CARTESIAN_POINT('',(0.07,-0.045,-0.0075));
#3441=CARTESIAN_POINT('',(0.07135,-0.045,-0.0075));
#3442=CARTESIAN_POINT('',(0.0819553107333139,-0.0474064344650402,-0.0075));
#3443=CARTESIAN_POINT('',(0.005,-0.02,-0.0075));
#3444=CARTESIAN_POINT('',(0.005,-0.02,-0.0075));
#3445=CARTESIAN_POINT('',(0.00635,-0.02,-0.0075));
#3446=CARTESIAN_POINT('',(0.0819553107333139,-0.0474064344650402,-0.0075));
#3447=CARTESIAN_POINT('',(0.005,-0.045,-0.0075));
#3448=CARTESIAN_POINT('',(0.005,-0.045,-0.0075));
#3449=CARTESIAN_POINT('',(0.00635,-0.045,-0.0075));
#3450=CARTESIAN_POINT('',(0.0819553107333139,-0.0474064344650402,-0.0075));
#3451=CARTESIAN_POINT('',(0.07,-0.02,-0.0075));
#3452=CARTESIAN_POINT('',(0.07,-0.02,-0.0075));
#3453=CARTESIAN_POINT('',(0.07135,-0.02,-0.0075));
#3454=CARTESIAN_POINT('',(0.0819553107333139,-0.0474064344650402,-0.0075));
#3455=CARTESIAN_POINT('',(0.033,-0.055,-0.015));
#3456=CARTESIAN_POINT('',(0.002,-0.055,-0.015));
#3457=CARTESIAN_POINT('',(0.056,-0.055,-0.015));
#3458=CARTESIAN_POINT('',(0.056,-0.05,-0.015));
#3459=CARTESIAN_POINT('',(0.061,-0.05,-0.015));
#3460=CARTESIAN_POINT('',(0.061,-0.01625,-0.015));
#3461=CARTESIAN_POINT('',(0.061,-0.02,-0.015));
#3462=CARTESIAN_POINT('',(0.056,-0.02,-0.015));
#3463=CARTESIAN_POINT('',(0.056,-0.015,-0.015));
#3464=CARTESIAN_POINT('',(0.0906556282806193,-0.015,-0.015));
#3465=CARTESIAN_POINT('',(0.002,-0.015,-0.015));
#3466=CARTESIAN_POINT('',(0.002,-0.035,-0.0245));
#3467=CARTESIAN_POINT('',(0.002,-0.035,-0.0245));
#3468=CARTESIAN_POINT('',(0.08025,-0.0325,-0.0375));
#3469=CARTESIAN_POINT('',(0.0685,-0.035,-0.0227098005422509));
#3470=CARTESIAN_POINT('',(0.08025,-0.0375,-0.0375));
#3471=CARTESIAN_POINT('',(0.0795,-0.035,-0.0235));
#3472=CARTESIAN_POINT('',(0.0795,-0.0325,-0.0385));
#3473=CARTESIAN_POINT('',(0.0795,-0.035,-0.0237098005422509));
#3474=CARTESIAN_POINT('',(0.0795,-0.0375,-0.0385));
#3475=CARTESIAN_POINT('',(0.0845,-0.0325,-0.0385));
#3476=CARTESIAN_POINT('',(0.077,-0.035,-0.0237098005422509));
#3477=CARTESIAN_POINT('',(0.0845,-0.0375,-0.0385));
#3478=MECHANICAL_DESIGN_GEOMETRIC_PRESENTATION_REPRESENTATION('',(#2075),
#3479);
#3479=(
GEOMETRIC_REPRESENTATION_CONTEXT(3)
GLOBAL_UNCERTAINTY_ASSIGNED_CONTEXT((#3480))
GLOBAL_UNIT_ASSIGNED_CONTEXT((#3483,#3482,#3481))
REPRESENTATION_CONTEXT('Part 1','TOP_LEVEL_ASSEMBLY_PART')
);
#3480=UNCERTAINTY_MEASURE_WITH_UNIT(LENGTH_MEASURE(2.E-5),#3483,
'DISTANCE_ACCURACY_VALUE','Maximum Tolerance applied to model');
#3481=(
NAMED_UNIT(*)
SI_UNIT($,.STERADIAN.)
SOLID_ANGLE_UNIT()
);
#3482=(
NAMED_UNIT(*)
PLANE_ANGLE_UNIT()
SI_UNIT($,.RADIAN.)
);
#3483=(
LENGTH_UNIT()
NAMED_UNIT(*)
SI_UNIT($,.METRE.)
);
#3484=PRODUCT_DEFINITION_SHAPE('','',#3485);
#3485=PRODUCT_DEFINITION('','',#3487,#3486);
#3486=PRODUCT_DEFINITION_CONTEXT('',#3493,'design');
#3487=PRODUCT_DEFINITION_FORMATION_WITH_SPECIFIED_SOURCE('','',#3489,
 .NOT_KNOWN.);
#3488=PRODUCT_RELATED_PRODUCT_CATEGORY('','',(#3489));
#3489=PRODUCT('Part 1','Part 1','Part 1',(#3491));
#3490=PRODUCT_CATEGORY('','');
#3491=PRODUCT_CONTEXT('',#3493,'mechanical');
#3492=APPLICATION_PROTOCOL_DEFINITION('international standard',
'ap242_managed_model_based_3d_engineering',2020,#3493);
#3493=APPLICATION_CONTEXT('managed model based 3d engineering');
ENDSEC;
END-ISO-10303-21;
