ISO-10303-21;
HEADER;
/* Generated by software containing ST-Developer
 * from STEP Tools, Inc. (www.steptools.com) 
 */
/* OPTION: using custom renumber hook */

FILE_DESCRIPTION(
/* description */ ('STEP AP242 Edition 2',
'CAx-IF Rec.Pracs.---Representation and Presentation of Product Manufa
cturing Information (PMI)---4.0---2014-10-13',
'CAx-IF Rec.Pracs.---3D Tessellated Geometry---0.4---2014-09-14','2;1',
'CAx-IF Rec.Pracs.---User Defined Attributes---1.5---2016-08-15'),
/* implementation_level */ '2;1');

FILE_NAME(
/* name */ 'Assembly 1 - Part 1 (2)',
/* time_stamp */ '2026-10-07T16:04:54Z',
/* author */ (''),
/* organization */ (''),
/* preprocessor_version */ 'ST-DEVELOPER v20',
/* originating_system */ 'ONSHAPE BY PTC INC, 1.221',
/* authorisation */ '  ');

FILE_SCHEMA (('AP242_MANAGED_MODEL_BASED_3D_ENGINEERING_MIM_LF { 1 0 10303 442 3 1 4 }'));
ENDSEC;

DATA;
#10=SHAPE_REPRESENTATION_RELATIONSHIP('','',#8666,#11);
#11=ADVANCED_BREP_SHAPE_REPRESENTATION('',(#8664),#15250);
#12=B_SPLINE_SURFACE_WITH_KNOTS('',3,1,((#12892,#12893),(#12894,#12895),
(#12896,#12897),(#12898,#12899)),.SURF_OF_LINEAR_EXTRUSION.,.F.,.F.,.F.,
(4,4),(2,2),(0.,1.),(0.,1.),.PIECEWISE_BEZIER_KNOTS.);
#13=B_SPLINE_SURFACE_WITH_KNOTS('',3,1,((#12905,#12906),(#12907,#12908),
(#12909,#12910),(#12911,#12912)),.SURF_OF_LINEAR_EXTRUSION.,.F.,.F.,.F.,
(4,4),(2,2),(0.,1.),(0.,1.),.PIECEWISE_BEZIER_KNOTS.);
#14=B_SPLINE_SURFACE_WITH_KNOTS('',3,1,((#12930,#12931),(#12932,#12933),
(#12934,#12935),(#12936,#12937)),.SURF_OF_LINEAR_EXTRUSION.,.F.,.F.,.F.,
(4,4),(2,2),(0.,1.),(0.,1.),.PIECEWISE_BEZIER_KNOTS.);
#15=B_SPLINE_SURFACE_WITH_KNOTS('',3,1,((#12963,#12964),(#12965,#12966),
(#12967,#12968),(#12969,#12970)),.SURF_OF_LINEAR_EXTRUSION.,.F.,.F.,.F.,
(4,4),(2,2),(0.,1.),(0.,1.),.PIECEWISE_BEZIER_KNOTS.);
#16=B_SPLINE_SURFACE_WITH_KNOTS('',3,1,((#12984,#12985),(#12986,#12987),
(#12988,#12989),(#12990,#12991)),.SURF_OF_LINEAR_EXTRUSION.,.F.,.F.,.F.,
(4,4),(2,2),(0.,1.),(0.,1.),.PIECEWISE_BEZIER_KNOTS.);
#17=B_SPLINE_SURFACE_WITH_KNOTS('',3,1,((#12997,#12998),(#12999,#13000),
(#13001,#13002),(#13003,#13004)),.SURF_OF_LINEAR_EXTRUSION.,.F.,.F.,.F.,
(4,4),(2,2),(0.,1.),(0.,1.),.PIECEWISE_BEZIER_KNOTS.);
#18=B_SPLINE_SURFACE_WITH_KNOTS('',3,1,((#13010,#13011),(#13012,#13013),
(#13014,#13015),(#13016,#13017)),.SURF_OF_LINEAR_EXTRUSION.,.F.,.F.,.F.,
(4,4),(2,2),(0.,1.),(0.,1.),.PIECEWISE_BEZIER_KNOTS.);
#19=B_SPLINE_SURFACE_WITH_KNOTS('',3,1,((#13023,#13024),(#13025,#13026),
(#13027,#13028),(#13029,#13030)),.SURF_OF_LINEAR_EXTRUSION.,.F.,.F.,.F.,
(4,4),(2,2),(0.,1.),(0.,1.),.PIECEWISE_BEZIER_KNOTS.);
#20=B_SPLINE_SURFACE_WITH_KNOTS('',3,1,((#13077,#13078),(#13079,#13080),
(#13081,#13082),(#13083,#13084)),.SURF_OF_LINEAR_EXTRUSION.,.F.,.F.,.F.,
(4,4),(2,2),(0.,1.),(0.,1.),.PIECEWISE_BEZIER_KNOTS.);
#21=B_SPLINE_SURFACE_WITH_KNOTS('',3,1,((#13126,#13127),(#13128,#13129),
(#13130,#13131),(#13132,#13133)),.SURF_OF_LINEAR_EXTRUSION.,.F.,.F.,.F.,
(4,4),(2,2),(0.,1.),(0.,1.),.PIECEWISE_BEZIER_KNOTS.);
#22=B_SPLINE_SURFACE_WITH_KNOTS('',3,1,((#13151,#13152),(#13153,#13154),
(#13155,#13156),(#13157,#13158)),.SURF_OF_LINEAR_EXTRUSION.,.F.,.F.,.F.,
(4,4),(2,2),(0.,1.),(0.,1.),.PIECEWISE_BEZIER_KNOTS.);
#23=B_SPLINE_SURFACE_WITH_KNOTS('',3,1,((#13168,#13169),(#13170,#13171),
(#13172,#13173),(#13174,#13175)),.SURF_OF_LINEAR_EXTRUSION.,.F.,.F.,.F.,
(4,4),(2,2),(0.,1.),(0.,1.),.PIECEWISE_BEZIER_KNOTS.);
#24=B_SPLINE_SURFACE_WITH_KNOTS('',3,1,((#13192,#13193),(#13194,#13195),
(#13196,#13197),(#13198,#13199)),.SURF_OF_LINEAR_EXTRUSION.,.F.,.F.,.F.,
(4,4),(2,2),(0.,1.),(0.,1.),.PIECEWISE_BEZIER_KNOTS.);
#25=B_SPLINE_SURFACE_WITH_KNOTS('',3,1,((#13263,#13264),(#13265,#13266),
(#13267,#13268),(#13269,#13270)),.SURF_OF_LINEAR_EXTRUSION.,.F.,.F.,.F.,
(4,4),(2,2),(0.,1.),(0.,1.),.PIECEWISE_BEZIER_KNOTS.);
#26=B_SPLINE_SURFACE_WITH_KNOTS('',3,1,((#13308,#13309),(#13310,#13311),
(#13312,#13313),(#13314,#13315)),.SURF_OF_LINEAR_EXTRUSION.,.F.,.F.,.F.,
(4,4),(2,2),(0.,1.),(0.,1.),.PIECEWISE_BEZIER_KNOTS.);
#27=B_SPLINE_SURFACE_WITH_KNOTS('',3,1,((#13320,#13321),(#13322,#13323),
(#13324,#13325),(#13326,#13327)),.SURF_OF_LINEAR_EXTRUSION.,.F.,.F.,.F.,
(4,4),(2,2),(0.,1.),(0.,1.),.PIECEWISE_BEZIER_KNOTS.);
#28=B_SPLINE_SURFACE_WITH_KNOTS('',3,1,((#13391,#13392),(#13393,#13394),
(#13395,#13396),(#13397,#13398)),.SURF_OF_LINEAR_EXTRUSION.,.F.,.F.,.F.,
(4,4),(2,2),(0.,1.),(0.,1.),.PIECEWISE_BEZIER_KNOTS.);
#29=B_SPLINE_SURFACE_WITH_KNOTS('',3,1,((#13436,#13437),(#13438,#13439),
(#13440,#13441),(#13442,#13443)),.SURF_OF_LINEAR_EXTRUSION.,.F.,.F.,.F.,
(4,4),(2,2),(0.,1.),(0.,1.),.PIECEWISE_BEZIER_KNOTS.);
#30=B_SPLINE_SURFACE_WITH_KNOTS('',3,1,((#13448,#13449),(#13450,#13451),
(#13452,#13453),(#13454,#13455)),.SURF_OF_LINEAR_EXTRUSION.,.F.,.F.,.F.,
(4,4),(2,2),(0.,1.),(0.,1.),.PIECEWISE_BEZIER_KNOTS.);
#31=B_SPLINE_SURFACE_WITH_KNOTS('',3,1,((#13474,#13475),(#13476,#13477),
(#13478,#13479),(#13480,#13481)),.SURF_OF_LINEAR_EXTRUSION.,.F.,.F.,.F.,
(4,4),(2,2),(0.,1.),(0.,1.),.PIECEWISE_BEZIER_KNOTS.);
#32=B_SPLINE_SURFACE_WITH_KNOTS('',3,1,((#13491,#13492),(#13493,#13494),
(#13495,#13496),(#13497,#13498)),.SURF_OF_LINEAR_EXTRUSION.,.F.,.F.,.F.,
(4,4),(2,2),(0.,1.),(0.,1.),.PIECEWISE_BEZIER_KNOTS.);
#33=B_SPLINE_SURFACE_WITH_KNOTS('',3,1,((#13508,#13509),(#13510,#13511),
(#13512,#13513),(#13514,#13515)),.SURF_OF_LINEAR_EXTRUSION.,.F.,.F.,.F.,
(4,4),(2,2),(0.,1.),(0.,1.),.PIECEWISE_BEZIER_KNOTS.);
#34=B_SPLINE_SURFACE_WITH_KNOTS('',3,1,((#13537,#13538),(#13539,#13540),
(#13541,#13542),(#13543,#13544)),.SURF_OF_LINEAR_EXTRUSION.,.F.,.F.,.F.,
(4,4),(2,2),(0.,1.),(0.,1.),.PIECEWISE_BEZIER_KNOTS.);
#35=B_SPLINE_SURFACE_WITH_KNOTS('',3,1,((#13566,#13567),(#13568,#13569),
(#13570,#13571),(#13572,#13573)),.SURF_OF_LINEAR_EXTRUSION.,.F.,.F.,.F.,
(4,4),(2,2),(0.,1.),(0.,1.),.PIECEWISE_BEZIER_KNOTS.);
#36=B_SPLINE_SURFACE_WITH_KNOTS('',3,1,((#13625,#13626),(#13627,#13628),
(#13629,#13630),(#13631,#13632)),.SURF_OF_LINEAR_EXTRUSION.,.F.,.F.,.F.,
(4,4),(2,2),(0.,1.),(0.,1.),.PIECEWISE_BEZIER_KNOTS.);
#37=B_SPLINE_SURFACE_WITH_KNOTS('',3,1,((#13642,#13643),(#13644,#13645),
(#13646,#13647),(#13648,#13649)),.SURF_OF_LINEAR_EXTRUSION.,.F.,.F.,.F.,
(4,4),(2,2),(0.,1.),(0.,1.),.PIECEWISE_BEZIER_KNOTS.);
#38=B_SPLINE_SURFACE_WITH_KNOTS('',3,1,((#13655,#13656),(#13657,#13658),
(#13659,#13660),(#13661,#13662)),.SURF_OF_LINEAR_EXTRUSION.,.F.,.F.,.F.,
(4,4),(2,2),(0.,1.),(0.,1.),.PIECEWISE_BEZIER_KNOTS.);
#39=B_SPLINE_SURFACE_WITH_KNOTS('',3,1,((#13680,#13681),(#13682,#13683),
(#13684,#13685),(#13686,#13687)),.SURF_OF_LINEAR_EXTRUSION.,.F.,.F.,.F.,
(4,4),(2,2),(0.,1.),(0.,1.),.PIECEWISE_BEZIER_KNOTS.);
#40=B_SPLINE_SURFACE_WITH_KNOTS('',3,1,((#13693,#13694),(#13695,#13696),
(#13697,#13698),(#13699,#13700)),.SURF_OF_LINEAR_EXTRUSION.,.F.,.F.,.F.,
(4,4),(2,2),(0.,1.),(0.,1.),.PIECEWISE_BEZIER_KNOTS.);
#41=B_SPLINE_SURFACE_WITH_KNOTS('',3,1,((#13706,#13707),(#13708,#13709),
(#13710,#13711),(#13712,#13713)),.SURF_OF_LINEAR_EXTRUSION.,.F.,.F.,.F.,
(4,4),(2,2),(0.,1.),(0.,1.),.PIECEWISE_BEZIER_KNOTS.);
#42=B_SPLINE_SURFACE_WITH_KNOTS('',3,1,((#13719,#13720),(#13721,#13722),
(#13723,#13724),(#13725,#13726)),.SURF_OF_LINEAR_EXTRUSION.,.F.,.F.,.F.,
(4,4),(2,2),(0.,1.),(0.,1.),.PIECEWISE_BEZIER_KNOTS.);
#43=B_SPLINE_SURFACE_WITH_KNOTS('',3,1,((#13732,#13733),(#13734,#13735),
(#13736,#13737),(#13738,#13739)),.SURF_OF_LINEAR_EXTRUSION.,.F.,.F.,.F.,
(4,4),(2,2),(0.,1.),(0.,1.),.PIECEWISE_BEZIER_KNOTS.);
#44=B_SPLINE_SURFACE_WITH_KNOTS('',3,1,((#13745,#13746),(#13747,#13748),
(#13749,#13750),(#13751,#13752)),.SURF_OF_LINEAR_EXTRUSION.,.F.,.F.,.F.,
(4,4),(2,2),(0.,1.),(0.,1.),.PIECEWISE_BEZIER_KNOTS.);
#45=B_SPLINE_SURFACE_WITH_KNOTS('',3,1,((#13762,#13763),(#13764,#13765),
(#13766,#13767),(#13768,#13769)),.SURF_OF_LINEAR_EXTRUSION.,.F.,.F.,.F.,
(4,4),(2,2),(0.,1.),(0.,1.),.PIECEWISE_BEZIER_KNOTS.);
#46=B_SPLINE_SURFACE_WITH_KNOTS('',3,1,((#13779,#13780),(#13781,#13782),
(#13783,#13784),(#13785,#13786)),.SURF_OF_LINEAR_EXTRUSION.,.F.,.F.,.F.,
(4,4),(2,2),(0.,1.),(0.,1.),.PIECEWISE_BEZIER_KNOTS.);
#47=B_SPLINE_SURFACE_WITH_KNOTS('',3,1,((#13796,#13797),(#13798,#13799),
(#13800,#13801),(#13802,#13803)),.SURF_OF_LINEAR_EXTRUSION.,.F.,.F.,.F.,
(4,4),(2,2),(0.,1.),(0.,1.),.PIECEWISE_BEZIER_KNOTS.);
#48=B_SPLINE_SURFACE_WITH_KNOTS('',3,1,((#13809,#13810),(#13811,#13812),
(#13813,#13814),(#13815,#13816)),.SURF_OF_LINEAR_EXTRUSION.,.F.,.F.,.F.,
(4,4),(2,2),(0.,1.),(0.,1.),.PIECEWISE_BEZIER_KNOTS.);
#49=B_SPLINE_SURFACE_WITH_KNOTS('',3,1,((#13822,#13823),(#13824,#13825),
(#13826,#13827),(#13828,#13829)),.SURF_OF_LINEAR_EXTRUSION.,.F.,.F.,.F.,
(4,4),(2,2),(0.,1.),(0.,1.),.PIECEWISE_BEZIER_KNOTS.);
#50=B_SPLINE_SURFACE_WITH_KNOTS('',3,1,((#13851,#13852),(#13853,#13854),
(#13855,#13856),(#13857,#13858)),.SURF_OF_LINEAR_EXTRUSION.,.F.,.F.,.F.,
(4,4),(2,2),(0.,1.),(0.,1.),.PIECEWISE_BEZIER_KNOTS.);
#51=B_SPLINE_SURFACE_WITH_KNOTS('',3,1,((#13864,#13865),(#13866,#13867),
(#13868,#13869),(#13870,#13871)),.SURF_OF_LINEAR_EXTRUSION.,.F.,.F.,.F.,
(4,4),(2,2),(0.,1.),(0.,1.),.PIECEWISE_BEZIER_KNOTS.);
#52=B_SPLINE_SURFACE_WITH_KNOTS('',3,1,((#13887,#13888),(#13889,#13890),
(#13891,#13892),(#13893,#13894)),.SURF_OF_LINEAR_EXTRUSION.,.F.,.F.,.F.,
(4,4),(2,2),(0.,1.),(0.,1.),.PIECEWISE_BEZIER_KNOTS.);
#53=B_SPLINE_SURFACE_WITH_KNOTS('',3,1,((#13935,#13936),(#13937,#13938),
(#13939,#13940),(#13941,#13942)),.SURF_OF_LINEAR_EXTRUSION.,.F.,.F.,.F.,
(4,4),(2,2),(0.,1.),(0.,1.),.PIECEWISE_BEZIER_KNOTS.);
#54=B_SPLINE_SURFACE_WITH_KNOTS('',3,1,((#13964,#13965),(#13966,#13967),
(#13968,#13969),(#13970,#13971)),.SURF_OF_LINEAR_EXTRUSION.,.F.,.F.,.F.,
(4,4),(2,2),(0.,1.),(0.,1.),.PIECEWISE_BEZIER_KNOTS.);
#55=B_SPLINE_SURFACE_WITH_KNOTS('',3,1,((#13987,#13988),(#13989,#13990),
(#13991,#13992),(#13993,#13994)),.SURF_OF_LINEAR_EXTRUSION.,.F.,.F.,.F.,
(4,4),(2,2),(0.,1.),(0.,1.),.PIECEWISE_BEZIER_KNOTS.);
#56=B_SPLINE_SURFACE_WITH_KNOTS('',3,1,((#14000,#14001),(#14002,#14003),
(#14004,#14005),(#14006,#14007)),.SURF_OF_LINEAR_EXTRUSION.,.F.,.F.,.F.,
(4,4),(2,2),(0.,1.),(0.,1.),.PIECEWISE_BEZIER_KNOTS.);
#57=B_SPLINE_SURFACE_WITH_KNOTS('',3,1,((#14013,#14014),(#14015,#14016),
(#14017,#14018),(#14019,#14020)),.SURF_OF_LINEAR_EXTRUSION.,.F.,.F.,.F.,
(4,4),(2,2),(0.,1.),(0.,1.),.PIECEWISE_BEZIER_KNOTS.);
#58=B_SPLINE_SURFACE_WITH_KNOTS('',3,1,((#14026,#14027),(#14028,#14029),
(#14030,#14031),(#14032,#14033)),.SURF_OF_LINEAR_EXTRUSION.,.F.,.F.,.F.,
(4,4),(2,2),(0.,1.),(0.,1.),.PIECEWISE_BEZIER_KNOTS.);
#59=B_SPLINE_SURFACE_WITH_KNOTS('',3,1,((#14043,#14044),(#14045,#14046),
(#14047,#14048),(#14049,#14050)),.SURF_OF_LINEAR_EXTRUSION.,.F.,.F.,.F.,
(4,4),(2,2),(0.,1.),(0.,1.),.PIECEWISE_BEZIER_KNOTS.);
#60=B_SPLINE_SURFACE_WITH_KNOTS('',3,1,((#14056,#14057),(#14058,#14059),
(#14060,#14061),(#14062,#14063)),.SURF_OF_LINEAR_EXTRUSION.,.F.,.F.,.F.,
(4,4),(2,2),(0.,1.),(0.,1.),.PIECEWISE_BEZIER_KNOTS.);
#61=B_SPLINE_SURFACE_WITH_KNOTS('',3,1,((#14069,#14070),(#14071,#14072),
(#14073,#14074),(#14075,#14076)),.SURF_OF_LINEAR_EXTRUSION.,.F.,.F.,.F.,
(4,4),(2,2),(0.,1.),(0.,1.),.PIECEWISE_BEZIER_KNOTS.);
#62=B_SPLINE_SURFACE_WITH_KNOTS('',3,1,((#14102,#14103),(#14104,#14105),
(#14106,#14107),(#14108,#14109)),.SURF_OF_LINEAR_EXTRUSION.,.F.,.F.,.F.,
(4,4),(2,2),(0.,1.),(0.,1.),.PIECEWISE_BEZIER_KNOTS.);
#63=B_SPLINE_SURFACE_WITH_KNOTS('',3,1,((#14123,#14124),(#14125,#14126),
(#14127,#14128),(#14129,#14130)),.SURF_OF_LINEAR_EXTRUSION.,.F.,.F.,.F.,
(4,4),(2,2),(0.,1.),(0.,1.),.PIECEWISE_BEZIER_KNOTS.);
#64=B_SPLINE_SURFACE_WITH_KNOTS('',3,1,((#14140,#14141),(#14142,#14143),
(#14144,#14145),(#14146,#14147)),.SURF_OF_LINEAR_EXTRUSION.,.F.,.F.,.F.,
(4,4),(2,2),(0.,1.),(0.,1.),.PIECEWISE_BEZIER_KNOTS.);
#65=B_SPLINE_SURFACE_WITH_KNOTS('',3,1,((#14153,#14154),(#14155,#14156),
(#14157,#14158),(#14159,#14160)),.SURF_OF_LINEAR_EXTRUSION.,.F.,.F.,.F.,
(4,4),(2,2),(0.,1.),(0.,1.),.PIECEWISE_BEZIER_KNOTS.);
#66=B_SPLINE_SURFACE_WITH_KNOTS('',3,1,((#14166,#14167),(#14168,#14169),
(#14170,#14171),(#14172,#14173)),.SURF_OF_LINEAR_EXTRUSION.,.F.,.F.,.F.,
(4,4),(2,2),(0.,1.),(0.,1.),.PIECEWISE_BEZIER_KNOTS.);
#67=B_SPLINE_SURFACE_WITH_KNOTS('',3,1,((#14215,#14216),(#14217,#14218),
(#14219,#14220),(#14221,#14222)),.SURF_OF_LINEAR_EXTRUSION.,.F.,.F.,.F.,
(4,4),(2,2),(0.,1.),(0.,1.),.PIECEWISE_BEZIER_KNOTS.);
#68=B_SPLINE_SURFACE_WITH_KNOTS('',3,1,((#14264,#14265),(#14266,#14267),
(#14268,#14269),(#14270,#14271)),.SURF_OF_LINEAR_EXTRUSION.,.F.,.F.,.F.,
(4,4),(2,2),(0.,1.),(0.,1.),.PIECEWISE_BEZIER_KNOTS.);
#69=B_SPLINE_SURFACE_WITH_KNOTS('',3,1,((#14289,#14290),(#14291,#14292),
(#14293,#14294),(#14295,#14296)),.SURF_OF_LINEAR_EXTRUSION.,.F.,.F.,.F.,
(4,4),(2,2),(0.,1.),(0.,1.),.PIECEWISE_BEZIER_KNOTS.);
#70=B_SPLINE_SURFACE_WITH_KNOTS('',3,1,((#14306,#14307),(#14308,#14309),
(#14310,#14311),(#14312,#14313)),.SURF_OF_LINEAR_EXTRUSION.,.F.,.F.,.F.,
(4,4),(2,2),(0.,1.),(0.,1.),.PIECEWISE_BEZIER_KNOTS.);
#71=B_SPLINE_SURFACE_WITH_KNOTS('',3,1,((#14330,#14331),(#14332,#14333),
(#14334,#14335),(#14336,#14337)),.SURF_OF_LINEAR_EXTRUSION.,.F.,.F.,.F.,
(4,4),(2,2),(0.,1.),(0.,1.),.PIECEWISE_BEZIER_KNOTS.);
#72=B_SPLINE_SURFACE_WITH_KNOTS('',3,1,((#14349,#14350),(#14351,#14352),
(#14353,#14354),(#14355,#14356)),.SURF_OF_LINEAR_EXTRUSION.,.F.,.F.,.F.,
(4,4),(2,2),(0.,1.),(0.,1.),.PIECEWISE_BEZIER_KNOTS.);
#73=B_SPLINE_SURFACE_WITH_KNOTS('',3,1,((#14362,#14363),(#14364,#14365),
(#14366,#14367),(#14368,#14369)),.SURF_OF_LINEAR_EXTRUSION.,.F.,.F.,.F.,
(4,4),(2,2),(0.,1.),(0.,1.),.PIECEWISE_BEZIER_KNOTS.);
#74=B_SPLINE_SURFACE_WITH_KNOTS('',3,1,((#14403,#14404),(#14405,#14406),
(#14407,#14408),(#14409,#14410)),.SURF_OF_LINEAR_EXTRUSION.,.F.,.F.,.F.,
(4,4),(2,2),(0.,1.),(0.,1.),.PIECEWISE_BEZIER_KNOTS.);
#75=B_SPLINE_SURFACE_WITH_KNOTS('',3,1,((#14446,#14447),(#14448,#14449),
(#14450,#14451),(#14452,#14453)),.SURF_OF_LINEAR_EXTRUSION.,.F.,.F.,.F.,
(4,4),(2,2),(0.,1.),(0.,1.),.PIECEWISE_BEZIER_KNOTS.);
#76=B_SPLINE_SURFACE_WITH_KNOTS('',3,1,((#14463,#14464),(#14465,#14466),
(#14467,#14468),(#14469,#14470)),.SURF_OF_LINEAR_EXTRUSION.,.F.,.F.,.F.,
(4,4),(2,2),(0.,1.),(0.,1.),.PIECEWISE_BEZIER_KNOTS.);
#77=B_SPLINE_SURFACE_WITH_KNOTS('',3,1,((#14492,#14493),(#14494,#14495),
(#14496,#14497),(#14498,#14499)),.SURF_OF_LINEAR_EXTRUSION.,.F.,.F.,.F.,
(4,4),(2,2),(0.,1.),(0.,1.),.PIECEWISE_BEZIER_KNOTS.);
#78=B_SPLINE_SURFACE_WITH_KNOTS('',3,1,((#14509,#14510),(#14511,#14512),
(#14513,#14514),(#14515,#14516)),.SURF_OF_LINEAR_EXTRUSION.,.F.,.F.,.F.,
(4,4),(2,2),(0.,1.),(0.,1.),.PIECEWISE_BEZIER_KNOTS.);
#79=B_SPLINE_SURFACE_WITH_KNOTS('',3,1,((#14526,#14527),(#14528,#14529),
(#14530,#14531),(#14532,#14533)),.SURF_OF_LINEAR_EXTRUSION.,.F.,.F.,.F.,
(4,4),(2,2),(0.,1.),(0.,1.),.PIECEWISE_BEZIER_KNOTS.);
#80=B_SPLINE_SURFACE_WITH_KNOTS('',3,1,((#14564,#14565),(#14566,#14567),
(#14568,#14569),(#14570,#14571)),.SURF_OF_LINEAR_EXTRUSION.,.F.,.F.,.F.,
(4,4),(2,2),(0.,1.),(0.,1.),.PIECEWISE_BEZIER_KNOTS.);
#81=B_SPLINE_SURFACE_WITH_KNOTS('',3,1,((#14581,#14582),(#14583,#14584),
(#14585,#14586),(#14587,#14588)),.SURF_OF_LINEAR_EXTRUSION.,.F.,.F.,.F.,
(4,4),(2,2),(0.,1.),(0.,1.),.PIECEWISE_BEZIER_KNOTS.);
#82=B_SPLINE_SURFACE_WITH_KNOTS('',3,1,((#14598,#14599),(#14600,#14601),
(#14602,#14603),(#14604,#14605)),.SURF_OF_LINEAR_EXTRUSION.,.F.,.F.,.F.,
(4,4),(2,2),(0.,1.),(0.,1.),.PIECEWISE_BEZIER_KNOTS.);
#83=B_SPLINE_SURFACE_WITH_KNOTS('',3,1,((#14613,#14614),(#14615,#14616),
(#14617,#14618),(#14619,#14620)),.SURF_OF_LINEAR_EXTRUSION.,.F.,.F.,.F.,
(4,4),(2,2),(0.,1.),(0.,1.),.PIECEWISE_BEZIER_KNOTS.);
#84=B_SPLINE_SURFACE_WITH_KNOTS('',3,1,((#14634,#14635),(#14636,#14637),
(#14638,#14639),(#14640,#14641)),.SURF_OF_LINEAR_EXTRUSION.,.F.,.F.,.F.,
(4,4),(2,2),(0.,1.),(0.,1.),.PIECEWISE_BEZIER_KNOTS.);
#85=B_SPLINE_SURFACE_WITH_KNOTS('',3,1,((#14647,#14648),(#14649,#14650),
(#14651,#14652),(#14653,#14654)),.SURF_OF_LINEAR_EXTRUSION.,.F.,.F.,.F.,
(4,4),(2,2),(0.,1.),(0.,1.),.PIECEWISE_BEZIER_KNOTS.);
#86=B_SPLINE_SURFACE_WITH_KNOTS('',3,1,((#14664,#14665),(#14666,#14667),
(#14668,#14669),(#14670,#14671)),.SURF_OF_LINEAR_EXTRUSION.,.F.,.F.,.F.,
(4,4),(2,2),(0.,1.),(0.,1.),.PIECEWISE_BEZIER_KNOTS.);
#87=B_SPLINE_SURFACE_WITH_KNOTS('',3,1,((#14697,#14698),(#14699,#14700),
(#14701,#14702),(#14703,#14704)),.SURF_OF_LINEAR_EXTRUSION.,.F.,.F.,.F.,
(4,4),(2,2),(0.,1.),(0.,1.),.PIECEWISE_BEZIER_KNOTS.);
#88=B_SPLINE_SURFACE_WITH_KNOTS('',3,1,((#14718,#14719),(#14720,#14721),
(#14722,#14723),(#14724,#14725)),.SURF_OF_LINEAR_EXTRUSION.,.F.,.F.,.F.,
(4,4),(2,2),(0.,1.),(0.,1.),.PIECEWISE_BEZIER_KNOTS.);
#89=B_SPLINE_SURFACE_WITH_KNOTS('',3,1,((#14731,#14732),(#14733,#14734),
(#14735,#14736),(#14737,#14738)),.SURF_OF_LINEAR_EXTRUSION.,.F.,.F.,.F.,
(4,4),(2,2),(0.,1.),(0.,1.),.PIECEWISE_BEZIER_KNOTS.);
#90=B_SPLINE_SURFACE_WITH_KNOTS('',3,1,((#14744,#14745),(#14746,#14747),
(#14748,#14749),(#14750,#14751)),.SURF_OF_LINEAR_EXTRUSION.,.F.,.F.,.F.,
(4,4),(2,2),(0.,1.),(0.,1.),.PIECEWISE_BEZIER_KNOTS.);
#91=B_SPLINE_SURFACE_WITH_KNOTS('',3,1,((#14757,#14758),(#14759,#14760),
(#14761,#14762),(#14763,#14764)),.SURF_OF_LINEAR_EXTRUSION.,.F.,.F.,.F.,
(4,4),(2,2),(0.,1.),(0.,1.),.PIECEWISE_BEZIER_KNOTS.);
#92=B_SPLINE_SURFACE_WITH_KNOTS('',3,1,((#14770,#14771),(#14772,#14773),
(#14774,#14775),(#14776,#14777)),.SURF_OF_LINEAR_EXTRUSION.,.F.,.F.,.F.,
(4,4),(2,2),(0.,1.),(0.,1.),.PIECEWISE_BEZIER_KNOTS.);
#93=B_SPLINE_SURFACE_WITH_KNOTS('',3,1,((#14797,#14798),(#14799,#14800),
(#14801,#14802),(#14803,#14804)),.SURF_OF_LINEAR_EXTRUSION.,.F.,.F.,.F.,
(4,4),(2,2),(0.,1.),(0.,1.),.PIECEWISE_BEZIER_KNOTS.);
#94=B_SPLINE_SURFACE_WITH_KNOTS('',3,1,((#14822,#14823),(#14824,#14825),
(#14826,#14827),(#14828,#14829)),.SURF_OF_LINEAR_EXTRUSION.,.F.,.F.,.F.,
(4,4),(2,2),(0.,1.),(0.,1.),.PIECEWISE_BEZIER_KNOTS.);
#95=B_SPLINE_SURFACE_WITH_KNOTS('',3,1,((#14835,#14836),(#14837,#14838),
(#14839,#14840),(#14841,#14842)),.SURF_OF_LINEAR_EXTRUSION.,.F.,.F.,.F.,
(4,4),(2,2),(0.,1.),(0.,1.),.PIECEWISE_BEZIER_KNOTS.);
#96=B_SPLINE_SURFACE_WITH_KNOTS('',3,1,((#14848,#14849),(#14850,#14851),
(#14852,#14853),(#14854,#14855)),.SURF_OF_LINEAR_EXTRUSION.,.F.,.F.,.F.,
(4,4),(2,2),(0.,1.),(0.,1.),.PIECEWISE_BEZIER_KNOTS.);
#97=B_SPLINE_SURFACE_WITH_KNOTS('',3,1,((#14873,#14874),(#14875,#14876),
(#14877,#14878),(#14879,#14880)),.SURF_OF_LINEAR_EXTRUSION.,.F.,.F.,.F.,
(4,4),(2,2),(0.,1.),(0.,1.),.PIECEWISE_BEZIER_KNOTS.);
#98=B_SPLINE_SURFACE_WITH_KNOTS('',3,1,((#14886,#14887),(#14888,#14889),
(#14890,#14891),(#14892,#14893)),.SURF_OF_LINEAR_EXTRUSION.,.F.,.F.,.F.,
(4,4),(2,2),(0.,1.),(0.,1.),.PIECEWISE_BEZIER_KNOTS.);
#99=B_SPLINE_SURFACE_WITH_KNOTS('',3,1,((#14899,#14900),(#14901,#14902),
(#14903,#14904),(#14905,#14906)),.SURF_OF_LINEAR_EXTRUSION.,.F.,.F.,.F.,
(4,4),(2,2),(0.,1.),(0.,1.),.PIECEWISE_BEZIER_KNOTS.);
#100=B_SPLINE_SURFACE_WITH_KNOTS('',3,1,((#14916,#14917),(#14918,#14919),
(#14920,#14921),(#14922,#14923)),.SURF_OF_LINEAR_EXTRUSION.,.F.,.F.,.F.,
(4,4),(2,2),(0.,1.),(0.,1.),.PIECEWISE_BEZIER_KNOTS.);
#101=B_SPLINE_SURFACE_WITH_KNOTS('',3,1,((#14941,#14942),(#14943,#14944),
(#14945,#14946),(#14947,#14948)),.SURF_OF_LINEAR_EXTRUSION.,.F.,.F.,.F.,
(4,4),(2,2),(0.,1.),(0.,1.),.PIECEWISE_BEZIER_KNOTS.);
#102=B_SPLINE_SURFACE_WITH_KNOTS('',3,1,((#14962,#14963),(#14964,#14965),
(#14966,#14967),(#14968,#14969)),.SURF_OF_LINEAR_EXTRUSION.,.F.,.F.,.F.,
(4,4),(2,2),(0.,1.),(0.,1.),.PIECEWISE_BEZIER_KNOTS.);
#103=B_SPLINE_SURFACE_WITH_KNOTS('',3,1,((#14979,#14980),(#14981,#14982),
(#14983,#14984),(#14985,#14986)),.SURF_OF_LINEAR_EXTRUSION.,.F.,.F.,.F.,
(4,4),(2,2),(0.,1.),(0.,1.),.PIECEWISE_BEZIER_KNOTS.);
#104=B_SPLINE_SURFACE_WITH_KNOTS('',3,1,((#14992,#14993),(#14994,#14995),
(#14996,#14997),(#14998,#14999)),.SURF_OF_LINEAR_EXTRUSION.,.F.,.F.,.F.,
(4,4),(2,2),(0.,1.),(0.,1.),.PIECEWISE_BEZIER_KNOTS.);
#105=B_SPLINE_SURFACE_WITH_KNOTS('',3,1,((#15017,#15018),(#15019,#15020),
(#15021,#15022),(#15023,#15024)),.SURF_OF_LINEAR_EXTRUSION.,.F.,.F.,.F.,
(4,4),(2,2),(0.,1.),(0.,1.),.PIECEWISE_BEZIER_KNOTS.);
#106=B_SPLINE_SURFACE_WITH_KNOTS('',3,1,((#15030,#15031),(#15032,#15033),
(#15034,#15035),(#15036,#15037)),.SURF_OF_LINEAR_EXTRUSION.,.F.,.F.,.F.,
(4,4),(2,2),(0.,1.),(0.,1.),.PIECEWISE_BEZIER_KNOTS.);
#107=B_SPLINE_SURFACE_WITH_KNOTS('',3,1,((#15043,#15044),(#15045,#15046),
(#15047,#15048),(#15049,#15050)),.SURF_OF_LINEAR_EXTRUSION.,.F.,.F.,.F.,
(4,4),(2,2),(0.,1.),(0.,1.),.PIECEWISE_BEZIER_KNOTS.);
#108=B_SPLINE_SURFACE_WITH_KNOTS('',3,1,((#15056,#15057),(#15058,#15059),
(#15060,#15061),(#15062,#15063)),.SURF_OF_LINEAR_EXTRUSION.,.F.,.F.,.F.,
(4,4),(2,2),(0.,1.),(0.,1.),.PIECEWISE_BEZIER_KNOTS.);
#109=B_SPLINE_SURFACE_WITH_KNOTS('',3,1,((#15081,#15082),(#15083,#15084),
(#15085,#15086),(#15087,#15088)),.SURF_OF_LINEAR_EXTRUSION.,.F.,.F.,.F.,
(4,4),(2,2),(0.,1.),(0.,1.),.PIECEWISE_BEZIER_KNOTS.);
#110=B_SPLINE_SURFACE_WITH_KNOTS('',3,1,((#15114,#15115),(#15116,#15117),
(#15118,#15119),(#15120,#15121)),.SURF_OF_LINEAR_EXTRUSION.,.F.,.F.,.F.,
(4,4),(2,2),(0.,1.),(0.,1.),.PIECEWISE_BEZIER_KNOTS.);
#111=B_SPLINE_SURFACE_WITH_KNOTS('',3,1,((#15127,#15128),(#15129,#15130),
(#15131,#15132),(#15133,#15134)),.SURF_OF_LINEAR_EXTRUSION.,.F.,.F.,.F.,
(4,4),(2,2),(0.,1.),(0.,1.),.PIECEWISE_BEZIER_KNOTS.);
#112=TOROIDAL_SURFACE('',#8902,0.0315,0.01);
#113=TOROIDAL_SURFACE('',#8915,0.019,0.0025);
#114=ELLIPSE('',#8862,0.00257153031553794,0.0025);
#115=ELLIPSE('',#8863,0.00257153031553794,0.0025);
#116=ELLIPSE('',#8883,0.00332646559588152,0.0025);
#117=CYLINDRICAL_SURFACE('',#8820,0.001);
#118=CYLINDRICAL_SURFACE('',#8886,0.0025);
#119=CYLINDRICAL_SURFACE('',#8887,0.0025);
#120=CYLINDRICAL_SURFACE('',#8888,0.0025);
#121=CYLINDRICAL_SURFACE('',#8889,0.001);
#122=CYLINDRICAL_SURFACE('',#8893,0.0215);
#123=CYLINDRICAL_SURFACE('',#8896,0.0165);
#124=CYLINDRICAL_SURFACE('',#8900,0.001);
#125=CYLINDRICAL_SURFACE('',#8907,0.00135);
#126=CYLINDRICAL_SURFACE('',#8908,0.00135);
#127=CYLINDRICAL_SURFACE('',#8909,0.00135);
#128=CYLINDRICAL_SURFACE('',#8910,0.00135);
#129=CYLINDRICAL_SURFACE('',#8911,0.00135);
#130=CYLINDRICAL_SURFACE('',#8912,0.00135);
#131=CYLINDRICAL_SURFACE('',#8913,0.01);
#132=CYLINDRICAL_SURFACE('',#8914,0.01);
#133=CYLINDRICAL_SURFACE('',#8917,0.004);
#134=CYLINDRICAL_SURFACE('',#8932,0.00135);
#135=CYLINDRICAL_SURFACE('',#8933,0.00135);
#136=CYLINDRICAL_SURFACE('',#8936,0.00135);
#137=CYLINDRICAL_SURFACE('',#8939,0.00135);
#138=CYLINDRICAL_SURFACE('',#8942,0.00135);
#139=CYLINDRICAL_SURFACE('',#8945,0.00135);
#140=CYLINDRICAL_SURFACE('',#8948,0.00135);
#141=CYLINDRICAL_SURFACE('',#8953,0.0260550387442628);
#142=CYLINDRICAL_SURFACE('',#8955,0.00710000861401456);
#143=CYLINDRICAL_SURFACE('',#8957,0.00453532590736586);
#144=CYLINDRICAL_SURFACE('',#8959,0.00254095744421733);
#145=CYLINDRICAL_SURFACE('',#8961,0.00392086457141578);
#146=CYLINDRICAL_SURFACE('',#8963,0.00622054942412966);
#147=CYLINDRICAL_SURFACE('',#8965,0.00562289922034998);
#148=CYLINDRICAL_SURFACE('',#8972,0.00420158741734743);
#149=CYLINDRICAL_SURFACE('',#8974,0.00532280995201357);
#150=CYLINDRICAL_SURFACE('',#8976,0.0135773562401748);
#151=CYLINDRICAL_SURFACE('',#8981,0.0520841437480451);
#152=CYLINDRICAL_SURFACE('',#8983,0.00625253716391424);
#153=CYLINDRICAL_SURFACE('',#8985,0.0042031041595783);
#154=CYLINDRICAL_SURFACE('',#8987,0.00264141838782535);
#155=CYLINDRICAL_SURFACE('',#8989,0.00736984068000384);
#156=CYLINDRICAL_SURFACE('',#8991,0.0051875956241485);
#157=CYLINDRICAL_SURFACE('',#8993,0.00265163811551209);
#158=CYLINDRICAL_SURFACE('',#8995,0.00379096591591876);
#159=CYLINDRICAL_SURFACE('',#8997,0.0054744821026387);
#160=CYLINDRICAL_SURFACE('',#8999,0.00664014356027247);
#161=CYLINDRICAL_SURFACE('',#9001,0.00398930253947306);
#162=CYLINDRICAL_SURFACE('',#9008,0.00410161534889874);
#163=CYLINDRICAL_SURFACE('',#9010,0.00434764372614606);
#164=CYLINDRICAL_SURFACE('',#9012,0.00463123826002492);
#165=CYLINDRICAL_SURFACE('',#9014,0.00175085729353273);
#166=CYLINDRICAL_SURFACE('',#9016,0.0135037329795761);
#167=CYLINDRICAL_SURFACE('',#9032,0.0103759601540475);
#168=CYLINDRICAL_SURFACE('',#9034,0.00500845660150834);
#169=CYLINDRICAL_SURFACE('',#9036,0.00337914480599088);
#170=CYLINDRICAL_SURFACE('',#9038,0.00439799424332761);
#171=CYLINDRICAL_SURFACE('',#9040,0.0100716752412856);
#172=CYLINDRICAL_SURFACE('',#9042,0.0199597447116538);
#173=CYLINDRICAL_SURFACE('',#9044,0.0100122627115912);
#174=CYLINDRICAL_SURFACE('',#9046,0.00641352888819748);
#175=CYLINDRICAL_SURFACE('',#9049,0.00738337675590992);
#176=CYLINDRICAL_SURFACE('',#9051,0.00187529227173053);
#177=CYLINDRICAL_SURFACE('',#9065,0.0103759601540484);
#178=CYLINDRICAL_SURFACE('',#9067,0.0050084566015128);
#179=CYLINDRICAL_SURFACE('',#9069,0.00337914480155067);
#180=CYLINDRICAL_SURFACE('',#9071,0.00439799424332937);
#181=CYLINDRICAL_SURFACE('',#9073,0.0100716752403003);
#182=CYLINDRICAL_SURFACE('',#9075,0.0199597447116581);
#183=CYLINDRICAL_SURFACE('',#9077,0.0100122627115911);
#184=CYLINDRICAL_SURFACE('',#9079,0.00641352888819455);
#185=CYLINDRICAL_SURFACE('',#9082,0.0073833767559112);
#186=CYLINDRICAL_SURFACE('',#9084,0.00187529227173081);
#187=CYLINDRICAL_SURFACE('',#9087,0.00607537509386081);
#188=CYLINDRICAL_SURFACE('',#9090,0.00203573630051482);
#189=CYLINDRICAL_SURFACE('',#9093,0.00288516078575087);
#190=CYLINDRICAL_SURFACE('',#9096,0.00591641770611797);
#191=CYLINDRICAL_SURFACE('',#9099,0.00599555695414236);
#192=CYLINDRICAL_SURFACE('',#9102,0.00277448009271299);
#193=CYLINDRICAL_SURFACE('',#9105,0.00203021884934306);
#194=CYLINDRICAL_SURFACE('',#9108,0.00210233712194412);
#195=CYLINDRICAL_SURFACE('',#9111,0.0026175685126864);
#196=CYLINDRICAL_SURFACE('',#9114,0.00181735996232685);
#197=CYLINDRICAL_SURFACE('',#9117,0.00401332463492686);
#198=CYLINDRICAL_SURFACE('',#9119,0.00661747567071408);
#199=CYLINDRICAL_SURFACE('',#9121,0.00386761399233172);
#200=CYLINDRICAL_SURFACE('',#9126,0.0094195373200538);
#201=CYLINDRICAL_SURFACE('',#9128,0.00436970116268464);
#202=CYLINDRICAL_SURFACE('',#9130,0.00560925819159154);
#203=CYLINDRICAL_SURFACE('',#9132,8.61738495606184E-5);
#204=CYLINDRICAL_SURFACE('',#9134,8.61738495595082E-5);
#205=CYLINDRICAL_SURFACE('',#9138,0.00409795974777342);
#206=CYLINDRICAL_SURFACE('',#9140,0.00346488480301696);
#207=CYLINDRICAL_SURFACE('',#9142,0.00277363696594391);
#208=CYLINDRICAL_SURFACE('',#9145,0.00298175299510947);
#209=CYLINDRICAL_SURFACE('',#9149,0.00313046207519357);
#210=CYLINDRICAL_SURFACE('',#9152,0.00289429664009068);
#211=CYLINDRICAL_SURFACE('',#9155,0.00294809802859515);
#212=CYLINDRICAL_SURFACE('',#9158,0.00262690883364192);
#213=CYLINDRICAL_SURFACE('',#9161,0.00263384763238241);
#214=CYLINDRICAL_SURFACE('',#9164,0.004423217851109);
#215=CYLINDRICAL_SURFACE('',#9166,0.00503878572435381);
#216=CYLINDRICAL_SURFACE('',#9168,0.00498983412422335);
#217=CYLINDRICAL_SURFACE('',#9171,0.00276783166327432);
#218=CYLINDRICAL_SURFACE('',#9173,0.00526067242379859);
#219=CYLINDRICAL_SURFACE('',#9175,0.00393481262085868);
#220=CYLINDRICAL_SURFACE('',#9177,0.00395398219414714);
#221=CYLINDRICAL_SURFACE('',#9179,0.00298981777047014);
#222=CYLINDRICAL_SURFACE('',#9181,0.00293158906677363);
#223=CYLINDRICAL_SURFACE('',#9184,0.00340135202926);
#224=CYLINDRICAL_SURFACE('',#9189,0.0520841437481914);
#225=CYLINDRICAL_SURFACE('',#9191,0.00625253716391416);
#226=CYLINDRICAL_SURFACE('',#9193,0.00420310415957984);
#227=CYLINDRICAL_SURFACE('',#9195,0.00264141838782415);
#228=CYLINDRICAL_SURFACE('',#9197,0.00736984068000771);
#229=CYLINDRICAL_SURFACE('',#9199,0.00518759562450452);
#230=CYLINDRICAL_SURFACE('',#9201,0.00265163812012443);
#231=CYLINDRICAL_SURFACE('',#9203,0.00379096591591973);
#232=CYLINDRICAL_SURFACE('',#9205,0.00547448210263709);
#233=CYLINDRICAL_SURFACE('',#9207,0.00664014356027056);
#234=CYLINDRICAL_SURFACE('',#9209,0.00398930253947292);
#235=CYLINDRICAL_SURFACE('',#9216,0.00410161534890184);
#236=CYLINDRICAL_SURFACE('',#9218,0.00434764372614599);
#237=CYLINDRICAL_SURFACE('',#9220,0.0046312382600247);
#238=CYLINDRICAL_SURFACE('',#9222,0.00175085729353179);
#239=CYLINDRICAL_SURFACE('',#9224,0.013503732979587);
#240=CYLINDRICAL_SURFACE('',#9230,0.00293482618618875);
#241=CYLINDRICAL_SURFACE('',#9232,0.00559256044280179);
#242=CYLINDRICAL_SURFACE('',#9239,0.00624441615743128);
#243=CYLINDRICAL_SURFACE('',#9242,0.0219429874076103);
#244=CYLINDRICAL_SURFACE('',#9248,0.00165514662096408);
#245=CYLINDRICAL_SURFACE('',#9251,0.00306058580773829);
#246=CYLINDRICAL_SURFACE('',#9257,0.00286132105411543);
#247=CYLINDRICAL_SURFACE('',#9259,0.0035321017149186);
#248=CYLINDRICAL_SURFACE('',#9261,0.00350634224840582);
#249=CYLINDRICAL_SURFACE('',#9263,0.0076339399302127);
#250=CYLINDRICAL_SURFACE('',#9268,0.00914621858979607);
#251=CYLINDRICAL_SURFACE('',#9270,0.00574499786018106);
#252=CYLINDRICAL_SURFACE('',#9272,0.0037169893219802);
#253=CYLINDRICAL_SURFACE('',#9274,0.00351981535531011);
#254=CYLINDRICAL_SURFACE('',#9276,0.00212951579343915);
#255=CYLINDRICAL_SURFACE('',#9281,0.0038805652687014);
#256=CYLINDRICAL_SURFACE('',#9283,0.00437561875370535);
#257=CYLINDRICAL_SURFACE('',#9285,0.00803263415013404);
#258=CYLINDRICAL_SURFACE('',#9287,0.0189883777397908);
#259=CYLINDRICAL_SURFACE('',#9289,0.00218398075878789);
#260=CYLINDRICAL_SURFACE('',#9291,0.00266343501827497);
#261=CYLINDRICAL_SURFACE('',#9293,0.00212205647838882);
#262=CYLINDRICAL_SURFACE('',#9295,0.00262682513697685);
#263=CYLINDRICAL_SURFACE('',#9297,0.0175786263846856);
#264=CYLINDRICAL_SURFACE('',#9300,0.0175363525369103);
#265=CYLINDRICAL_SURFACE('',#9302,0.0106348178825914);
#266=CYLINDRICAL_SURFACE('',#9304,0.00527959561396391);
#267=CYLINDRICAL_SURFACE('',#9306,0.00395838747924696);
#268=CYLINDRICAL_SURFACE('',#9308,0.0048593573079835);
#269=CYLINDRICAL_SURFACE('',#9310,0.00926346631377377);
#270=CYLINDRICAL_SURFACE('',#9312,0.0289146347383114);
#271=CYLINDRICAL_SURFACE('',#9314,0.00514947066029403);
#272=CYLINDRICAL_SURFACE('',#9316,0.00930158764957795);
#273=CYLINDRICAL_SURFACE('',#9318,0.0155346575479426);
#274=CYLINDRICAL_SURFACE('',#9321,0.00334195116055383);
#275=CYLINDRICAL_SURFACE('',#9323,0.00539603864426014);
#276=CYLINDRICAL_SURFACE('',#9325,0.00817661112615033);
#277=CYLINDRICAL_SURFACE('',#9327,0.0104240294620889);
#278=CYLINDRICAL_SURFACE('',#9329,0.00411580507215922);
#279=CYLINDRICAL_SURFACE('',#9335,0.000766807877382571);
#280=CYLINDRICAL_SURFACE('',#9337,0.000748593897983444);
#281=CYLINDRICAL_SURFACE('',#9339,0.000775297161913724);
#282=CYLINDRICAL_SURFACE('',#9341,0.00076351485956622);
#283=CYLINDRICAL_SURFACE('',#9343,0.000747157673259635);
#284=CYLINDRICAL_SURFACE('',#9345,0.000774527476936858);
#285=CYLINDRICAL_SURFACE('',#9347,0.000747950661564263);
#286=CYLINDRICAL_SURFACE('',#9349,0.00076447519184812);
#287=CYLINDRICAL_SURFACE('',#9368,0.015);
#288=CYLINDRICAL_SURFACE('',#9369,0.015);
#289=CYLINDRICAL_SURFACE('',#9373,0.015);
#290=CYLINDRICAL_SURFACE('',#9374,0.015);
#291=B_SPLINE_CURVE_WITH_KNOTS('',2,(#11593,#11594,#11595),
 .UNSPECIFIED.,.F.,.F.,(3,3),(0.,1.),.PIECEWISE_BEZIER_KNOTS.);
#292=B_SPLINE_CURVE_WITH_KNOTS('',2,(#11597,#11598,#11599),
 .UNSPECIFIED.,.F.,.F.,(3,3),(0.,1.),.PIECEWISE_BEZIER_KNOTS.);
#293=B_SPLINE_CURVE_WITH_KNOTS('',2,(#11611,#11612,#11613),
 .UNSPECIFIED.,.F.,.F.,(3,3),(0.,1.),.PIECEWISE_BEZIER_KNOTS.);
#294=B_SPLINE_CURVE_WITH_KNOTS('',2,(#11621,#11622,#11623),
 .UNSPECIFIED.,.F.,.F.,(3,3),(0.,1.),.PIECEWISE_BEZIER_KNOTS.);
#295=B_SPLINE_CURVE_WITH_KNOTS('',2,(#11625,#11626,#11627),
 .UNSPECIFIED.,.F.,.F.,(3,3),(0.,1.),.PIECEWISE_BEZIER_KNOTS.);
#296=B_SPLINE_CURVE_WITH_KNOTS('',2,(#11629,#11630,#11631),
 .UNSPECIFIED.,.F.,.F.,(3,3),(0.,1.),.PIECEWISE_BEZIER_KNOTS.);
#297=B_SPLINE_CURVE_WITH_KNOTS('',2,(#11633,#11634,#11635),
 .UNSPECIFIED.,.F.,.F.,(3,3),(0.,1.),.PIECEWISE_BEZIER_KNOTS.);
#298=B_SPLINE_CURVE_WITH_KNOTS('',2,(#11643,#11644,#11645),
 .UNSPECIFIED.,.F.,.F.,(3,3),(0.,1.),.PIECEWISE_BEZIER_KNOTS.);
#299=B_SPLINE_CURVE_WITH_KNOTS('',2,(#11647,#11648,#11649),
 .UNSPECIFIED.,.F.,.F.,(3,3),(0.,1.),.PIECEWISE_BEZIER_KNOTS.);
#300=B_SPLINE_CURVE_WITH_KNOTS('',2,(#11653,#11654,#11655),
 .UNSPECIFIED.,.F.,.F.,(3,3),(0.,1.),.PIECEWISE_BEZIER_KNOTS.);
#301=B_SPLINE_CURVE_WITH_KNOTS('',2,(#11661,#11662,#11663),
 .UNSPECIFIED.,.F.,.F.,(3,3),(0.,1.),.PIECEWISE_BEZIER_KNOTS.);
#302=B_SPLINE_CURVE_WITH_KNOTS('',2,(#11671,#11672,#11673),
 .UNSPECIFIED.,.F.,.F.,(3,3),(0.,1.),.PIECEWISE_BEZIER_KNOTS.);
#303=B_SPLINE_CURVE_WITH_KNOTS('',2,(#11677,#11678,#11679),
 .UNSPECIFIED.,.F.,.F.,(3,3),(0.,1.),.PIECEWISE_BEZIER_KNOTS.);
#304=B_SPLINE_CURVE_WITH_KNOTS('',2,(#11681,#11682,#11683),
 .UNSPECIFIED.,.F.,.F.,(3,3),(0.,1.),.PIECEWISE_BEZIER_KNOTS.);
#305=B_SPLINE_CURVE_WITH_KNOTS('',2,(#11685,#11686,#11687),
 .UNSPECIFIED.,.F.,.F.,(3,3),(0.,1.),.PIECEWISE_BEZIER_KNOTS.);
#306=B_SPLINE_CURVE_WITH_KNOTS('',2,(#11695,#11696,#11697),
 .UNSPECIFIED.,.F.,.F.,(3,3),(0.,1.),.PIECEWISE_BEZIER_KNOTS.);
#307=B_SPLINE_CURVE_WITH_KNOTS('',2,(#11699,#11700,#11701),
 .UNSPECIFIED.,.F.,.F.,(3,3),(0.,1.),.PIECEWISE_BEZIER_KNOTS.);
#308=B_SPLINE_CURVE_WITH_KNOTS('',2,(#11703,#11704,#11705),
 .UNSPECIFIED.,.F.,.F.,(3,3),(0.,1.),.PIECEWISE_BEZIER_KNOTS.);
#309=B_SPLINE_CURVE_WITH_KNOTS('',2,(#11713,#11714,#11715),
 .UNSPECIFIED.,.F.,.F.,(3,3),(0.,1.),.PIECEWISE_BEZIER_KNOTS.);
#310=B_SPLINE_CURVE_WITH_KNOTS('',2,(#11716,#11717,#11718),
 .UNSPECIFIED.,.F.,.F.,(3,3),(0.,1.),.PIECEWISE_BEZIER_KNOTS.);
#311=B_SPLINE_CURVE_WITH_KNOTS('',2,(#11723,#11724,#11725),
 .UNSPECIFIED.,.F.,.F.,(3,3),(0.,1.),.PIECEWISE_BEZIER_KNOTS.);
#312=B_SPLINE_CURVE_WITH_KNOTS('',2,(#11741,#11742,#11743),
 .UNSPECIFIED.,.F.,.F.,(3,3),(0.,1.),.PIECEWISE_BEZIER_KNOTS.);
#313=B_SPLINE_CURVE_WITH_KNOTS('',2,(#11745,#11746,#11747),
 .UNSPECIFIED.,.F.,.F.,(3,3),(0.,1.),.PIECEWISE_BEZIER_KNOTS.);
#314=B_SPLINE_CURVE_WITH_KNOTS('',2,(#11750,#11751,#11752),
 .UNSPECIFIED.,.F.,.F.,(3,3),(0.,1.),.PIECEWISE_BEZIER_KNOTS.);
#315=B_SPLINE_CURVE_WITH_KNOTS('',2,(#11755,#11756,#11757),
 .UNSPECIFIED.,.F.,.F.,(3,3),(0.,1.),.PIECEWISE_BEZIER_KNOTS.);
#316=B_SPLINE_CURVE_WITH_KNOTS('',2,(#11759,#11760,#11761),
 .UNSPECIFIED.,.F.,.F.,(3,3),(0.,1.),.PIECEWISE_BEZIER_KNOTS.);
#317=B_SPLINE_CURVE_WITH_KNOTS('',2,(#11763,#11764,#11765),
 .UNSPECIFIED.,.F.,.F.,(3,3),(0.,1.),.PIECEWISE_BEZIER_KNOTS.);
#318=B_SPLINE_CURVE_WITH_KNOTS('',2,(#11769,#11770,#11771),
 .UNSPECIFIED.,.F.,.F.,(3,3),(0.,1.),.PIECEWISE_BEZIER_KNOTS.);
#319=B_SPLINE_CURVE_WITH_KNOTS('',2,(#11777,#11778,#11779),
 .UNSPECIFIED.,.F.,.F.,(3,3),(0.,1.),.PIECEWISE_BEZIER_KNOTS.);
#320=B_SPLINE_CURVE_WITH_KNOTS('',2,(#11791,#11792,#11793),
 .UNSPECIFIED.,.F.,.F.,(3,3),(0.,1.),.PIECEWISE_BEZIER_KNOTS.);
#321=B_SPLINE_CURVE_WITH_KNOTS('',2,(#11795,#11796,#11797),
 .UNSPECIFIED.,.F.,.F.,(3,3),(0.,1.),.PIECEWISE_BEZIER_KNOTS.);
#322=B_SPLINE_CURVE_WITH_KNOTS('',2,(#11799,#11800,#11801),
 .UNSPECIFIED.,.F.,.F.,(3,3),(0.,1.),.PIECEWISE_BEZIER_KNOTS.);
#323=B_SPLINE_CURVE_WITH_KNOTS('',2,(#11805,#11806,#11807),
 .UNSPECIFIED.,.F.,.F.,(3,3),(0.,1.),.PIECEWISE_BEZIER_KNOTS.);
#324=B_SPLINE_CURVE_WITH_KNOTS('',2,(#11809,#11810,#11811),
 .UNSPECIFIED.,.F.,.F.,(3,3),(0.,1.),.PIECEWISE_BEZIER_KNOTS.);
#325=B_SPLINE_CURVE_WITH_KNOTS('',2,(#11813,#11814,#11815),
 .UNSPECIFIED.,.F.,.F.,(3,3),(0.,1.),.PIECEWISE_BEZIER_KNOTS.);
#326=B_SPLINE_CURVE_WITH_KNOTS('',2,(#11817,#11818,#11819),
 .UNSPECIFIED.,.F.,.F.,(3,3),(0.,1.),.PIECEWISE_BEZIER_KNOTS.);
#327=B_SPLINE_CURVE_WITH_KNOTS('',2,(#11824,#11825,#11826),
 .UNSPECIFIED.,.F.,.F.,(3,3),(0.,1.),.PIECEWISE_BEZIER_KNOTS.);
#328=B_SPLINE_CURVE_WITH_KNOTS('',2,(#11829,#11830,#11831),
 .UNSPECIFIED.,.F.,.F.,(3,3),(0.,1.),.PIECEWISE_BEZIER_KNOTS.);
#329=B_SPLINE_CURVE_WITH_KNOTS('',2,(#11849,#11850,#11851),
 .UNSPECIFIED.,.F.,.F.,(3,3),(0.,1.),.PIECEWISE_BEZIER_KNOTS.);
#330=B_SPLINE_CURVE_WITH_KNOTS('',2,(#11889,#11890,#11891),
 .UNSPECIFIED.,.F.,.F.,(3,3),(0.,1.),.PIECEWISE_BEZIER_KNOTS.);
#331=B_SPLINE_CURVE_WITH_KNOTS('',2,(#11895,#11896,#11897),
 .UNSPECIFIED.,.F.,.F.,(3,3),(0.,1.),.PIECEWISE_BEZIER_KNOTS.);
#332=B_SPLINE_CURVE_WITH_KNOTS('',2,(#11905,#11906,#11907),
 .UNSPECIFIED.,.F.,.F.,(3,3),(0.,1.),.PIECEWISE_BEZIER_KNOTS.);
#333=B_SPLINE_CURVE_WITH_KNOTS('',2,(#11927,#11928,#11929),
 .UNSPECIFIED.,.F.,.F.,(3,3),(0.,1.),.PIECEWISE_BEZIER_KNOTS.);
#334=B_SPLINE_CURVE_WITH_KNOTS('',2,(#11975,#11976,#11977),
 .UNSPECIFIED.,.F.,.F.,(3,3),(0.,1.),.PIECEWISE_BEZIER_KNOTS.);
#335=B_SPLINE_CURVE_WITH_KNOTS('',2,(#11979,#11980,#11981),
 .UNSPECIFIED.,.F.,.F.,(3,3),(0.,1.),.PIECEWISE_BEZIER_KNOTS.);
#336=B_SPLINE_CURVE_WITH_KNOTS('',2,(#11983,#11984,#11985),
 .UNSPECIFIED.,.F.,.F.,(3,3),(0.,1.),.PIECEWISE_BEZIER_KNOTS.);
#337=B_SPLINE_CURVE_WITH_KNOTS('',2,(#11987,#11988,#11989),
 .UNSPECIFIED.,.F.,.F.,(3,3),(0.,1.),.PIECEWISE_BEZIER_KNOTS.);
#338=B_SPLINE_CURVE_WITH_KNOTS('',2,(#11995,#11996,#11997),
 .UNSPECIFIED.,.F.,.F.,(3,3),(0.,1.),.PIECEWISE_BEZIER_KNOTS.);
#339=B_SPLINE_CURVE_WITH_KNOTS('',2,(#12009,#12010,#12011),
 .UNSPECIFIED.,.F.,.F.,(3,3),(0.,1.),.PIECEWISE_BEZIER_KNOTS.);
#340=B_SPLINE_CURVE_WITH_KNOTS('',2,(#12019,#12020,#12021),
 .UNSPECIFIED.,.F.,.F.,(3,3),(0.,1.),.PIECEWISE_BEZIER_KNOTS.);
#341=B_SPLINE_CURVE_WITH_KNOTS('',2,(#12023,#12024,#12025),
 .UNSPECIFIED.,.F.,.F.,(3,3),(0.,1.),.PIECEWISE_BEZIER_KNOTS.);
#342=B_SPLINE_CURVE_WITH_KNOTS('',2,(#12036,#12037,#12038),
 .UNSPECIFIED.,.F.,.F.,(3,3),(0.,1.),.PIECEWISE_BEZIER_KNOTS.);
#343=B_SPLINE_CURVE_WITH_KNOTS('',2,(#12041,#12042,#12043),
 .UNSPECIFIED.,.F.,.F.,(3,3),(0.,1.),.PIECEWISE_BEZIER_KNOTS.);
#344=B_SPLINE_CURVE_WITH_KNOTS('',2,(#12061,#12062,#12063),
 .UNSPECIFIED.,.F.,.F.,(3,3),(0.,1.),.PIECEWISE_BEZIER_KNOTS.);
#345=B_SPLINE_CURVE_WITH_KNOTS('',2,(#12101,#12102,#12103),
 .UNSPECIFIED.,.F.,.F.,(3,3),(0.,1.),.PIECEWISE_BEZIER_KNOTS.);
#346=B_SPLINE_CURVE_WITH_KNOTS('',2,(#12105,#12106,#12107),
 .UNSPECIFIED.,.F.,.F.,(3,3),(0.,1.),.PIECEWISE_BEZIER_KNOTS.);
#347=B_SPLINE_CURVE_WITH_KNOTS('',2,(#12117,#12118,#12119),
 .UNSPECIFIED.,.F.,.F.,(3,3),(0.,1.),.PIECEWISE_BEZIER_KNOTS.);
#348=B_SPLINE_CURVE_WITH_KNOTS('',2,(#12121,#12122,#12123),
 .UNSPECIFIED.,.F.,.F.,(3,3),(0.,1.),.PIECEWISE_BEZIER_KNOTS.);
#349=B_SPLINE_CURVE_WITH_KNOTS('',2,(#12125,#12126,#12127),
 .UNSPECIFIED.,.F.,.F.,(3,3),(0.,1.),.PIECEWISE_BEZIER_KNOTS.);
#350=B_SPLINE_CURVE_WITH_KNOTS('',2,(#12131,#12132,#12133),
 .UNSPECIFIED.,.F.,.F.,(3,3),(0.,1.),.PIECEWISE_BEZIER_KNOTS.);
#351=B_SPLINE_CURVE_WITH_KNOTS('',2,(#12137,#12138,#12139),
 .UNSPECIFIED.,.F.,.F.,(3,3),(0.,1.),.PIECEWISE_BEZIER_KNOTS.);
#352=B_SPLINE_CURVE_WITH_KNOTS('',2,(#12143,#12144,#12145),
 .UNSPECIFIED.,.F.,.F.,(3,3),(0.,1.),.PIECEWISE_BEZIER_KNOTS.);
#353=B_SPLINE_CURVE_WITH_KNOTS('',2,(#12147,#12148,#12149),
 .UNSPECIFIED.,.F.,.F.,(3,3),(0.,1.),.PIECEWISE_BEZIER_KNOTS.);
#354=B_SPLINE_CURVE_WITH_KNOTS('',2,(#12151,#12152,#12153),
 .UNSPECIFIED.,.F.,.F.,(3,3),(0.,1.),.PIECEWISE_BEZIER_KNOTS.);
#355=B_SPLINE_CURVE_WITH_KNOTS('',2,(#12155,#12156,#12157),
 .UNSPECIFIED.,.F.,.F.,(3,3),(0.,1.),.PIECEWISE_BEZIER_KNOTS.);
#356=B_SPLINE_CURVE_WITH_KNOTS('',2,(#12159,#12160,#12161),
 .UNSPECIFIED.,.F.,.F.,(3,3),(0.,1.),.PIECEWISE_BEZIER_KNOTS.);
#357=B_SPLINE_CURVE_WITH_KNOTS('',2,(#12163,#12164,#12165),
 .UNSPECIFIED.,.F.,.F.,(3,3),(0.,1.),.PIECEWISE_BEZIER_KNOTS.);
#358=B_SPLINE_CURVE_WITH_KNOTS('',2,(#12173,#12174,#12175),
 .UNSPECIFIED.,.F.,.F.,(3,3),(0.,1.),.PIECEWISE_BEZIER_KNOTS.);
#359=B_SPLINE_CURVE_WITH_KNOTS('',2,(#12177,#12178,#12179),
 .UNSPECIFIED.,.F.,.F.,(3,3),(0.,1.),.PIECEWISE_BEZIER_KNOTS.);
#360=B_SPLINE_CURVE_WITH_KNOTS('',2,(#12183,#12184,#12185),
 .UNSPECIFIED.,.F.,.F.,(3,3),(0.,1.),.PIECEWISE_BEZIER_KNOTS.);
#361=B_SPLINE_CURVE_WITH_KNOTS('',2,(#12201,#12202,#12203),
 .UNSPECIFIED.,.F.,.F.,(3,3),(0.,1.),.PIECEWISE_BEZIER_KNOTS.);
#362=B_SPLINE_CURVE_WITH_KNOTS('',2,(#12207,#12208,#12209),
 .UNSPECIFIED.,.F.,.F.,(3,3),(0.,1.),.PIECEWISE_BEZIER_KNOTS.);
#363=B_SPLINE_CURVE_WITH_KNOTS('',2,(#12217,#12218,#12219),
 .UNSPECIFIED.,.F.,.F.,(3,3),(0.,1.),.PIECEWISE_BEZIER_KNOTS.);
#364=B_SPLINE_CURVE_WITH_KNOTS('',2,(#12239,#12240,#12241),
 .UNSPECIFIED.,.F.,.F.,(3,3),(0.,1.),.PIECEWISE_BEZIER_KNOTS.);
#365=B_SPLINE_CURVE_WITH_KNOTS('',2,(#12256,#12257,#12258),
 .UNSPECIFIED.,.F.,.F.,(3,3),(0.,1.),.PIECEWISE_BEZIER_KNOTS.);
#366=B_SPLINE_CURVE_WITH_KNOTS('',2,(#12263,#12264,#12265),
 .UNSPECIFIED.,.F.,.F.,(3,3),(0.,1.),.PIECEWISE_BEZIER_KNOTS.);
#367=B_SPLINE_CURVE_WITH_KNOTS('',2,(#12267,#12268,#12269),
 .UNSPECIFIED.,.F.,.F.,(3,3),(0.,1.),.PIECEWISE_BEZIER_KNOTS.);
#368=B_SPLINE_CURVE_WITH_KNOTS('',2,(#12271,#12272,#12273),
 .UNSPECIFIED.,.F.,.F.,(3,3),(0.,1.),.PIECEWISE_BEZIER_KNOTS.);
#369=B_SPLINE_CURVE_WITH_KNOTS('',2,(#12275,#12276,#12277),
 .UNSPECIFIED.,.F.,.F.,(3,3),(0.,1.),.PIECEWISE_BEZIER_KNOTS.);
#370=B_SPLINE_CURVE_WITH_KNOTS('',2,(#12283,#12284,#12285),
 .UNSPECIFIED.,.F.,.F.,(3,3),(0.,1.),.PIECEWISE_BEZIER_KNOTS.);
#371=B_SPLINE_CURVE_WITH_KNOTS('',2,(#12297,#12298,#12299),
 .UNSPECIFIED.,.F.,.F.,(3,3),(0.,1.),.PIECEWISE_BEZIER_KNOTS.);
#372=B_SPLINE_CURVE_WITH_KNOTS('',2,(#12303,#12304,#12305),
 .UNSPECIFIED.,.F.,.F.,(3,3),(0.,1.),.PIECEWISE_BEZIER_KNOTS.);
#373=B_SPLINE_CURVE_WITH_KNOTS('',2,(#12307,#12308,#12309),
 .UNSPECIFIED.,.F.,.F.,(3,3),(0.,1.),.PIECEWISE_BEZIER_KNOTS.);
#374=B_SPLINE_CURVE_WITH_KNOTS('',2,(#12315,#12316,#12317),
 .UNSPECIFIED.,.F.,.F.,(3,3),(0.,1.),.PIECEWISE_BEZIER_KNOTS.);
#375=B_SPLINE_CURVE_WITH_KNOTS('',3,(#12721,#12722,#12723,#12724),
 .UNSPECIFIED.,.F.,.F.,(4,4),(0.,0.000674562805817866),.UNSPECIFIED.);
#376=B_SPLINE_CURVE_WITH_KNOTS('',3,(#12726,#12727,#12728,#12729),
 .UNSPECIFIED.,.F.,.F.,(4,4),(0.,0.00173858450154726),.UNSPECIFIED.);
#377=B_SPLINE_CURVE_WITH_KNOTS('',3,(#12736,#12737,#12738,#12739,#12740,
#12741,#12742,#12743,#12744,#12745,#12746),.UNSPECIFIED.,.T.,.F.,(1,1,1,
1,1,1,1,1,1,1,1,1,1,1,1),(-0.00316600060625513,-0.00211066707083675,-0.00105533353541838,
0.,0.00105533353541838,0.00211066707083675,0.00316600060625513,0.00422133414167351,
0.00527666767709189,0.00633200121251026,0.00738733474792864,0.00844266828334702,
0.0094980018187654,0.0105533353541838,0.0116086688896022),.UNSPECIFIED.);
#378=B_SPLINE_CURVE_WITH_KNOTS('',3,(#12751,#12752,#12753,#12754,#12755,
#12756,#12757,#12758,#12759,#12760,#12761),.UNSPECIFIED.,.T.,.F.,(1,1,1,
1,1,1,1,1,1,1,1,1,1,1,1),(-0.00316647097660509,-0.00211098065107006,-0.00105549032553503,
0.,0.00105549032553503,0.00211098065107006,0.00316647097660509,0.00422196130214012,
0.00527745162767516,0.00633294195321019,0.00738843227874522,0.00844392260428025,
0.00949941292981528,0.0105549032553503,0.0116103935808853),
 .UNSPECIFIED.);
#379=B_SPLINE_CURVE_WITH_KNOTS('',2,(#12902,#12903,#12904),
 .UNSPECIFIED.,.F.,.F.,(3,3),(0.,1.),.PIECEWISE_BEZIER_KNOTS.);
#380=B_SPLINE_CURVE_WITH_KNOTS('',2,(#12915,#12916,#12917),
 .UNSPECIFIED.,.F.,.F.,(3,3),(0.,1.),.PIECEWISE_BEZIER_KNOTS.);
#381=B_SPLINE_CURVE_WITH_KNOTS('',2,(#12940,#12941,#12942),
 .UNSPECIFIED.,.F.,.F.,(3,3),(0.,1.),.PIECEWISE_BEZIER_KNOTS.);
#382=B_SPLINE_CURVE_WITH_KNOTS('',2,(#12973,#12974,#12975),
 .UNSPECIFIED.,.F.,.F.,(3,3),(0.,1.),.PIECEWISE_BEZIER_KNOTS.);
#383=B_SPLINE_CURVE_WITH_KNOTS('',2,(#12994,#12995,#12996),
 .UNSPECIFIED.,.F.,.F.,(3,3),(0.,1.),.PIECEWISE_BEZIER_KNOTS.);
#384=B_SPLINE_CURVE_WITH_KNOTS('',2,(#13007,#13008,#13009),
 .UNSPECIFIED.,.F.,.F.,(3,3),(0.,1.),.PIECEWISE_BEZIER_KNOTS.);
#385=B_SPLINE_CURVE_WITH_KNOTS('',2,(#13020,#13021,#13022),
 .UNSPECIFIED.,.F.,.F.,(3,3),(0.,1.),.PIECEWISE_BEZIER_KNOTS.);
#386=B_SPLINE_CURVE_WITH_KNOTS('',2,(#13033,#13034,#13035),
 .UNSPECIFIED.,.F.,.F.,(3,3),(0.,1.),.PIECEWISE_BEZIER_KNOTS.);
#387=B_SPLINE_CURVE_WITH_KNOTS('',2,(#13087,#13088,#13089),
 .UNSPECIFIED.,.F.,.F.,(3,3),(0.,1.),.PIECEWISE_BEZIER_KNOTS.);
#388=B_SPLINE_CURVE_WITH_KNOTS('',2,(#13136,#13137,#13138),
 .UNSPECIFIED.,.F.,.F.,(3,3),(0.,1.),.PIECEWISE_BEZIER_KNOTS.);
#389=B_SPLINE_CURVE_WITH_KNOTS('',2,(#13161,#13162,#13163),
 .UNSPECIFIED.,.F.,.F.,(3,3),(0.,1.),.PIECEWISE_BEZIER_KNOTS.);
#390=B_SPLINE_CURVE_WITH_KNOTS('',2,(#13178,#13179,#13180),
 .UNSPECIFIED.,.F.,.F.,(3,3),(0.,1.),.PIECEWISE_BEZIER_KNOTS.);
#391=B_SPLINE_CURVE_WITH_KNOTS('',2,(#13202,#13203,#13204),
 .UNSPECIFIED.,.F.,.F.,(3,3),(0.,1.),.PIECEWISE_BEZIER_KNOTS.);
#392=B_SPLINE_CURVE_WITH_KNOTS('',2,(#13273,#13274,#13275),
 .UNSPECIFIED.,.F.,.F.,(3,3),(0.,1.),.PIECEWISE_BEZIER_KNOTS.);
#393=B_SPLINE_CURVE_WITH_KNOTS('',2,(#13316,#13317,#13318),
 .UNSPECIFIED.,.F.,.F.,(3,3),(0.,1.),.PIECEWISE_BEZIER_KNOTS.);
#394=B_SPLINE_CURVE_WITH_KNOTS('',2,(#13330,#13331,#13332),
 .UNSPECIFIED.,.F.,.F.,(3,3),(0.,1.),.PIECEWISE_BEZIER_KNOTS.);
#395=B_SPLINE_CURVE_WITH_KNOTS('',2,(#13401,#13402,#13403),
 .UNSPECIFIED.,.F.,.F.,(3,3),(0.,1.),.PIECEWISE_BEZIER_KNOTS.);
#396=B_SPLINE_CURVE_WITH_KNOTS('',2,(#13444,#13445,#13446),
 .UNSPECIFIED.,.F.,.F.,(3,3),(0.,1.),.PIECEWISE_BEZIER_KNOTS.);
#397=B_SPLINE_CURVE_WITH_KNOTS('',2,(#13456,#13457,#13458),
 .UNSPECIFIED.,.F.,.F.,(3,3),(0.,1.),.PIECEWISE_BEZIER_KNOTS.);
#398=B_SPLINE_CURVE_WITH_KNOTS('',2,(#13463,#13464,#13465),
 .UNSPECIFIED.,.F.,.F.,(3,3),(0.,1.),.PIECEWISE_BEZIER_KNOTS.);
#399=B_SPLINE_CURVE_WITH_KNOTS('',2,(#13482,#13483,#13484),
 .UNSPECIFIED.,.F.,.F.,(3,3),(0.,1.),.PIECEWISE_BEZIER_KNOTS.);
#400=B_SPLINE_CURVE_WITH_KNOTS('',2,(#13488,#13489,#13490),
 .UNSPECIFIED.,.F.,.F.,(3,3),(0.,1.),.PIECEWISE_BEZIER_KNOTS.);
#401=B_SPLINE_CURVE_WITH_KNOTS('',2,(#13499,#13500,#13501),
 .UNSPECIFIED.,.F.,.F.,(3,3),(0.,1.),.PIECEWISE_BEZIER_KNOTS.);
#402=B_SPLINE_CURVE_WITH_KNOTS('',2,(#13505,#13506,#13507),
 .UNSPECIFIED.,.F.,.F.,(3,3),(0.,1.),.PIECEWISE_BEZIER_KNOTS.);
#403=B_SPLINE_CURVE_WITH_KNOTS('',2,(#13516,#13517,#13518),
 .UNSPECIFIED.,.F.,.F.,(3,3),(0.,1.),.PIECEWISE_BEZIER_KNOTS.);
#404=B_SPLINE_CURVE_WITH_KNOTS('',2,(#13522,#13523,#13524),
 .UNSPECIFIED.,.F.,.F.,(3,3),(0.,1.),.PIECEWISE_BEZIER_KNOTS.);
#405=B_SPLINE_CURVE_WITH_KNOTS('',2,(#13545,#13546,#13547),
 .UNSPECIFIED.,.F.,.F.,(3,3),(0.,1.),.PIECEWISE_BEZIER_KNOTS.);
#406=B_SPLINE_CURVE_WITH_KNOTS('',2,(#13551,#13552,#13553),
 .UNSPECIFIED.,.F.,.F.,(3,3),(0.,1.),.PIECEWISE_BEZIER_KNOTS.);
#407=B_SPLINE_CURVE_WITH_KNOTS('',2,(#13574,#13575,#13576),
 .UNSPECIFIED.,.F.,.F.,(3,3),(0.,1.),.PIECEWISE_BEZIER_KNOTS.);
#408=B_SPLINE_CURVE_WITH_KNOTS('',2,(#13580,#13581,#13582),
 .UNSPECIFIED.,.F.,.F.,(3,3),(0.,1.),.PIECEWISE_BEZIER_KNOTS.);
#409=B_SPLINE_CURVE_WITH_KNOTS('',2,(#13635,#13636,#13637),
 .UNSPECIFIED.,.F.,.F.,(3,3),(0.,1.),.PIECEWISE_BEZIER_KNOTS.);
#410=B_SPLINE_CURVE_WITH_KNOTS('',2,(#13652,#13653,#13654),
 .UNSPECIFIED.,.F.,.F.,(3,3),(0.,1.),.PIECEWISE_BEZIER_KNOTS.);
#411=B_SPLINE_CURVE_WITH_KNOTS('',2,(#13665,#13666,#13667),
 .UNSPECIFIED.,.F.,.F.,(3,3),(0.,1.),.PIECEWISE_BEZIER_KNOTS.);
#412=B_SPLINE_CURVE_WITH_KNOTS('',2,(#13690,#13691,#13692),
 .UNSPECIFIED.,.F.,.F.,(3,3),(0.,1.),.PIECEWISE_BEZIER_KNOTS.);
#413=B_SPLINE_CURVE_WITH_KNOTS('',2,(#13703,#13704,#13705),
 .UNSPECIFIED.,.F.,.F.,(3,3),(0.,1.),.PIECEWISE_BEZIER_KNOTS.);
#414=B_SPLINE_CURVE_WITH_KNOTS('',2,(#13716,#13717,#13718),
 .UNSPECIFIED.,.F.,.F.,(3,3),(0.,1.),.PIECEWISE_BEZIER_KNOTS.);
#415=B_SPLINE_CURVE_WITH_KNOTS('',2,(#13729,#13730,#13731),
 .UNSPECIFIED.,.F.,.F.,(3,3),(0.,1.),.PIECEWISE_BEZIER_KNOTS.);
#416=B_SPLINE_CURVE_WITH_KNOTS('',2,(#13742,#13743,#13744),
 .UNSPECIFIED.,.F.,.F.,(3,3),(0.,1.),.PIECEWISE_BEZIER_KNOTS.);
#417=B_SPLINE_CURVE_WITH_KNOTS('',2,(#13755,#13756,#13757),
 .UNSPECIFIED.,.F.,.F.,(3,3),(0.,1.),.PIECEWISE_BEZIER_KNOTS.);
#418=B_SPLINE_CURVE_WITH_KNOTS('',2,(#13772,#13773,#13774),
 .UNSPECIFIED.,.F.,.F.,(3,3),(0.,1.),.PIECEWISE_BEZIER_KNOTS.);
#419=B_SPLINE_CURVE_WITH_KNOTS('',2,(#13789,#13790,#13791),
 .UNSPECIFIED.,.F.,.F.,(3,3),(0.,1.),.PIECEWISE_BEZIER_KNOTS.);
#420=B_SPLINE_CURVE_WITH_KNOTS('',2,(#13806,#13807,#13808),
 .UNSPECIFIED.,.F.,.F.,(3,3),(0.,1.),.PIECEWISE_BEZIER_KNOTS.);
#421=B_SPLINE_CURVE_WITH_KNOTS('',2,(#13819,#13820,#13821),
 .UNSPECIFIED.,.F.,.F.,(3,3),(0.,1.),.PIECEWISE_BEZIER_KNOTS.);
#422=B_SPLINE_CURVE_WITH_KNOTS('',2,(#13832,#13833,#13834),
 .UNSPECIFIED.,.F.,.F.,(3,3),(0.,1.),.PIECEWISE_BEZIER_KNOTS.);
#423=B_SPLINE_CURVE_WITH_KNOTS('',2,(#13861,#13862,#13863),
 .UNSPECIFIED.,.F.,.F.,(3,3),(0.,1.),.PIECEWISE_BEZIER_KNOTS.);
#424=B_SPLINE_CURVE_WITH_KNOTS('',2,(#13874,#13875,#13876),
 .UNSPECIFIED.,.F.,.F.,(3,3),(0.,1.),.PIECEWISE_BEZIER_KNOTS.);
#425=B_SPLINE_CURVE_WITH_KNOTS('',2,(#13895,#13896,#13897),
 .UNSPECIFIED.,.F.,.F.,(3,3),(0.,1.),.PIECEWISE_BEZIER_KNOTS.);
#426=B_SPLINE_CURVE_WITH_KNOTS('',2,(#13898,#13899,#13900),
 .UNSPECIFIED.,.F.,.F.,(3,3),(0.,1.),.PIECEWISE_BEZIER_KNOTS.);
#427=B_SPLINE_CURVE_WITH_KNOTS('',2,(#13943,#13944,#13945),
 .UNSPECIFIED.,.F.,.F.,(3,3),(0.,1.),.PIECEWISE_BEZIER_KNOTS.);
#428=B_SPLINE_CURVE_WITH_KNOTS('',2,(#13949,#13950,#13951),
 .UNSPECIFIED.,.F.,.F.,(3,3),(0.,1.),.PIECEWISE_BEZIER_KNOTS.);
#429=B_SPLINE_CURVE_WITH_KNOTS('',2,(#13974,#13975,#13976),
 .UNSPECIFIED.,.F.,.F.,(3,3),(0.,1.),.PIECEWISE_BEZIER_KNOTS.);
#430=B_SPLINE_CURVE_WITH_KNOTS('',2,(#13997,#13998,#13999),
 .UNSPECIFIED.,.F.,.F.,(3,3),(0.,1.),.PIECEWISE_BEZIER_KNOTS.);
#431=B_SPLINE_CURVE_WITH_KNOTS('',2,(#14010,#14011,#14012),
 .UNSPECIFIED.,.F.,.F.,(3,3),(0.,1.),.PIECEWISE_BEZIER_KNOTS.);
#432=B_SPLINE_CURVE_WITH_KNOTS('',2,(#14023,#14024,#14025),
 .UNSPECIFIED.,.F.,.F.,(3,3),(0.,1.),.PIECEWISE_BEZIER_KNOTS.);
#433=B_SPLINE_CURVE_WITH_KNOTS('',2,(#14036,#14037,#14038),
 .UNSPECIFIED.,.F.,.F.,(3,3),(0.,1.),.PIECEWISE_BEZIER_KNOTS.);
#434=B_SPLINE_CURVE_WITH_KNOTS('',2,(#14053,#14054,#14055),
 .UNSPECIFIED.,.F.,.F.,(3,3),(0.,1.),.PIECEWISE_BEZIER_KNOTS.);
#435=B_SPLINE_CURVE_WITH_KNOTS('',2,(#14066,#14067,#14068),
 .UNSPECIFIED.,.F.,.F.,(3,3),(0.,1.),.PIECEWISE_BEZIER_KNOTS.);
#436=B_SPLINE_CURVE_WITH_KNOTS('',2,(#14079,#14080,#14081),
 .UNSPECIFIED.,.F.,.F.,(3,3),(0.,1.),.PIECEWISE_BEZIER_KNOTS.);
#437=B_SPLINE_CURVE_WITH_KNOTS('',2,(#14112,#14113,#14114),
 .UNSPECIFIED.,.F.,.F.,(3,3),(0.,1.),.PIECEWISE_BEZIER_KNOTS.);
#438=B_SPLINE_CURVE_WITH_KNOTS('',2,(#14133,#14134,#14135),
 .UNSPECIFIED.,.F.,.F.,(3,3),(0.,1.),.PIECEWISE_BEZIER_KNOTS.);
#439=B_SPLINE_CURVE_WITH_KNOTS('',2,(#14150,#14151,#14152),
 .UNSPECIFIED.,.F.,.F.,(3,3),(0.,1.),.PIECEWISE_BEZIER_KNOTS.);
#440=B_SPLINE_CURVE_WITH_KNOTS('',2,(#14163,#14164,#14165),
 .UNSPECIFIED.,.F.,.F.,(3,3),(0.,1.),.PIECEWISE_BEZIER_KNOTS.);
#441=B_SPLINE_CURVE_WITH_KNOTS('',2,(#14174,#14175,#14176),
 .UNSPECIFIED.,.F.,.F.,(3,3),(0.,1.),.PIECEWISE_BEZIER_KNOTS.);
#442=B_SPLINE_CURVE_WITH_KNOTS('',2,(#14225,#14226,#14227),
 .UNSPECIFIED.,.F.,.F.,(3,3),(0.,1.),.PIECEWISE_BEZIER_KNOTS.);
#443=B_SPLINE_CURVE_WITH_KNOTS('',2,(#14274,#14275,#14276),
 .UNSPECIFIED.,.F.,.F.,(3,3),(0.,1.),.PIECEWISE_BEZIER_KNOTS.);
#444=B_SPLINE_CURVE_WITH_KNOTS('',2,(#14299,#14300,#14301),
 .UNSPECIFIED.,.F.,.F.,(3,3),(0.,1.),.PIECEWISE_BEZIER_KNOTS.);
#445=B_SPLINE_CURVE_WITH_KNOTS('',2,(#14316,#14317,#14318),
 .UNSPECIFIED.,.F.,.F.,(3,3),(0.,1.),.PIECEWISE_BEZIER_KNOTS.);
#446=B_SPLINE_CURVE_WITH_KNOTS('',2,(#14340,#14341,#14342),
 .UNSPECIFIED.,.F.,.F.,(3,3),(0.,1.),.PIECEWISE_BEZIER_KNOTS.);
#447=B_SPLINE_CURVE_WITH_KNOTS('',2,(#14359,#14360,#14361),
 .UNSPECIFIED.,.F.,.F.,(3,3),(0.,1.),.PIECEWISE_BEZIER_KNOTS.);
#448=B_SPLINE_CURVE_WITH_KNOTS('',2,(#14372,#14373,#14374),
 .UNSPECIFIED.,.F.,.F.,(3,3),(0.,1.),.PIECEWISE_BEZIER_KNOTS.);
#449=B_SPLINE_CURVE_WITH_KNOTS('',2,(#14413,#14414,#14415),
 .UNSPECIFIED.,.F.,.F.,(3,3),(0.,1.),.PIECEWISE_BEZIER_KNOTS.);
#450=B_SPLINE_CURVE_WITH_KNOTS('',2,(#14454,#14455,#14456),
 .UNSPECIFIED.,.F.,.F.,(3,3),(0.,1.),.PIECEWISE_BEZIER_KNOTS.);
#451=B_SPLINE_CURVE_WITH_KNOTS('',2,(#14460,#14461,#14462),
 .UNSPECIFIED.,.F.,.F.,(3,3),(0.,1.),.PIECEWISE_BEZIER_KNOTS.);
#452=B_SPLINE_CURVE_WITH_KNOTS('',2,(#14471,#14472,#14473),
 .UNSPECIFIED.,.F.,.F.,(3,3),(0.,1.),.PIECEWISE_BEZIER_KNOTS.);
#453=B_SPLINE_CURVE_WITH_KNOTS('',2,(#14477,#14478,#14479),
 .UNSPECIFIED.,.F.,.F.,(3,3),(0.,1.),.PIECEWISE_BEZIER_KNOTS.);
#454=B_SPLINE_CURVE_WITH_KNOTS('',2,(#14500,#14501,#14502),
 .UNSPECIFIED.,.F.,.F.,(3,3),(0.,1.),.PIECEWISE_BEZIER_KNOTS.);
#455=B_SPLINE_CURVE_WITH_KNOTS('',2,(#14506,#14507,#14508),
 .UNSPECIFIED.,.F.,.F.,(3,3),(0.,1.),.PIECEWISE_BEZIER_KNOTS.);
#456=B_SPLINE_CURVE_WITH_KNOTS('',2,(#14517,#14518,#14519),
 .UNSPECIFIED.,.F.,.F.,(3,3),(0.,1.),.PIECEWISE_BEZIER_KNOTS.);
#457=B_SPLINE_CURVE_WITH_KNOTS('',2,(#14523,#14524,#14525),
 .UNSPECIFIED.,.F.,.F.,(3,3),(0.,1.),.PIECEWISE_BEZIER_KNOTS.);
#458=B_SPLINE_CURVE_WITH_KNOTS('',2,(#14534,#14535,#14536),
 .UNSPECIFIED.,.F.,.F.,(3,3),(0.,1.),.PIECEWISE_BEZIER_KNOTS.);
#459=B_SPLINE_CURVE_WITH_KNOTS('',2,(#14541,#14542,#14543),
 .UNSPECIFIED.,.F.,.F.,(3,3),(0.,1.),.PIECEWISE_BEZIER_KNOTS.);
#460=B_SPLINE_CURVE_WITH_KNOTS('',2,(#14572,#14573,#14574),
 .UNSPECIFIED.,.F.,.F.,(3,3),(0.,1.),.PIECEWISE_BEZIER_KNOTS.);
#461=B_SPLINE_CURVE_WITH_KNOTS('',2,(#14578,#14579,#14580),
 .UNSPECIFIED.,.F.,.F.,(3,3),(0.,1.),.PIECEWISE_BEZIER_KNOTS.);
#462=B_SPLINE_CURVE_WITH_KNOTS('',2,(#14589,#14590,#14591),
 .UNSPECIFIED.,.F.,.F.,(3,3),(0.,1.),.PIECEWISE_BEZIER_KNOTS.);
#463=B_SPLINE_CURVE_WITH_KNOTS('',2,(#14595,#14596,#14597),
 .UNSPECIFIED.,.F.,.F.,(3,3),(0.,1.),.PIECEWISE_BEZIER_KNOTS.);
#464=B_SPLINE_CURVE_WITH_KNOTS('',2,(#14608,#14609,#14610),
 .UNSPECIFIED.,.F.,.F.,(3,3),(0.,1.),.PIECEWISE_BEZIER_KNOTS.);
#465=B_SPLINE_CURVE_WITH_KNOTS('',2,(#14623,#14624,#14625),
 .UNSPECIFIED.,.F.,.F.,(3,3),(0.,1.),.PIECEWISE_BEZIER_KNOTS.);
#466=B_SPLINE_CURVE_WITH_KNOTS('',2,(#14644,#14645,#14646),
 .UNSPECIFIED.,.F.,.F.,(3,3),(0.,1.),.PIECEWISE_BEZIER_KNOTS.);
#467=B_SPLINE_CURVE_WITH_KNOTS('',2,(#14657,#14658,#14659),
 .UNSPECIFIED.,.F.,.F.,(3,3),(0.,1.),.PIECEWISE_BEZIER_KNOTS.);
#468=B_SPLINE_CURVE_WITH_KNOTS('',2,(#14674,#14675,#14676),
 .UNSPECIFIED.,.F.,.F.,(3,3),(0.,1.),.PIECEWISE_BEZIER_KNOTS.);
#469=B_SPLINE_CURVE_WITH_KNOTS('',2,(#14707,#14708,#14709),
 .UNSPECIFIED.,.F.,.F.,(3,3),(0.,1.),.PIECEWISE_BEZIER_KNOTS.);
#470=B_SPLINE_CURVE_WITH_KNOTS('',2,(#14728,#14729,#14730),
 .UNSPECIFIED.,.F.,.F.,(3,3),(0.,1.),.PIECEWISE_BEZIER_KNOTS.);
#471=B_SPLINE_CURVE_WITH_KNOTS('',2,(#14741,#14742,#14743),
 .UNSPECIFIED.,.F.,.F.,(3,3),(0.,1.),.PIECEWISE_BEZIER_KNOTS.);
#472=B_SPLINE_CURVE_WITH_KNOTS('',2,(#14754,#14755,#14756),
 .UNSPECIFIED.,.F.,.F.,(3,3),(0.,1.),.PIECEWISE_BEZIER_KNOTS.);
#473=B_SPLINE_CURVE_WITH_KNOTS('',2,(#14767,#14768,#14769),
 .UNSPECIFIED.,.F.,.F.,(3,3),(0.,1.),.PIECEWISE_BEZIER_KNOTS.);
#474=B_SPLINE_CURVE_WITH_KNOTS('',2,(#14778,#14779,#14780),
 .UNSPECIFIED.,.F.,.F.,(3,3),(0.,1.),.PIECEWISE_BEZIER_KNOTS.);
#475=B_SPLINE_CURVE_WITH_KNOTS('',2,(#14781,#14782,#14783),
 .UNSPECIFIED.,.F.,.F.,(3,3),(0.,1.),.PIECEWISE_BEZIER_KNOTS.);
#476=B_SPLINE_CURVE_WITH_KNOTS('',2,(#14807,#14808,#14809),
 .UNSPECIFIED.,.F.,.F.,(3,3),(0.,1.),.PIECEWISE_BEZIER_KNOTS.);
#477=B_SPLINE_CURVE_WITH_KNOTS('',2,(#14832,#14833,#14834),
 .UNSPECIFIED.,.F.,.F.,(3,3),(0.,1.),.PIECEWISE_BEZIER_KNOTS.);
#478=B_SPLINE_CURVE_WITH_KNOTS('',2,(#14845,#14846,#14847),
 .UNSPECIFIED.,.F.,.F.,(3,3),(0.,1.),.PIECEWISE_BEZIER_KNOTS.);
#479=B_SPLINE_CURVE_WITH_KNOTS('',2,(#14858,#14859,#14860),
 .UNSPECIFIED.,.F.,.F.,(3,3),(0.,1.),.PIECEWISE_BEZIER_KNOTS.);
#480=B_SPLINE_CURVE_WITH_KNOTS('',2,(#14883,#14884,#14885),
 .UNSPECIFIED.,.F.,.F.,(3,3),(0.,1.),.PIECEWISE_BEZIER_KNOTS.);
#481=B_SPLINE_CURVE_WITH_KNOTS('',2,(#14896,#14897,#14898),
 .UNSPECIFIED.,.F.,.F.,(3,3),(0.,1.),.PIECEWISE_BEZIER_KNOTS.);
#482=B_SPLINE_CURVE_WITH_KNOTS('',2,(#14909,#14910,#14911),
 .UNSPECIFIED.,.F.,.F.,(3,3),(0.,1.),.PIECEWISE_BEZIER_KNOTS.);
#483=B_SPLINE_CURVE_WITH_KNOTS('',2,(#14926,#14927,#14928),
 .UNSPECIFIED.,.F.,.F.,(3,3),(0.,1.),.PIECEWISE_BEZIER_KNOTS.);
#484=B_SPLINE_CURVE_WITH_KNOTS('',2,(#14951,#14952,#14953),
 .UNSPECIFIED.,.F.,.F.,(3,3),(0.,1.),.PIECEWISE_BEZIER_KNOTS.);
#485=B_SPLINE_CURVE_WITH_KNOTS('',2,(#14972,#14973,#14974),
 .UNSPECIFIED.,.F.,.F.,(3,3),(0.,1.),.PIECEWISE_BEZIER_KNOTS.);
#486=B_SPLINE_CURVE_WITH_KNOTS('',2,(#14989,#14990,#14991),
 .UNSPECIFIED.,.F.,.F.,(3,3),(0.,1.),.PIECEWISE_BEZIER_KNOTS.);
#487=B_SPLINE_CURVE_WITH_KNOTS('',2,(#15002,#15003,#15004),
 .UNSPECIFIED.,.F.,.F.,(3,3),(0.,1.),.PIECEWISE_BEZIER_KNOTS.);
#488=B_SPLINE_CURVE_WITH_KNOTS('',2,(#15027,#15028,#15029),
 .UNSPECIFIED.,.F.,.F.,(3,3),(0.,1.),.PIECEWISE_BEZIER_KNOTS.);
#489=B_SPLINE_CURVE_WITH_KNOTS('',2,(#15040,#15041,#15042),
 .UNSPECIFIED.,.F.,.F.,(3,3),(0.,1.),.PIECEWISE_BEZIER_KNOTS.);
#490=B_SPLINE_CURVE_WITH_KNOTS('',2,(#15053,#15054,#15055),
 .UNSPECIFIED.,.F.,.F.,(3,3),(0.,1.),.PIECEWISE_BEZIER_KNOTS.);
#491=B_SPLINE_CURVE_WITH_KNOTS('',2,(#15066,#15067,#15068),
 .UNSPECIFIED.,.F.,.F.,(3,3),(0.,1.),.PIECEWISE_BEZIER_KNOTS.);
#492=B_SPLINE_CURVE_WITH_KNOTS('',2,(#15091,#15092,#15093),
 .UNSPECIFIED.,.F.,.F.,(3,3),(0.,1.),.PIECEWISE_BEZIER_KNOTS.);
#493=B_SPLINE_CURVE_WITH_KNOTS('',2,(#15124,#15125,#15126),
 .UNSPECIFIED.,.F.,.F.,(3,3),(0.,1.),.PIECEWISE_BEZIER_KNOTS.);
#494=B_SPLINE_CURVE_WITH_KNOTS('',2,(#15137,#15138,#15139),
 .UNSPECIFIED.,.F.,.F.,(3,3),(0.,1.),.PIECEWISE_BEZIER_KNOTS.);
#495=CIRCLE('',#8669,0.015);
#496=CIRCLE('',#8670,0.015);
#497=CIRCLE('',#8673,0.015);
#498=CIRCLE('',#8674,0.015);
#499=CIRCLE('',#8676,0.0025);
#500=CIRCLE('',#8679,0.0038805652687014);
#501=CIRCLE('',#8680,0.00411580507215922);
#502=CIRCLE('',#8681,0.0104240294620889);
#503=CIRCLE('',#8682,0.00817661112615033);
#504=CIRCLE('',#8683,0.00539603864426014);
#505=CIRCLE('',#8684,0.00334195116055383);
#506=CIRCLE('',#8685,0.0155346575479426);
#507=CIRCLE('',#8686,0.00930158764957795);
#508=CIRCLE('',#8687,0.00514947066029403);
#509=CIRCLE('',#8688,0.0289146347383114);
#510=CIRCLE('',#8689,0.00926346631377377);
#511=CIRCLE('',#8690,0.0048593573079835);
#512=CIRCLE('',#8691,0.00395838747924696);
#513=CIRCLE('',#8692,0.00527959561396391);
#514=CIRCLE('',#8693,0.0106348178825914);
#515=CIRCLE('',#8694,0.0175363525369103);
#516=CIRCLE('',#8695,0.0175786263846856);
#517=CIRCLE('',#8696,0.00262682513697685);
#518=CIRCLE('',#8697,0.00212205647838882);
#519=CIRCLE('',#8698,0.00266343501827497);
#520=CIRCLE('',#8699,0.00218398075878789);
#521=CIRCLE('',#8700,0.0189883777397908);
#522=CIRCLE('',#8701,0.00803263415013404);
#523=CIRCLE('',#8702,0.00437561875370535);
#524=CIRCLE('',#8703,0.00624441615743128);
#525=CIRCLE('',#8704,0.00559256044280179);
#526=CIRCLE('',#8705,0.00293482618618875);
#527=CIRCLE('',#8706,0.00293158906677363);
#528=CIRCLE('',#8707,0.00298981777047014);
#529=CIRCLE('',#8708,0.00395398219414714);
#530=CIRCLE('',#8709,0.00393481262085868);
#531=CIRCLE('',#8710,0.00526067242379859);
#532=CIRCLE('',#8711,0.00276783166327432);
#533=CIRCLE('',#8712,0.00498983412422335);
#534=CIRCLE('',#8713,0.00503878572435381);
#535=CIRCLE('',#8714,0.004423217851109);
#536=CIRCLE('',#8715,0.00187529227173081);
#537=CIRCLE('',#8716,0.0073833767559112);
#538=CIRCLE('',#8717,0.00641352888819455);
#539=CIRCLE('',#8718,0.0100122627115911);
#540=CIRCLE('',#8719,0.0199597447116581);
#541=CIRCLE('',#8720,0.0100716752403003);
#542=CIRCLE('',#8721,0.00439799424332937);
#543=CIRCLE('',#8722,0.00337914480155067);
#544=CIRCLE('',#8723,0.0050084566015128);
#545=CIRCLE('',#8724,0.0103759601540484);
#546=CIRCLE('',#8725,0.0135037329795761);
#547=CIRCLE('',#8726,0.00175085729353273);
#548=CIRCLE('',#8727,0.00463123826002492);
#549=CIRCLE('',#8728,0.00434764372614606);
#550=CIRCLE('',#8729,0.00410161534889874);
#551=CIRCLE('',#8730,0.00398930253947306);
#552=CIRCLE('',#8731,0.00664014356027247);
#553=CIRCLE('',#8732,0.0054744821026387);
#554=CIRCLE('',#8733,0.00379096591591876);
#555=CIRCLE('',#8734,0.00265163811551209);
#556=CIRCLE('',#8735,0.0051875956241485);
#557=CIRCLE('',#8736,0.00736984068000384);
#558=CIRCLE('',#8737,0.00264141838782535);
#559=CIRCLE('',#8738,0.0042031041595783);
#560=CIRCLE('',#8739,0.00625253716391424);
#561=CIRCLE('',#8740,0.0520841437480451);
#562=CIRCLE('',#8741,0.001);
#563=CIRCLE('',#8742,0.001);
#564=CIRCLE('',#8743,0.0135773562401748);
#565=CIRCLE('',#8744,0.00532280995201357);
#566=CIRCLE('',#8745,0.00420158741734743);
#567=CIRCLE('',#8746,0.00562289922034998);
#568=CIRCLE('',#8747,0.00622054942412966);
#569=CIRCLE('',#8748,0.00392086457141578);
#570=CIRCLE('',#8749,0.00254095744421733);
#571=CIRCLE('',#8750,0.00453532590736586);
#572=CIRCLE('',#8751,0.00710000861401456);
#573=CIRCLE('',#8752,0.0260550387442628);
#574=CIRCLE('',#8753,0.00187529227173053);
#575=CIRCLE('',#8754,0.00738337675590992);
#576=CIRCLE('',#8755,0.00641352888819748);
#577=CIRCLE('',#8756,0.0100122627115912);
#578=CIRCLE('',#8757,0.0199597447116538);
#579=CIRCLE('',#8758,0.0100716752412856);
#580=CIRCLE('',#8759,0.00439799424332761);
#581=CIRCLE('',#8760,0.00337914480599088);
#582=CIRCLE('',#8761,0.00500845660150834);
#583=CIRCLE('',#8762,0.0103759601540475);
#584=CIRCLE('',#8763,0.00181735996232685);
#585=CIRCLE('',#8764,0.00277363696594391);
#586=CIRCLE('',#8765,0.00346488480301696);
#587=CIRCLE('',#8766,0.00409795974777342);
#588=CIRCLE('',#8767,8.61738495595082E-5);
#589=CIRCLE('',#8768,8.61738495606184E-5);
#590=CIRCLE('',#8769,0.00560925819159154);
#591=CIRCLE('',#8770,0.00436970116268464);
#592=CIRCLE('',#8771,0.0094195373200538);
#593=CIRCLE('',#8772,0.00386761399233172);
#594=CIRCLE('',#8773,0.00661747567071408);
#595=CIRCLE('',#8774,0.00401332463492686);
#596=CIRCLE('',#8775,0.013503732979587);
#597=CIRCLE('',#8776,0.00175085729353179);
#598=CIRCLE('',#8777,0.0046312382600247);
#599=CIRCLE('',#8778,0.00434764372614599);
#600=CIRCLE('',#8779,0.00410161534890184);
#601=CIRCLE('',#8780,0.00398930253947292);
#602=CIRCLE('',#8781,0.00664014356027056);
#603=CIRCLE('',#8782,0.00547448210263709);
#604=CIRCLE('',#8783,0.00379096591591973);
#605=CIRCLE('',#8784,0.00265163812012443);
#606=CIRCLE('',#8785,0.00518759562450452);
#607=CIRCLE('',#8786,0.00736984068000771);
#608=CIRCLE('',#8787,0.00264141838782415);
#609=CIRCLE('',#8788,0.00420310415957984);
#610=CIRCLE('',#8789,0.00625253716391416);
#611=CIRCLE('',#8790,0.0520841437481914);
#612=CIRCLE('',#8791,0.00351981535531011);
#613=CIRCLE('',#8792,0.0037169893219802);
#614=CIRCLE('',#8793,0.00574499786018106);
#615=CIRCLE('',#8794,0.00914621858979607);
#616=CIRCLE('',#8795,0.0076339399302127);
#617=CIRCLE('',#8796,0.00350634224840582);
#618=CIRCLE('',#8797,0.0035321017149186);
#619=CIRCLE('',#8798,0.00286132105411543);
#620=CIRCLE('',#8799,0.000766807877382571);
#621=CIRCLE('',#8800,0.00076447519184812);
#622=CIRCLE('',#8801,0.000747950661564263);
#623=CIRCLE('',#8802,0.000774527476936858);
#624=CIRCLE('',#8803,0.000747157673259635);
#625=CIRCLE('',#8804,0.00076351485956622);
#626=CIRCLE('',#8805,0.000775297161913724);
#627=CIRCLE('',#8806,0.000748593897983444);
#628=CIRCLE('',#8813,0.00135);
#629=CIRCLE('',#8814,0.00135);
#630=CIRCLE('',#8815,0.00135);
#631=CIRCLE('',#8816,0.00135);
#632=CIRCLE('',#8817,0.00135);
#633=CIRCLE('',#8818,0.00135);
#634=CIRCLE('',#8821,0.001);
#635=CIRCLE('',#8825,0.00135);
#636=CIRCLE('',#8826,0.00135);
#637=CIRCLE('',#8827,0.00135);
#638=CIRCLE('',#8828,0.01);
#639=CIRCLE('',#8829,0.0025);
#640=CIRCLE('',#8830,0.01);
#641=CIRCLE('',#8832,0.00135);
#642=CIRCLE('',#8833,0.00135);
#643=CIRCLE('',#8834,0.00135);
#644=CIRCLE('',#8835,0.01);
#645=CIRCLE('',#8836,0.0025);
#646=CIRCLE('',#8837,0.001);
#647=CIRCLE('',#8838,0.0025);
#648=CIRCLE('',#8839,0.01);
#649=CIRCLE('',#8840,0.004);
#650=CIRCLE('',#8846,0.01);
#651=CIRCLE('',#8847,0.01);
#652=CIRCLE('',#8849,0.00135);
#653=CIRCLE('',#8850,0.00135);
#654=CIRCLE('',#8851,0.00135);
#655=CIRCLE('',#8852,0.00135);
#656=CIRCLE('',#8853,0.00135);
#657=CIRCLE('',#8854,0.00135);
#658=CIRCLE('',#8857,0.015);
#659=CIRCLE('',#8858,0.015);
#660=CIRCLE('',#8860,0.0025);
#661=CIRCLE('',#8873,0.019);
#662=CIRCLE('',#8875,0.0315);
#663=CIRCLE('',#8890,0.001);
#664=CIRCLE('',#8894,0.0215);
#665=CIRCLE('',#8895,0.0215);
#666=CIRCLE('',#8897,0.0165);
#667=CIRCLE('',#8898,0.0165);
#668=CIRCLE('',#8901,0.001);
#669=CIRCLE('',#8918,0.004);
#670=CIRCLE('',#8934,0.00135);
#671=CIRCLE('',#8937,0.00135);
#672=CIRCLE('',#8940,0.00135);
#673=CIRCLE('',#8943,0.00135);
#674=CIRCLE('',#8946,0.00135);
#675=CIRCLE('',#8949,0.00135);
#676=CIRCLE('',#8954,0.0260550387442628);
#677=CIRCLE('',#8956,0.00710000861401456);
#678=CIRCLE('',#8958,0.00453532590736586);
#679=CIRCLE('',#8960,0.00254095744421733);
#680=CIRCLE('',#8962,0.00392086457141578);
#681=CIRCLE('',#8964,0.00622054942412966);
#682=CIRCLE('',#8966,0.00562289922034998);
#683=CIRCLE('',#8973,0.00420158741734743);
#684=CIRCLE('',#8975,0.00532280995201357);
#685=CIRCLE('',#8977,0.0135773562401748);
#686=CIRCLE('',#8982,0.0520841437480451);
#687=CIRCLE('',#8984,0.00625253716391424);
#688=CIRCLE('',#8986,0.0042031041595783);
#689=CIRCLE('',#8988,0.00264141838782535);
#690=CIRCLE('',#8990,0.00736984068000384);
#691=CIRCLE('',#8992,0.0051875956241485);
#692=CIRCLE('',#8994,0.00265163811551209);
#693=CIRCLE('',#8996,0.00379096591591876);
#694=CIRCLE('',#8998,0.0054744821026387);
#695=CIRCLE('',#9000,0.00664014356027247);
#696=CIRCLE('',#9002,0.00398930253947306);
#697=CIRCLE('',#9009,0.00410161534889874);
#698=CIRCLE('',#9011,0.00434764372614606);
#699=CIRCLE('',#9013,0.00463123826002492);
#700=CIRCLE('',#9015,0.00175085729353273);
#701=CIRCLE('',#9017,0.0135037329795761);
#702=CIRCLE('',#9033,0.0103759601540475);
#703=CIRCLE('',#9035,0.00500845660150834);
#704=CIRCLE('',#9037,0.00337914480599088);
#705=CIRCLE('',#9039,0.00439799424332761);
#706=CIRCLE('',#9041,0.0100716752412856);
#707=CIRCLE('',#9043,0.0199597447116538);
#708=CIRCLE('',#9045,0.0100122627115912);
#709=CIRCLE('',#9047,0.00641352888819748);
#710=CIRCLE('',#9050,0.00738337675590992);
#711=CIRCLE('',#9052,0.00187529227173053);
#712=CIRCLE('',#9066,0.0103759601540484);
#713=CIRCLE('',#9068,0.0050084566015128);
#714=CIRCLE('',#9070,0.00337914480155067);
#715=CIRCLE('',#9072,0.00439799424332937);
#716=CIRCLE('',#9074,0.0100716752403003);
#717=CIRCLE('',#9076,0.0199597447116581);
#718=CIRCLE('',#9078,0.0100122627115911);
#719=CIRCLE('',#9080,0.00641352888819455);
#720=CIRCLE('',#9083,0.0073833767559112);
#721=CIRCLE('',#9085,0.00187529227173081);
#722=CIRCLE('',#9088,0.00607537509386081);
#723=CIRCLE('',#9089,0.00607537509386081);
#724=CIRCLE('',#9091,0.00203573630051482);
#725=CIRCLE('',#9092,0.00203573630051482);
#726=CIRCLE('',#9094,0.00288516078575087);
#727=CIRCLE('',#9095,0.00288516078575087);
#728=CIRCLE('',#9097,0.00591641770611797);
#729=CIRCLE('',#9098,0.00591641770611797);
#730=CIRCLE('',#9100,0.00599555695414236);
#731=CIRCLE('',#9101,0.00599555695414236);
#732=CIRCLE('',#9103,0.00277448009271299);
#733=CIRCLE('',#9104,0.00277448009271299);
#734=CIRCLE('',#9106,0.00203021884934306);
#735=CIRCLE('',#9107,0.00203021884934306);
#736=CIRCLE('',#9109,0.00210233712194412);
#737=CIRCLE('',#9110,0.00210233712194412);
#738=CIRCLE('',#9112,0.0026175685126864);
#739=CIRCLE('',#9113,0.0026175685126864);
#740=CIRCLE('',#9115,0.00181735996232685);
#741=CIRCLE('',#9118,0.00401332463492686);
#742=CIRCLE('',#9120,0.00661747567071408);
#743=CIRCLE('',#9122,0.00386761399233172);
#744=CIRCLE('',#9127,0.0094195373200538);
#745=CIRCLE('',#9129,0.00436970116268464);
#746=CIRCLE('',#9131,0.00560925819159154);
#747=CIRCLE('',#9133,8.61738495606184E-5);
#748=CIRCLE('',#9135,8.61738495595082E-5);
#749=CIRCLE('',#9139,0.00409795974777342);
#750=CIRCLE('',#9141,0.00346488480301696);
#751=CIRCLE('',#9143,0.00277363696594391);
#752=CIRCLE('',#9146,0.00298175299510947);
#753=CIRCLE('',#9147,0.00298175299510947);
#754=CIRCLE('',#9150,0.00313046207519357);
#755=CIRCLE('',#9151,0.00313046207519357);
#756=CIRCLE('',#9153,0.00289429664009068);
#757=CIRCLE('',#9154,0.00289429664009068);
#758=CIRCLE('',#9156,0.00294809802859515);
#759=CIRCLE('',#9157,0.00294809802859515);
#760=CIRCLE('',#9159,0.00262690883364192);
#761=CIRCLE('',#9160,0.00262690883364192);
#762=CIRCLE('',#9162,0.00263384763238241);
#763=CIRCLE('',#9163,0.00263384763238241);
#764=CIRCLE('',#9165,0.004423217851109);
#765=CIRCLE('',#9167,0.00503878572435381);
#766=CIRCLE('',#9169,0.00498983412422335);
#767=CIRCLE('',#9172,0.00276783166327432);
#768=CIRCLE('',#9174,0.00526067242379859);
#769=CIRCLE('',#9176,0.00393481262085868);
#770=CIRCLE('',#9178,0.00395398219414714);
#771=CIRCLE('',#9180,0.00298981777047014);
#772=CIRCLE('',#9182,0.00293158906677363);
#773=CIRCLE('',#9185,0.00340135202926);
#774=CIRCLE('',#9186,0.00340135202926);
#775=CIRCLE('',#9190,0.0520841437481914);
#776=CIRCLE('',#9192,0.00625253716391416);
#777=CIRCLE('',#9194,0.00420310415957984);
#778=CIRCLE('',#9196,0.00264141838782415);
#779=CIRCLE('',#9198,0.00736984068000771);
#780=CIRCLE('',#9200,0.00518759562450452);
#781=CIRCLE('',#9202,0.00265163812012443);
#782=CIRCLE('',#9204,0.00379096591591973);
#783=CIRCLE('',#9206,0.00547448210263709);
#784=CIRCLE('',#9208,0.00664014356027056);
#785=CIRCLE('',#9210,0.00398930253947292);
#786=CIRCLE('',#9217,0.00410161534890184);
#787=CIRCLE('',#9219,0.00434764372614599);
#788=CIRCLE('',#9221,0.0046312382600247);
#789=CIRCLE('',#9223,0.00175085729353179);
#790=CIRCLE('',#9225,0.013503732979587);
#791=CIRCLE('',#9231,0.00293482618618875);
#792=CIRCLE('',#9233,0.00559256044280179);
#793=CIRCLE('',#9240,0.00624441615743128);
#794=CIRCLE('',#9243,0.0219429874076103);
#795=CIRCLE('',#9244,0.0219429874076103);
#796=CIRCLE('',#9249,0.00165514662096408);
#797=CIRCLE('',#9250,0.00165514662096408);
#798=CIRCLE('',#9252,0.00306058580773829);
#799=CIRCLE('',#9253,0.00306058580773829);
#800=CIRCLE('',#9258,0.00286132105411543);
#801=CIRCLE('',#9260,0.0035321017149186);
#802=CIRCLE('',#9262,0.00350634224840582);
#803=CIRCLE('',#9264,0.0076339399302127);
#804=CIRCLE('',#9269,0.00914621858979607);
#805=CIRCLE('',#9271,0.00574499786018106);
#806=CIRCLE('',#9273,0.0037169893219802);
#807=CIRCLE('',#9275,0.00351981535531011);
#808=CIRCLE('',#9277,0.00212951579343915);
#809=CIRCLE('',#9278,0.00212951579343915);
#810=CIRCLE('',#9282,0.0038805652687014);
#811=CIRCLE('',#9284,0.00437561875370535);
#812=CIRCLE('',#9286,0.00803263415013404);
#813=CIRCLE('',#9288,0.0189883777397908);
#814=CIRCLE('',#9290,0.00218398075878789);
#815=CIRCLE('',#9292,0.00266343501827497);
#816=CIRCLE('',#9294,0.00212205647838882);
#817=CIRCLE('',#9296,0.00262682513697685);
#818=CIRCLE('',#9298,0.0175786263846856);
#819=CIRCLE('',#9301,0.0175363525369103);
#820=CIRCLE('',#9303,0.0106348178825914);
#821=CIRCLE('',#9305,0.00527959561396391);
#822=CIRCLE('',#9307,0.00395838747924696);
#823=CIRCLE('',#9309,0.0048593573079835);
#824=CIRCLE('',#9311,0.00926346631377377);
#825=CIRCLE('',#9313,0.0289146347383114);
#826=CIRCLE('',#9315,0.00514947066029403);
#827=CIRCLE('',#9317,0.00930158764957795);
#828=CIRCLE('',#9319,0.0155346575479426);
#829=CIRCLE('',#9322,0.00334195116055383);
#830=CIRCLE('',#9324,0.00539603864426014);
#831=CIRCLE('',#9326,0.00817661112615033);
#832=CIRCLE('',#9328,0.0104240294620889);
#833=CIRCLE('',#9330,0.00411580507215922);
#834=CIRCLE('',#9336,0.000766807877382571);
#835=CIRCLE('',#9338,0.000748593897983444);
#836=CIRCLE('',#9340,0.000775297161913724);
#837=CIRCLE('',#9342,0.00076351485956622);
#838=CIRCLE('',#9344,0.000747157673259635);
#839=CIRCLE('',#9346,0.000774527476936858);
#840=CIRCLE('',#9348,0.000747950661564263);
#841=CIRCLE('',#9350,0.00076447519184812);
#842=CIRCLE('',#9371,0.015);
#843=CIRCLE('',#9372,0.015);
#844=ORIENTED_EDGE('',*,*,#3406,.F.);
#845=ORIENTED_EDGE('',*,*,#3407,.F.);
#846=ORIENTED_EDGE('',*,*,#3408,.T.);
#847=ORIENTED_EDGE('',*,*,#3409,.T.);
#848=ORIENTED_EDGE('',*,*,#3410,.F.);
#849=ORIENTED_EDGE('',*,*,#3411,.T.);
#850=ORIENTED_EDGE('',*,*,#3412,.T.);
#851=ORIENTED_EDGE('',*,*,#3413,.T.);
#852=ORIENTED_EDGE('',*,*,#3414,.T.);
#853=ORIENTED_EDGE('',*,*,#3412,.F.);
#854=ORIENTED_EDGE('',*,*,#3415,.F.);
#855=ORIENTED_EDGE('',*,*,#3416,.T.);
#856=ORIENTED_EDGE('',*,*,#3417,.T.);
#857=ORIENTED_EDGE('',*,*,#3413,.F.);
#858=ORIENTED_EDGE('',*,*,#3418,.F.);
#859=ORIENTED_EDGE('',*,*,#3419,.F.);
#860=ORIENTED_EDGE('',*,*,#3420,.T.);
#861=ORIENTED_EDGE('',*,*,#3421,.T.);
#862=ORIENTED_EDGE('',*,*,#3422,.F.);
#863=ORIENTED_EDGE('',*,*,#3423,.F.);
#864=ORIENTED_EDGE('',*,*,#3424,.T.);
#865=ORIENTED_EDGE('',*,*,#3425,.T.);
#866=ORIENTED_EDGE('',*,*,#3426,.F.);
#867=ORIENTED_EDGE('',*,*,#3427,.T.);
#868=ORIENTED_EDGE('',*,*,#3428,.T.);
#869=ORIENTED_EDGE('',*,*,#3426,.T.);
#870=ORIENTED_EDGE('',*,*,#3429,.T.);
#871=ORIENTED_EDGE('',*,*,#3430,.T.);
#872=ORIENTED_EDGE('',*,*,#3431,.T.);
#873=ORIENTED_EDGE('',*,*,#3432,.T.);
#874=ORIENTED_EDGE('',*,*,#3433,.T.);
#875=ORIENTED_EDGE('',*,*,#3434,.T.);
#876=ORIENTED_EDGE('',*,*,#3435,.T.);
#877=ORIENTED_EDGE('',*,*,#3436,.T.);
#878=ORIENTED_EDGE('',*,*,#3437,.T.);
#879=ORIENTED_EDGE('',*,*,#3438,.T.);
#880=ORIENTED_EDGE('',*,*,#3439,.T.);
#881=ORIENTED_EDGE('',*,*,#3440,.T.);
#882=ORIENTED_EDGE('',*,*,#3441,.T.);
#883=ORIENTED_EDGE('',*,*,#3442,.T.);
#884=ORIENTED_EDGE('',*,*,#3443,.T.);
#885=ORIENTED_EDGE('',*,*,#3444,.T.);
#886=ORIENTED_EDGE('',*,*,#3445,.T.);
#887=ORIENTED_EDGE('',*,*,#3446,.T.);
#888=ORIENTED_EDGE('',*,*,#3447,.T.);
#889=ORIENTED_EDGE('',*,*,#3448,.T.);
#890=ORIENTED_EDGE('',*,*,#3449,.T.);
#891=ORIENTED_EDGE('',*,*,#3450,.T.);
#892=ORIENTED_EDGE('',*,*,#3451,.T.);
#893=ORIENTED_EDGE('',*,*,#3452,.T.);
#894=ORIENTED_EDGE('',*,*,#3453,.T.);
#895=ORIENTED_EDGE('',*,*,#3454,.T.);
#896=ORIENTED_EDGE('',*,*,#3455,.T.);
#897=ORIENTED_EDGE('',*,*,#3456,.T.);
#898=ORIENTED_EDGE('',*,*,#3457,.T.);
#899=ORIENTED_EDGE('',*,*,#3458,.T.);
#900=ORIENTED_EDGE('',*,*,#3459,.T.);
#901=ORIENTED_EDGE('',*,*,#3460,.T.);
#902=ORIENTED_EDGE('',*,*,#3461,.T.);
#903=ORIENTED_EDGE('',*,*,#3462,.T.);
#904=ORIENTED_EDGE('',*,*,#3463,.T.);
#905=ORIENTED_EDGE('',*,*,#3464,.T.);
#906=ORIENTED_EDGE('',*,*,#3465,.T.);
#907=ORIENTED_EDGE('',*,*,#3466,.T.);
#908=ORIENTED_EDGE('',*,*,#3467,.T.);
#909=ORIENTED_EDGE('',*,*,#3468,.T.);
#910=ORIENTED_EDGE('',*,*,#3469,.T.);
#911=ORIENTED_EDGE('',*,*,#3470,.T.);
#912=ORIENTED_EDGE('',*,*,#3471,.T.);
#913=ORIENTED_EDGE('',*,*,#3472,.T.);
#914=ORIENTED_EDGE('',*,*,#3473,.T.);
#915=ORIENTED_EDGE('',*,*,#3474,.T.);
#916=ORIENTED_EDGE('',*,*,#3475,.T.);
#917=ORIENTED_EDGE('',*,*,#3476,.T.);
#918=ORIENTED_EDGE('',*,*,#3477,.T.);
#919=ORIENTED_EDGE('',*,*,#3478,.T.);
#920=ORIENTED_EDGE('',*,*,#3479,.T.);
#921=ORIENTED_EDGE('',*,*,#3480,.T.);
#922=ORIENTED_EDGE('',*,*,#3481,.T.);
#923=ORIENTED_EDGE('',*,*,#3482,.T.);
#924=ORIENTED_EDGE('',*,*,#3483,.T.);
#925=ORIENTED_EDGE('',*,*,#3484,.T.);
#926=ORIENTED_EDGE('',*,*,#3485,.T.);
#927=ORIENTED_EDGE('',*,*,#3486,.T.);
#928=ORIENTED_EDGE('',*,*,#3487,.T.);
#929=ORIENTED_EDGE('',*,*,#3488,.T.);
#930=ORIENTED_EDGE('',*,*,#3489,.T.);
#931=ORIENTED_EDGE('',*,*,#3490,.T.);
#932=ORIENTED_EDGE('',*,*,#3491,.T.);
#933=ORIENTED_EDGE('',*,*,#3492,.T.);
#934=ORIENTED_EDGE('',*,*,#3493,.T.);
#935=ORIENTED_EDGE('',*,*,#3494,.T.);
#936=ORIENTED_EDGE('',*,*,#3495,.T.);
#937=ORIENTED_EDGE('',*,*,#3496,.T.);
#938=ORIENTED_EDGE('',*,*,#3497,.T.);
#939=ORIENTED_EDGE('',*,*,#3498,.T.);
#940=ORIENTED_EDGE('',*,*,#3499,.T.);
#941=ORIENTED_EDGE('',*,*,#3500,.T.);
#942=ORIENTED_EDGE('',*,*,#3501,.T.);
#943=ORIENTED_EDGE('',*,*,#3502,.T.);
#944=ORIENTED_EDGE('',*,*,#3503,.T.);
#945=ORIENTED_EDGE('',*,*,#3504,.T.);
#946=ORIENTED_EDGE('',*,*,#3505,.T.);
#947=ORIENTED_EDGE('',*,*,#3506,.T.);
#948=ORIENTED_EDGE('',*,*,#3507,.T.);
#949=ORIENTED_EDGE('',*,*,#3508,.T.);
#950=ORIENTED_EDGE('',*,*,#3509,.T.);
#951=ORIENTED_EDGE('',*,*,#3510,.T.);
#952=ORIENTED_EDGE('',*,*,#3511,.T.);
#953=ORIENTED_EDGE('',*,*,#3512,.T.);
#954=ORIENTED_EDGE('',*,*,#3513,.T.);
#955=ORIENTED_EDGE('',*,*,#3514,.T.);
#956=ORIENTED_EDGE('',*,*,#3515,.T.);
#957=ORIENTED_EDGE('',*,*,#3516,.T.);
#958=ORIENTED_EDGE('',*,*,#3517,.T.);
#959=ORIENTED_EDGE('',*,*,#3518,.T.);
#960=ORIENTED_EDGE('',*,*,#3519,.T.);
#961=ORIENTED_EDGE('',*,*,#3520,.T.);
#962=ORIENTED_EDGE('',*,*,#3521,.T.);
#963=ORIENTED_EDGE('',*,*,#3522,.T.);
#964=ORIENTED_EDGE('',*,*,#3523,.T.);
#965=ORIENTED_EDGE('',*,*,#3524,.T.);
#966=ORIENTED_EDGE('',*,*,#3525,.T.);
#967=ORIENTED_EDGE('',*,*,#3526,.T.);
#968=ORIENTED_EDGE('',*,*,#3527,.T.);
#969=ORIENTED_EDGE('',*,*,#3528,.T.);
#970=ORIENTED_EDGE('',*,*,#3529,.T.);
#971=ORIENTED_EDGE('',*,*,#3530,.T.);
#972=ORIENTED_EDGE('',*,*,#3531,.T.);
#973=ORIENTED_EDGE('',*,*,#3532,.T.);
#974=ORIENTED_EDGE('',*,*,#3533,.T.);
#975=ORIENTED_EDGE('',*,*,#3534,.T.);
#976=ORIENTED_EDGE('',*,*,#3535,.T.);
#977=ORIENTED_EDGE('',*,*,#3536,.T.);
#978=ORIENTED_EDGE('',*,*,#3537,.T.);
#979=ORIENTED_EDGE('',*,*,#3538,.T.);
#980=ORIENTED_EDGE('',*,*,#3539,.T.);
#981=ORIENTED_EDGE('',*,*,#3540,.T.);
#982=ORIENTED_EDGE('',*,*,#3541,.T.);
#983=ORIENTED_EDGE('',*,*,#3542,.T.);
#984=ORIENTED_EDGE('',*,*,#3543,.T.);
#985=ORIENTED_EDGE('',*,*,#3544,.T.);
#986=ORIENTED_EDGE('',*,*,#3545,.T.);
#987=ORIENTED_EDGE('',*,*,#3546,.T.);
#988=ORIENTED_EDGE('',*,*,#3547,.T.);
#989=ORIENTED_EDGE('',*,*,#3548,.T.);
#990=ORIENTED_EDGE('',*,*,#3549,.T.);
#991=ORIENTED_EDGE('',*,*,#3550,.T.);
#992=ORIENTED_EDGE('',*,*,#3551,.T.);
#993=ORIENTED_EDGE('',*,*,#3552,.T.);
#994=ORIENTED_EDGE('',*,*,#3553,.T.);
#995=ORIENTED_EDGE('',*,*,#3554,.T.);
#996=ORIENTED_EDGE('',*,*,#3555,.T.);
#997=ORIENTED_EDGE('',*,*,#3556,.T.);
#998=ORIENTED_EDGE('',*,*,#3557,.T.);
#999=ORIENTED_EDGE('',*,*,#3558,.T.);
#1000=ORIENTED_EDGE('',*,*,#3559,.T.);
#1001=ORIENTED_EDGE('',*,*,#3560,.T.);
#1002=ORIENTED_EDGE('',*,*,#3561,.T.);
#1003=ORIENTED_EDGE('',*,*,#3562,.T.);
#1004=ORIENTED_EDGE('',*,*,#3563,.T.);
#1005=ORIENTED_EDGE('',*,*,#3564,.T.);
#1006=ORIENTED_EDGE('',*,*,#3565,.T.);
#1007=ORIENTED_EDGE('',*,*,#3566,.T.);
#1008=ORIENTED_EDGE('',*,*,#3567,.T.);
#1009=ORIENTED_EDGE('',*,*,#3568,.T.);
#1010=ORIENTED_EDGE('',*,*,#3569,.T.);
#1011=ORIENTED_EDGE('',*,*,#3570,.T.);
#1012=ORIENTED_EDGE('',*,*,#3571,.T.);
#1013=ORIENTED_EDGE('',*,*,#3572,.T.);
#1014=ORIENTED_EDGE('',*,*,#3573,.F.);
#1015=ORIENTED_EDGE('',*,*,#3574,.T.);
#1016=ORIENTED_EDGE('',*,*,#3575,.F.);
#1017=ORIENTED_EDGE('',*,*,#3576,.T.);
#1018=ORIENTED_EDGE('',*,*,#3577,.F.);
#1019=ORIENTED_EDGE('',*,*,#3578,.F.);
#1020=ORIENTED_EDGE('',*,*,#3579,.T.);
#1021=ORIENTED_EDGE('',*,*,#3580,.T.);
#1022=ORIENTED_EDGE('',*,*,#3581,.T.);
#1023=ORIENTED_EDGE('',*,*,#3582,.F.);
#1024=ORIENTED_EDGE('',*,*,#3583,.T.);
#1025=ORIENTED_EDGE('',*,*,#3584,.T.);
#1026=ORIENTED_EDGE('',*,*,#3585,.T.);
#1027=ORIENTED_EDGE('',*,*,#3586,.T.);
#1028=ORIENTED_EDGE('',*,*,#3587,.T.);
#1029=ORIENTED_EDGE('',*,*,#3588,.T.);
#1030=ORIENTED_EDGE('',*,*,#3589,.T.);
#1031=ORIENTED_EDGE('',*,*,#3590,.T.);
#1032=ORIENTED_EDGE('',*,*,#3591,.T.);
#1033=ORIENTED_EDGE('',*,*,#3592,.T.);
#1034=ORIENTED_EDGE('',*,*,#3593,.T.);
#1035=ORIENTED_EDGE('',*,*,#3594,.T.);
#1036=ORIENTED_EDGE('',*,*,#3595,.T.);
#1037=ORIENTED_EDGE('',*,*,#3596,.T.);
#1038=ORIENTED_EDGE('',*,*,#3597,.T.);
#1039=ORIENTED_EDGE('',*,*,#3598,.T.);
#1040=ORIENTED_EDGE('',*,*,#3599,.T.);
#1041=ORIENTED_EDGE('',*,*,#3600,.T.);
#1042=ORIENTED_EDGE('',*,*,#3601,.T.);
#1043=ORIENTED_EDGE('',*,*,#3602,.T.);
#1044=ORIENTED_EDGE('',*,*,#3603,.T.);
#1045=ORIENTED_EDGE('',*,*,#3604,.T.);
#1046=ORIENTED_EDGE('',*,*,#3605,.T.);
#1047=ORIENTED_EDGE('',*,*,#3606,.T.);
#1048=ORIENTED_EDGE('',*,*,#3607,.T.);
#1049=ORIENTED_EDGE('',*,*,#3608,.T.);
#1050=ORIENTED_EDGE('',*,*,#3609,.T.);
#1051=ORIENTED_EDGE('',*,*,#3610,.T.);
#1052=ORIENTED_EDGE('',*,*,#3611,.T.);
#1053=ORIENTED_EDGE('',*,*,#3612,.T.);
#1054=ORIENTED_EDGE('',*,*,#3613,.T.);
#1055=ORIENTED_EDGE('',*,*,#3614,.T.);
#1056=ORIENTED_EDGE('',*,*,#3615,.T.);
#1057=ORIENTED_EDGE('',*,*,#3616,.T.);
#1058=ORIENTED_EDGE('',*,*,#3617,.T.);
#1059=ORIENTED_EDGE('',*,*,#3618,.T.);
#1060=ORIENTED_EDGE('',*,*,#3619,.T.);
#1061=ORIENTED_EDGE('',*,*,#3620,.T.);
#1062=ORIENTED_EDGE('',*,*,#3621,.T.);
#1063=ORIENTED_EDGE('',*,*,#3622,.T.);
#1064=ORIENTED_EDGE('',*,*,#3623,.T.);
#1065=ORIENTED_EDGE('',*,*,#3624,.T.);
#1066=ORIENTED_EDGE('',*,*,#3625,.T.);
#1067=ORIENTED_EDGE('',*,*,#3626,.T.);
#1068=ORIENTED_EDGE('',*,*,#3627,.T.);
#1069=ORIENTED_EDGE('',*,*,#3628,.T.);
#1070=ORIENTED_EDGE('',*,*,#3629,.T.);
#1071=ORIENTED_EDGE('',*,*,#3630,.T.);
#1072=ORIENTED_EDGE('',*,*,#3631,.T.);
#1073=ORIENTED_EDGE('',*,*,#3632,.T.);
#1074=ORIENTED_EDGE('',*,*,#3633,.T.);
#1075=ORIENTED_EDGE('',*,*,#3634,.T.);
#1076=ORIENTED_EDGE('',*,*,#3635,.T.);
#1077=ORIENTED_EDGE('',*,*,#3636,.T.);
#1078=ORIENTED_EDGE('',*,*,#3637,.T.);
#1079=ORIENTED_EDGE('',*,*,#3638,.T.);
#1080=ORIENTED_EDGE('',*,*,#3639,.T.);
#1081=ORIENTED_EDGE('',*,*,#3640,.T.);
#1082=ORIENTED_EDGE('',*,*,#3641,.T.);
#1083=ORIENTED_EDGE('',*,*,#3642,.T.);
#1084=ORIENTED_EDGE('',*,*,#3643,.T.);
#1085=ORIENTED_EDGE('',*,*,#3644,.T.);
#1086=ORIENTED_EDGE('',*,*,#3645,.T.);
#1087=ORIENTED_EDGE('',*,*,#3646,.T.);
#1088=ORIENTED_EDGE('',*,*,#3647,.T.);
#1089=ORIENTED_EDGE('',*,*,#3648,.T.);
#1090=ORIENTED_EDGE('',*,*,#3649,.T.);
#1091=ORIENTED_EDGE('',*,*,#3650,.T.);
#1092=ORIENTED_EDGE('',*,*,#3651,.T.);
#1093=ORIENTED_EDGE('',*,*,#3652,.T.);
#1094=ORIENTED_EDGE('',*,*,#3653,.T.);
#1095=ORIENTED_EDGE('',*,*,#3654,.T.);
#1096=ORIENTED_EDGE('',*,*,#3655,.T.);
#1097=ORIENTED_EDGE('',*,*,#3656,.T.);
#1098=ORIENTED_EDGE('',*,*,#3657,.T.);
#1099=ORIENTED_EDGE('',*,*,#3658,.T.);
#1100=ORIENTED_EDGE('',*,*,#3659,.T.);
#1101=ORIENTED_EDGE('',*,*,#3660,.T.);
#1102=ORIENTED_EDGE('',*,*,#3661,.T.);
#1103=ORIENTED_EDGE('',*,*,#3662,.T.);
#1104=ORIENTED_EDGE('',*,*,#3663,.T.);
#1105=ORIENTED_EDGE('',*,*,#3664,.T.);
#1106=ORIENTED_EDGE('',*,*,#3665,.T.);
#1107=ORIENTED_EDGE('',*,*,#3666,.T.);
#1108=ORIENTED_EDGE('',*,*,#3667,.T.);
#1109=ORIENTED_EDGE('',*,*,#3668,.T.);
#1110=ORIENTED_EDGE('',*,*,#3669,.T.);
#1111=ORIENTED_EDGE('',*,*,#3670,.T.);
#1112=ORIENTED_EDGE('',*,*,#3671,.T.);
#1113=ORIENTED_EDGE('',*,*,#3672,.T.);
#1114=ORIENTED_EDGE('',*,*,#3673,.T.);
#1115=ORIENTED_EDGE('',*,*,#3674,.T.);
#1116=ORIENTED_EDGE('',*,*,#3675,.T.);
#1117=ORIENTED_EDGE('',*,*,#3676,.T.);
#1118=ORIENTED_EDGE('',*,*,#3677,.T.);
#1119=ORIENTED_EDGE('',*,*,#3678,.T.);
#1120=ORIENTED_EDGE('',*,*,#3679,.T.);
#1121=ORIENTED_EDGE('',*,*,#3680,.T.);
#1122=ORIENTED_EDGE('',*,*,#3681,.T.);
#1123=ORIENTED_EDGE('',*,*,#3682,.T.);
#1124=ORIENTED_EDGE('',*,*,#3683,.T.);
#1125=ORIENTED_EDGE('',*,*,#3684,.T.);
#1126=ORIENTED_EDGE('',*,*,#3685,.T.);
#1127=ORIENTED_EDGE('',*,*,#3686,.T.);
#1128=ORIENTED_EDGE('',*,*,#3687,.T.);
#1129=ORIENTED_EDGE('',*,*,#3688,.T.);
#1130=ORIENTED_EDGE('',*,*,#3689,.T.);
#1131=ORIENTED_EDGE('',*,*,#3690,.T.);
#1132=ORIENTED_EDGE('',*,*,#3691,.T.);
#1133=ORIENTED_EDGE('',*,*,#3692,.T.);
#1134=ORIENTED_EDGE('',*,*,#3693,.T.);
#1135=ORIENTED_EDGE('',*,*,#3694,.T.);
#1136=ORIENTED_EDGE('',*,*,#3695,.T.);
#1137=ORIENTED_EDGE('',*,*,#3696,.T.);
#1138=ORIENTED_EDGE('',*,*,#3697,.T.);
#1139=ORIENTED_EDGE('',*,*,#3698,.T.);
#1140=ORIENTED_EDGE('',*,*,#3699,.T.);
#1141=ORIENTED_EDGE('',*,*,#3700,.T.);
#1142=ORIENTED_EDGE('',*,*,#3701,.T.);
#1143=ORIENTED_EDGE('',*,*,#3702,.T.);
#1144=ORIENTED_EDGE('',*,*,#3703,.T.);
#1145=ORIENTED_EDGE('',*,*,#3704,.T.);
#1146=ORIENTED_EDGE('',*,*,#3705,.T.);
#1147=ORIENTED_EDGE('',*,*,#3706,.T.);
#1148=ORIENTED_EDGE('',*,*,#3707,.T.);
#1149=ORIENTED_EDGE('',*,*,#3708,.T.);
#1150=ORIENTED_EDGE('',*,*,#3709,.T.);
#1151=ORIENTED_EDGE('',*,*,#3710,.T.);
#1152=ORIENTED_EDGE('',*,*,#3711,.T.);
#1153=ORIENTED_EDGE('',*,*,#3712,.T.);
#1154=ORIENTED_EDGE('',*,*,#3713,.T.);
#1155=ORIENTED_EDGE('',*,*,#3714,.T.);
#1156=ORIENTED_EDGE('',*,*,#3715,.T.);
#1157=ORIENTED_EDGE('',*,*,#3716,.T.);
#1158=ORIENTED_EDGE('',*,*,#3717,.T.);
#1159=ORIENTED_EDGE('',*,*,#3718,.T.);
#1160=ORIENTED_EDGE('',*,*,#3719,.T.);
#1161=ORIENTED_EDGE('',*,*,#3720,.T.);
#1162=ORIENTED_EDGE('',*,*,#3721,.T.);
#1163=ORIENTED_EDGE('',*,*,#3722,.T.);
#1164=ORIENTED_EDGE('',*,*,#3723,.T.);
#1165=ORIENTED_EDGE('',*,*,#3724,.T.);
#1166=ORIENTED_EDGE('',*,*,#3725,.T.);
#1167=ORIENTED_EDGE('',*,*,#3726,.T.);
#1168=ORIENTED_EDGE('',*,*,#3727,.T.);
#1169=ORIENTED_EDGE('',*,*,#3728,.T.);
#1170=ORIENTED_EDGE('',*,*,#3729,.T.);
#1171=ORIENTED_EDGE('',*,*,#3730,.T.);
#1172=ORIENTED_EDGE('',*,*,#3731,.T.);
#1173=ORIENTED_EDGE('',*,*,#3732,.T.);
#1174=ORIENTED_EDGE('',*,*,#3733,.T.);
#1175=ORIENTED_EDGE('',*,*,#3734,.T.);
#1176=ORIENTED_EDGE('',*,*,#3735,.F.);
#1177=ORIENTED_EDGE('',*,*,#3736,.F.);
#1178=ORIENTED_EDGE('',*,*,#3737,.F.);
#1179=ORIENTED_EDGE('',*,*,#3738,.T.);
#1180=ORIENTED_EDGE('',*,*,#3739,.T.);
#1181=ORIENTED_EDGE('',*,*,#3576,.F.);
#1182=ORIENTED_EDGE('',*,*,#3740,.F.);
#1183=ORIENTED_EDGE('',*,*,#3741,.T.);
#1184=ORIENTED_EDGE('',*,*,#3742,.T.);
#1185=ORIENTED_EDGE('',*,*,#3574,.F.);
#1186=ORIENTED_EDGE('',*,*,#3743,.F.);
#1187=ORIENTED_EDGE('',*,*,#3744,.T.);
#1188=ORIENTED_EDGE('',*,*,#3745,.T.);
#1189=ORIENTED_EDGE('',*,*,#3579,.F.);
#1190=ORIENTED_EDGE('',*,*,#3746,.F.);
#1191=ORIENTED_EDGE('',*,*,#3747,.T.);
#1192=ORIENTED_EDGE('',*,*,#3748,.T.);
#1193=ORIENTED_EDGE('',*,*,#3583,.F.);
#1194=ORIENTED_EDGE('',*,*,#3749,.T.);
#1195=ORIENTED_EDGE('',*,*,#3750,.T.);
#1196=ORIENTED_EDGE('',*,*,#3751,.T.);
#1197=ORIENTED_EDGE('',*,*,#3572,.F.);
#1198=ORIENTED_EDGE('',*,*,#3748,.F.);
#1199=ORIENTED_EDGE('',*,*,#3752,.T.);
#1200=ORIENTED_EDGE('',*,*,#3753,.F.);
#1201=ORIENTED_EDGE('',*,*,#3754,.T.);
#1202=ORIENTED_EDGE('',*,*,#3755,.F.);
#1203=ORIENTED_EDGE('',*,*,#3756,.F.);
#1204=ORIENTED_EDGE('',*,*,#3757,.F.);
#1205=ORIENTED_EDGE('',*,*,#3758,.F.);
#1206=ORIENTED_EDGE('',*,*,#3759,.F.);
#1207=ORIENTED_EDGE('',*,*,#3760,.F.);
#1208=ORIENTED_EDGE('',*,*,#3761,.F.);
#1209=ORIENTED_EDGE('',*,*,#3762,.T.);
#1210=ORIENTED_EDGE('',*,*,#3763,.T.);
#1211=ORIENTED_EDGE('',*,*,#3764,.F.);
#1212=ORIENTED_EDGE('',*,*,#3765,.F.);
#1213=ORIENTED_EDGE('',*,*,#3746,.T.);
#1214=ORIENTED_EDGE('',*,*,#3582,.T.);
#1215=ORIENTED_EDGE('',*,*,#3766,.T.);
#1216=ORIENTED_EDGE('',*,*,#3767,.F.);
#1217=ORIENTED_EDGE('',*,*,#3766,.F.);
#1218=ORIENTED_EDGE('',*,*,#3581,.F.);
#1219=ORIENTED_EDGE('',*,*,#3768,.T.);
#1220=ORIENTED_EDGE('',*,*,#3762,.F.);
#1221=ORIENTED_EDGE('',*,*,#3769,.T.);
#1222=ORIENTED_EDGE('',*,*,#3770,.T.);
#1223=ORIENTED_EDGE('',*,*,#3771,.T.);
#1224=ORIENTED_EDGE('',*,*,#3772,.F.);
#1225=ORIENTED_EDGE('',*,*,#3764,.T.);
#1226=ORIENTED_EDGE('',*,*,#3773,.T.);
#1227=ORIENTED_EDGE('',*,*,#3774,.F.);
#1228=ORIENTED_EDGE('',*,*,#3775,.F.);
#1229=ORIENTED_EDGE('',*,*,#3776,.F.);
#1230=ORIENTED_EDGE('',*,*,#3777,.F.);
#1231=ORIENTED_EDGE('',*,*,#3778,.F.);
#1232=ORIENTED_EDGE('',*,*,#3779,.F.);
#1233=ORIENTED_EDGE('',*,*,#3780,.F.);
#1234=ORIENTED_EDGE('',*,*,#3781,.F.);
#1235=ORIENTED_EDGE('',*,*,#3782,.F.);
#1236=ORIENTED_EDGE('',*,*,#3783,.F.);
#1237=ORIENTED_EDGE('',*,*,#3784,.T.);
#1238=ORIENTED_EDGE('',*,*,#3785,.T.);
#1239=ORIENTED_EDGE('',*,*,#3786,.T.);
#1240=ORIENTED_EDGE('',*,*,#3787,.T.);
#1241=ORIENTED_EDGE('',*,*,#3788,.T.);
#1242=ORIENTED_EDGE('',*,*,#3419,.T.);
#1243=ORIENTED_EDGE('',*,*,#3789,.T.);
#1244=ORIENTED_EDGE('',*,*,#3410,.T.);
#1245=ORIENTED_EDGE('',*,*,#3790,.T.);
#1246=ORIENTED_EDGE('',*,*,#3791,.F.);
#1247=ORIENTED_EDGE('',*,*,#3792,.F.);
#1248=ORIENTED_EDGE('',*,*,#3793,.F.);
#1249=ORIENTED_EDGE('',*,*,#3794,.F.);
#1250=ORIENTED_EDGE('',*,*,#3795,.T.);
#1251=ORIENTED_EDGE('',*,*,#3796,.F.);
#1252=ORIENTED_EDGE('',*,*,#3797,.T.);
#1253=ORIENTED_EDGE('',*,*,#3798,.T.);
#1254=ORIENTED_EDGE('',*,*,#3799,.T.);
#1255=ORIENTED_EDGE('',*,*,#3800,.F.);
#1256=ORIENTED_EDGE('',*,*,#3801,.F.);
#1257=ORIENTED_EDGE('',*,*,#3802,.F.);
#1258=ORIENTED_EDGE('',*,*,#3803,.T.);
#1259=ORIENTED_EDGE('',*,*,#3804,.T.);
#1260=ORIENTED_EDGE('',*,*,#3805,.T.);
#1261=ORIENTED_EDGE('',*,*,#3806,.F.);
#1262=ORIENTED_EDGE('',*,*,#3807,.F.);
#1263=ORIENTED_EDGE('',*,*,#3808,.T.);
#1264=ORIENTED_EDGE('',*,*,#3809,.T.);
#1265=ORIENTED_EDGE('',*,*,#3810,.F.);
#1266=ORIENTED_EDGE('',*,*,#3811,.F.);
#1267=ORIENTED_EDGE('',*,*,#3812,.F.);
#1268=ORIENTED_EDGE('',*,*,#3813,.F.);
#1269=ORIENTED_EDGE('',*,*,#3814,.F.);
#1270=ORIENTED_EDGE('',*,*,#3815,.T.);
#1271=ORIENTED_EDGE('',*,*,#3816,.T.);
#1272=ORIENTED_EDGE('',*,*,#3817,.T.);
#1273=ORIENTED_EDGE('',*,*,#3818,.T.);
#1274=ORIENTED_EDGE('',*,*,#3819,.T.);
#1275=ORIENTED_EDGE('',*,*,#3820,.F.);
#1276=ORIENTED_EDGE('',*,*,#3821,.F.);
#1277=ORIENTED_EDGE('',*,*,#3822,.T.);
#1278=ORIENTED_EDGE('',*,*,#3823,.T.);
#1279=ORIENTED_EDGE('',*,*,#3824,.T.);
#1280=ORIENTED_EDGE('',*,*,#3825,.F.);
#1281=ORIENTED_EDGE('',*,*,#3826,.T.);
#1282=ORIENTED_EDGE('',*,*,#3827,.T.);
#1283=ORIENTED_EDGE('',*,*,#3828,.F.);
#1284=ORIENTED_EDGE('',*,*,#3829,.T.);
#1285=ORIENTED_EDGE('',*,*,#3830,.F.);
#1286=ORIENTED_EDGE('',*,*,#3831,.T.);
#1287=ORIENTED_EDGE('',*,*,#3423,.T.);
#1288=ORIENTED_EDGE('',*,*,#3832,.T.);
#1289=ORIENTED_EDGE('',*,*,#3833,.T.);
#1290=ORIENTED_EDGE('',*,*,#3407,.T.);
#1291=ORIENTED_EDGE('',*,*,#3834,.F.);
#1292=ORIENTED_EDGE('',*,*,#3416,.F.);
#1293=ORIENTED_EDGE('',*,*,#3835,.T.);
#1294=ORIENTED_EDGE('',*,*,#3836,.F.);
#1295=ORIENTED_EDGE('',*,*,#3837,.T.);
#1296=ORIENTED_EDGE('',*,*,#3838,.F.);
#1297=ORIENTED_EDGE('',*,*,#3735,.T.);
#1298=ORIENTED_EDGE('',*,*,#3839,.F.);
#1299=ORIENTED_EDGE('',*,*,#3840,.F.);
#1300=ORIENTED_EDGE('',*,*,#3841,.T.);
#1301=ORIENTED_EDGE('',*,*,#3842,.F.);
#1302=ORIENTED_EDGE('',*,*,#3843,.T.);
#1303=ORIENTED_EDGE('',*,*,#3844,.T.);
#1304=ORIENTED_EDGE('',*,*,#3845,.F.);
#1305=ORIENTED_EDGE('',*,*,#3802,.T.);
#1306=ORIENTED_EDGE('',*,*,#3846,.T.);
#1307=ORIENTED_EDGE('',*,*,#3847,.T.);
#1308=ORIENTED_EDGE('',*,*,#3848,.F.);
#1309=ORIENTED_EDGE('',*,*,#3821,.T.);
#1310=ORIENTED_EDGE('',*,*,#3849,.F.);
#1311=ORIENTED_EDGE('',*,*,#3850,.T.);
#1312=ORIENTED_EDGE('',*,*,#3851,.T.);
#1313=ORIENTED_EDGE('',*,*,#3852,.F.);
#1314=ORIENTED_EDGE('',*,*,#3853,.T.);
#1315=ORIENTED_EDGE('',*,*,#3854,.T.);
#1316=ORIENTED_EDGE('',*,*,#3855,.F.);
#1317=ORIENTED_EDGE('',*,*,#3856,.T.);
#1318=ORIENTED_EDGE('',*,*,#3857,.T.);
#1319=ORIENTED_EDGE('',*,*,#3858,.T.);
#1320=ORIENTED_EDGE('',*,*,#3859,.T.);
#1321=ORIENTED_EDGE('',*,*,#3860,.T.);
#1322=ORIENTED_EDGE('',*,*,#3861,.F.);
#1323=ORIENTED_EDGE('',*,*,#3862,.T.);
#1324=ORIENTED_EDGE('',*,*,#3863,.T.);
#1325=ORIENTED_EDGE('',*,*,#3864,.T.);
#1326=ORIENTED_EDGE('',*,*,#3865,.T.);
#1327=ORIENTED_EDGE('',*,*,#3866,.T.);
#1328=ORIENTED_EDGE('',*,*,#3867,.T.);
#1329=ORIENTED_EDGE('',*,*,#3868,.T.);
#1330=ORIENTED_EDGE('',*,*,#3869,.F.);
#1331=ORIENTED_EDGE('',*,*,#3774,.T.);
#1332=ORIENTED_EDGE('',*,*,#3870,.T.);
#1333=ORIENTED_EDGE('',*,*,#3770,.F.);
#1334=ORIENTED_EDGE('',*,*,#3736,.T.);
#1335=ORIENTED_EDGE('',*,*,#3871,.T.);
#1336=ORIENTED_EDGE('',*,*,#3862,.F.);
#1337=ORIENTED_EDGE('',*,*,#3872,.F.);
#1338=ORIENTED_EDGE('',*,*,#3873,.F.);
#1339=ORIENTED_EDGE('',*,*,#3874,.T.);
#1340=ORIENTED_EDGE('',*,*,#3861,.T.);
#1341=ORIENTED_EDGE('',*,*,#3875,.T.);
#1342=ORIENTED_EDGE('',*,*,#3785,.F.);
#1343=ORIENTED_EDGE('',*,*,#3872,.T.);
#1344=ORIENTED_EDGE('',*,*,#3859,.F.);
#1345=ORIENTED_EDGE('',*,*,#3876,.T.);
#1346=ORIENTED_EDGE('',*,*,#3836,.T.);
#1347=ORIENTED_EDGE('',*,*,#3877,.T.);
#1348=ORIENTED_EDGE('',*,*,#3878,.T.);
#1349=ORIENTED_EDGE('',*,*,#3787,.F.);
#1350=ORIENTED_EDGE('',*,*,#3879,.T.);
#1351=ORIENTED_EDGE('',*,*,#3792,.T.);
#1352=ORIENTED_EDGE('',*,*,#3880,.T.);
#1353=ORIENTED_EDGE('',*,*,#3427,.F.);
#1354=ORIENTED_EDGE('',*,*,#3881,.T.);
#1355=ORIENTED_EDGE('',*,*,#3882,.F.);
#1356=ORIENTED_EDGE('',*,*,#3882,.T.);
#1357=ORIENTED_EDGE('',*,*,#3883,.T.);
#1358=ORIENTED_EDGE('',*,*,#3884,.T.);
#1359=ORIENTED_EDGE('',*,*,#3885,.F.);
#1360=ORIENTED_EDGE('',*,*,#3886,.F.);
#1361=ORIENTED_EDGE('',*,*,#3793,.T.);
#1362=ORIENTED_EDGE('',*,*,#3856,.F.);
#1363=ORIENTED_EDGE('',*,*,#3887,.F.);
#1364=ORIENTED_EDGE('',*,*,#3794,.T.);
#1365=ORIENTED_EDGE('',*,*,#3886,.T.);
#1366=ORIENTED_EDGE('',*,*,#3888,.T.);
#1367=ORIENTED_EDGE('',*,*,#3889,.F.);
#1368=ORIENTED_EDGE('',*,*,#3829,.F.);
#1369=ORIENTED_EDGE('',*,*,#3890,.T.);
#1370=ORIENTED_EDGE('',*,*,#3887,.T.);
#1371=ORIENTED_EDGE('',*,*,#3855,.T.);
#1372=ORIENTED_EDGE('',*,*,#3891,.F.);
#1373=ORIENTED_EDGE('',*,*,#3795,.F.);
#1374=ORIENTED_EDGE('',*,*,#3854,.F.);
#1375=ORIENTED_EDGE('',*,*,#3892,.F.);
#1376=ORIENTED_EDGE('',*,*,#3827,.F.);
#1377=ORIENTED_EDGE('',*,*,#3893,.T.);
#1378=ORIENTED_EDGE('',*,*,#3894,.T.);
#1379=ORIENTED_EDGE('',*,*,#3895,.F.);
#1380=ORIENTED_EDGE('',*,*,#3796,.T.);
#1381=ORIENTED_EDGE('',*,*,#3891,.T.);
#1382=ORIENTED_EDGE('',*,*,#3895,.T.);
#1383=ORIENTED_EDGE('',*,*,#3896,.T.);
#1384=ORIENTED_EDGE('',*,*,#3897,.F.);
#1385=ORIENTED_EDGE('',*,*,#3797,.F.);
#1386=ORIENTED_EDGE('',*,*,#3897,.T.);
#1387=ORIENTED_EDGE('',*,*,#3898,.T.);
#1388=ORIENTED_EDGE('',*,*,#3899,.F.);
#1389=ORIENTED_EDGE('',*,*,#3798,.F.);
#1390=ORIENTED_EDGE('',*,*,#3899,.T.);
#1391=ORIENTED_EDGE('',*,*,#3900,.T.);
#1392=ORIENTED_EDGE('',*,*,#3901,.F.);
#1393=ORIENTED_EDGE('',*,*,#3824,.F.);
#1394=ORIENTED_EDGE('',*,*,#3902,.T.);
#1395=ORIENTED_EDGE('',*,*,#3852,.T.);
#1396=ORIENTED_EDGE('',*,*,#3903,.F.);
#1397=ORIENTED_EDGE('',*,*,#3799,.F.);
#1398=ORIENTED_EDGE('',*,*,#3851,.F.);
#1399=ORIENTED_EDGE('',*,*,#3904,.F.);
#1400=ORIENTED_EDGE('',*,*,#3800,.T.);
#1401=ORIENTED_EDGE('',*,*,#3903,.T.);
#1402=ORIENTED_EDGE('',*,*,#3850,.F.);
#1403=ORIENTED_EDGE('',*,*,#3905,.F.);
#1404=ORIENTED_EDGE('',*,*,#3822,.F.);
#1405=ORIENTED_EDGE('',*,*,#3848,.T.);
#1406=ORIENTED_EDGE('',*,*,#3906,.T.);
#1407=ORIENTED_EDGE('',*,*,#3843,.F.);
#1408=ORIENTED_EDGE('',*,*,#3801,.T.);
#1409=ORIENTED_EDGE('',*,*,#3904,.T.);
#1410=ORIENTED_EDGE('',*,*,#3820,.T.);
#1411=ORIENTED_EDGE('',*,*,#3907,.T.);
#1412=ORIENTED_EDGE('',*,*,#3803,.F.);
#1413=ORIENTED_EDGE('',*,*,#3845,.T.);
#1414=ORIENTED_EDGE('',*,*,#3908,.T.);
#1415=ORIENTED_EDGE('',*,*,#3846,.F.);
#1416=ORIENTED_EDGE('',*,*,#3909,.F.);
#1417=ORIENTED_EDGE('',*,*,#3910,.T.);
#1418=ORIENTED_EDGE('',*,*,#3743,.T.);
#1419=ORIENTED_EDGE('',*,*,#3578,.T.);
#1420=ORIENTED_EDGE('',*,*,#3911,.F.);
#1421=ORIENTED_EDGE('',*,*,#3912,.F.);
#1422=ORIENTED_EDGE('',*,*,#3913,.T.);
#1423=ORIENTED_EDGE('',*,*,#3809,.F.);
#1424=ORIENTED_EDGE('',*,*,#3914,.T.);
#1425=ORIENTED_EDGE('',*,*,#3814,.T.);
#1426=ORIENTED_EDGE('',*,*,#3739,.F.);
#1427=ORIENTED_EDGE('',*,*,#3915,.T.);
#1428=ORIENTED_EDGE('',*,*,#3911,.T.);
#1429=ORIENTED_EDGE('',*,*,#3577,.T.);
#1430=ORIENTED_EDGE('',*,*,#3742,.F.);
#1431=ORIENTED_EDGE('',*,*,#3916,.T.);
#1432=ORIENTED_EDGE('',*,*,#3737,.T.);
#1433=ORIENTED_EDGE('',*,*,#3575,.T.);
#1434=ORIENTED_EDGE('',*,*,#3751,.F.);
#1435=ORIENTED_EDGE('',*,*,#3917,.T.);
#1436=ORIENTED_EDGE('',*,*,#3740,.T.);
#1437=ORIENTED_EDGE('',*,*,#3573,.T.);
#1438=ORIENTED_EDGE('',*,*,#3905,.T.);
#1439=ORIENTED_EDGE('',*,*,#3849,.T.);
#1440=ORIENTED_EDGE('',*,*,#3902,.F.);
#1441=ORIENTED_EDGE('',*,*,#3823,.F.);
#1442=ORIENTED_EDGE('',*,*,#3918,.F.);
#1443=ORIENTED_EDGE('',*,*,#3919,.T.);
#1444=ORIENTED_EDGE('',*,*,#3825,.T.);
#1445=ORIENTED_EDGE('',*,*,#3901,.T.);
#1446=ORIENTED_EDGE('',*,*,#3853,.F.);
#1447=ORIENTED_EDGE('',*,*,#3890,.F.);
#1448=ORIENTED_EDGE('',*,*,#3828,.T.);
#1449=ORIENTED_EDGE('',*,*,#3892,.T.);
#1450=ORIENTED_EDGE('',*,*,#3920,.T.);
#1451=ORIENTED_EDGE('',*,*,#3921,.T.);
#1452=ORIENTED_EDGE('',*,*,#3830,.T.);
#1453=ORIENTED_EDGE('',*,*,#3889,.T.);
#1454=ORIENTED_EDGE('',*,*,#3922,.F.);
#1455=ORIENTED_EDGE('',*,*,#3838,.T.);
#1456=ORIENTED_EDGE('',*,*,#3923,.T.);
#1457=ORIENTED_EDGE('',*,*,#3857,.F.);
#1458=ORIENTED_EDGE('',*,*,#3871,.F.);
#1459=ORIENTED_EDGE('',*,*,#3885,.T.);
#1460=ORIENTED_EDGE('',*,*,#3924,.T.);
#1461=ORIENTED_EDGE('',*,*,#3922,.T.);
#1462=ORIENTED_EDGE('',*,*,#3888,.F.);
#1463=ORIENTED_EDGE('',*,*,#3884,.F.);
#1464=ORIENTED_EDGE('',*,*,#3925,.T.);
#1465=ORIENTED_EDGE('',*,*,#3926,.T.);
#1466=ORIENTED_EDGE('',*,*,#3920,.F.);
#1467=ORIENTED_EDGE('',*,*,#3924,.F.);
#1468=ORIENTED_EDGE('',*,*,#3425,.F.);
#1469=ORIENTED_EDGE('',*,*,#3927,.T.);
#1470=ORIENTED_EDGE('',*,*,#3925,.F.);
#1471=ORIENTED_EDGE('',*,*,#3883,.F.);
#1472=ORIENTED_EDGE('',*,*,#3881,.F.);
#1473=ORIENTED_EDGE('',*,*,#3429,.F.);
#1474=ORIENTED_EDGE('',*,*,#3831,.F.);
#1475=ORIENTED_EDGE('',*,*,#3921,.F.);
#1476=ORIENTED_EDGE('',*,*,#3926,.F.);
#1477=ORIENTED_EDGE('',*,*,#3927,.F.);
#1478=ORIENTED_EDGE('',*,*,#3424,.F.);
#1479=ORIENTED_EDGE('',*,*,#3928,.F.);
#1480=ORIENTED_EDGE('',*,*,#3893,.F.);
#1481=ORIENTED_EDGE('',*,*,#3826,.F.);
#1482=ORIENTED_EDGE('',*,*,#3919,.F.);
#1483=ORIENTED_EDGE('',*,*,#3928,.T.);
#1484=ORIENTED_EDGE('',*,*,#3918,.T.);
#1485=ORIENTED_EDGE('',*,*,#3900,.F.);
#1486=ORIENTED_EDGE('',*,*,#3898,.F.);
#1487=ORIENTED_EDGE('',*,*,#3896,.F.);
#1488=ORIENTED_EDGE('',*,*,#3894,.F.);
#1489=ORIENTED_EDGE('',*,*,#3844,.F.);
#1490=ORIENTED_EDGE('',*,*,#3906,.F.);
#1491=ORIENTED_EDGE('',*,*,#3847,.F.);
#1492=ORIENTED_EDGE('',*,*,#3908,.F.);
#1493=ORIENTED_EDGE('',*,*,#3929,.F.);
#1494=ORIENTED_EDGE('',*,*,#3816,.F.);
#1495=ORIENTED_EDGE('',*,*,#3930,.T.);
#1496=ORIENTED_EDGE('',*,*,#3807,.T.);
#1497=ORIENTED_EDGE('',*,*,#3931,.F.);
#1498=ORIENTED_EDGE('',*,*,#3932,.F.);
#1499=ORIENTED_EDGE('',*,*,#3805,.F.);
#1500=ORIENTED_EDGE('',*,*,#3933,.T.);
#1501=ORIENTED_EDGE('',*,*,#3818,.F.);
#1502=ORIENTED_EDGE('',*,*,#3934,.T.);
#1503=ORIENTED_EDGE('',*,*,#3817,.F.);
#1504=ORIENTED_EDGE('',*,*,#3931,.T.);
#1505=ORIENTED_EDGE('',*,*,#3806,.T.);
#1506=ORIENTED_EDGE('',*,*,#3934,.F.);
#1507=ORIENTED_EDGE('',*,*,#3935,.F.);
#1508=ORIENTED_EDGE('',*,*,#3768,.F.);
#1509=ORIENTED_EDGE('',*,*,#3580,.F.);
#1510=ORIENTED_EDGE('',*,*,#3745,.F.);
#1511=ORIENTED_EDGE('',*,*,#3808,.F.);
#1512=ORIENTED_EDGE('',*,*,#3930,.F.);
#1513=ORIENTED_EDGE('',*,*,#3815,.F.);
#1514=ORIENTED_EDGE('',*,*,#3914,.F.);
#1515=ORIENTED_EDGE('',*,*,#3773,.F.);
#1516=ORIENTED_EDGE('',*,*,#3763,.F.);
#1517=ORIENTED_EDGE('',*,*,#3771,.F.);
#1518=ORIENTED_EDGE('',*,*,#3870,.F.);
#1519=ORIENTED_EDGE('',*,*,#3936,.F.);
#1520=ORIENTED_EDGE('',*,*,#3733,.F.);
#1521=ORIENTED_EDGE('',*,*,#3874,.F.);
#1522=ORIENTED_EDGE('',*,*,#3937,.F.);
#1523=ORIENTED_EDGE('',*,*,#3938,.F.);
#1524=ORIENTED_EDGE('',*,*,#3937,.T.);
#1525=ORIENTED_EDGE('',*,*,#3873,.T.);
#1526=ORIENTED_EDGE('',*,*,#3784,.F.);
#1527=ORIENTED_EDGE('',*,*,#3769,.F.);
#1528=ORIENTED_EDGE('',*,*,#3761,.T.);
#1529=ORIENTED_EDGE('',*,*,#3772,.T.);
#1530=ORIENTED_EDGE('',*,*,#3869,.T.);
#1531=ORIENTED_EDGE('',*,*,#3868,.F.);
#1532=ORIENTED_EDGE('',*,*,#3760,.T.);
#1533=ORIENTED_EDGE('',*,*,#3867,.F.);
#1534=ORIENTED_EDGE('',*,*,#3759,.T.);
#1535=ORIENTED_EDGE('',*,*,#3866,.F.);
#1536=ORIENTED_EDGE('',*,*,#3758,.T.);
#1537=ORIENTED_EDGE('',*,*,#3865,.F.);
#1538=ORIENTED_EDGE('',*,*,#3757,.T.);
#1539=ORIENTED_EDGE('',*,*,#3864,.F.);
#1540=ORIENTED_EDGE('',*,*,#3756,.T.);
#1541=ORIENTED_EDGE('',*,*,#3863,.F.);
#1542=ORIENTED_EDGE('',*,*,#3755,.T.);
#1543=ORIENTED_EDGE('',*,*,#3837,.F.);
#1544=ORIENTED_EDGE('',*,*,#3876,.F.);
#1545=ORIENTED_EDGE('',*,*,#3858,.F.);
#1546=ORIENTED_EDGE('',*,*,#3923,.F.);
#1547=ORIENTED_EDGE('',*,*,#3786,.F.);
#1548=ORIENTED_EDGE('',*,*,#3875,.F.);
#1549=ORIENTED_EDGE('',*,*,#3860,.F.);
#1550=ORIENTED_EDGE('',*,*,#3879,.F.);
#1551=ORIENTED_EDGE('',*,*,#3819,.F.);
#1552=ORIENTED_EDGE('',*,*,#3933,.F.);
#1553=ORIENTED_EDGE('',*,*,#3804,.F.);
#1554=ORIENTED_EDGE('',*,*,#3907,.F.);
#1555=ORIENTED_EDGE('',*,*,#3813,.T.);
#1556=ORIENTED_EDGE('',*,*,#3939,.F.);
#1557=ORIENTED_EDGE('',*,*,#3940,.F.);
#1558=ORIENTED_EDGE('',*,*,#3909,.T.);
#1559=ORIENTED_EDGE('',*,*,#3842,.T.);
#1560=ORIENTED_EDGE('',*,*,#3941,.F.);
#1561=ORIENTED_EDGE('',*,*,#3942,.F.);
#1562=ORIENTED_EDGE('',*,*,#3939,.T.);
#1563=ORIENTED_EDGE('',*,*,#3841,.F.);
#1564=ORIENTED_EDGE('',*,*,#3943,.F.);
#1565=ORIENTED_EDGE('',*,*,#3944,.T.);
#1566=ORIENTED_EDGE('',*,*,#3941,.T.);
#1567=ORIENTED_EDGE('',*,*,#3840,.T.);
#1568=ORIENTED_EDGE('',*,*,#3945,.F.);
#1569=ORIENTED_EDGE('',*,*,#3946,.F.);
#1570=ORIENTED_EDGE('',*,*,#3943,.T.);
#1571=ORIENTED_EDGE('',*,*,#3839,.T.);
#1572=ORIENTED_EDGE('',*,*,#3734,.F.);
#1573=ORIENTED_EDGE('',*,*,#3936,.T.);
#1574=ORIENTED_EDGE('',*,*,#3938,.T.);
#1575=ORIENTED_EDGE('',*,*,#3783,.T.);
#1576=ORIENTED_EDGE('',*,*,#3947,.F.);
#1577=ORIENTED_EDGE('',*,*,#3948,.F.);
#1578=ORIENTED_EDGE('',*,*,#3949,.F.);
#1579=ORIENTED_EDGE('',*,*,#3950,.F.);
#1580=ORIENTED_EDGE('',*,*,#3951,.T.);
#1581=ORIENTED_EDGE('',*,*,#3952,.F.);
#1582=ORIENTED_EDGE('',*,*,#3945,.T.);
#1583=ORIENTED_EDGE('',*,*,#3910,.F.);
#1584=ORIENTED_EDGE('',*,*,#3940,.T.);
#1585=ORIENTED_EDGE('',*,*,#3942,.T.);
#1586=ORIENTED_EDGE('',*,*,#3944,.F.);
#1587=ORIENTED_EDGE('',*,*,#3946,.T.);
#1588=ORIENTED_EDGE('',*,*,#3952,.T.);
#1589=ORIENTED_EDGE('',*,*,#3953,.T.);
#1590=ORIENTED_EDGE('',*,*,#3752,.F.);
#1591=ORIENTED_EDGE('',*,*,#3747,.F.);
#1592=ORIENTED_EDGE('',*,*,#3765,.T.);
#1593=ORIENTED_EDGE('',*,*,#3767,.T.);
#1594=ORIENTED_EDGE('',*,*,#3935,.T.);
#1595=ORIENTED_EDGE('',*,*,#3744,.F.);
#1596=ORIENTED_EDGE('',*,*,#3778,.T.);
#1597=ORIENTED_EDGE('',*,*,#3913,.F.);
#1598=ORIENTED_EDGE('',*,*,#3954,.F.);
#1599=ORIENTED_EDGE('',*,*,#3955,.T.);
#1600=ORIENTED_EDGE('',*,*,#3782,.T.);
#1601=ORIENTED_EDGE('',*,*,#3956,.F.);
#1602=ORIENTED_EDGE('',*,*,#3957,.F.);
#1603=ORIENTED_EDGE('',*,*,#3947,.T.);
#1604=ORIENTED_EDGE('',*,*,#3781,.T.);
#1605=ORIENTED_EDGE('',*,*,#3958,.F.);
#1606=ORIENTED_EDGE('',*,*,#3959,.F.);
#1607=ORIENTED_EDGE('',*,*,#3956,.T.);
#1608=ORIENTED_EDGE('',*,*,#3780,.T.);
#1609=ORIENTED_EDGE('',*,*,#3960,.F.);
#1610=ORIENTED_EDGE('',*,*,#3961,.F.);
#1611=ORIENTED_EDGE('',*,*,#3958,.T.);
#1612=ORIENTED_EDGE('',*,*,#3779,.T.);
#1613=ORIENTED_EDGE('',*,*,#3955,.F.);
#1614=ORIENTED_EDGE('',*,*,#3962,.F.);
#1615=ORIENTED_EDGE('',*,*,#3960,.T.);
#1616=ORIENTED_EDGE('',*,*,#3954,.T.);
#1617=ORIENTED_EDGE('',*,*,#3912,.T.);
#1618=ORIENTED_EDGE('',*,*,#3915,.F.);
#1619=ORIENTED_EDGE('',*,*,#3738,.F.);
#1620=ORIENTED_EDGE('',*,*,#3916,.F.);
#1621=ORIENTED_EDGE('',*,*,#3741,.F.);
#1622=ORIENTED_EDGE('',*,*,#3917,.F.);
#1623=ORIENTED_EDGE('',*,*,#3750,.F.);
#1624=ORIENTED_EDGE('',*,*,#3963,.F.);
#1625=ORIENTED_EDGE('',*,*,#3948,.T.);
#1626=ORIENTED_EDGE('',*,*,#3957,.T.);
#1627=ORIENTED_EDGE('',*,*,#3959,.T.);
#1628=ORIENTED_EDGE('',*,*,#3961,.T.);
#1629=ORIENTED_EDGE('',*,*,#3962,.T.);
#1630=ORIENTED_EDGE('',*,*,#3749,.F.);
#1631=ORIENTED_EDGE('',*,*,#3964,.F.);
#1632=ORIENTED_EDGE('',*,*,#3949,.T.);
#1633=ORIENTED_EDGE('',*,*,#3963,.T.);
#1634=ORIENTED_EDGE('',*,*,#3754,.F.);
#1635=ORIENTED_EDGE('',*,*,#3965,.F.);
#1636=ORIENTED_EDGE('',*,*,#3950,.T.);
#1637=ORIENTED_EDGE('',*,*,#3964,.T.);
#1638=ORIENTED_EDGE('',*,*,#3753,.T.);
#1639=ORIENTED_EDGE('',*,*,#3953,.F.);
#1640=ORIENTED_EDGE('',*,*,#3951,.F.);
#1641=ORIENTED_EDGE('',*,*,#3965,.T.);
#1642=ORIENTED_EDGE('',*,*,#3929,.T.);
#1643=ORIENTED_EDGE('',*,*,#3932,.T.);
#1644=ORIENTED_EDGE('',*,*,#3966,.F.);
#1645=ORIENTED_EDGE('',*,*,#3812,.T.);
#1646=ORIENTED_EDGE('',*,*,#3966,.T.);
#1647=ORIENTED_EDGE('',*,*,#3967,.F.);
#1648=ORIENTED_EDGE('',*,*,#3811,.T.);
#1649=ORIENTED_EDGE('',*,*,#3967,.T.);
#1650=ORIENTED_EDGE('',*,*,#3968,.F.);
#1651=ORIENTED_EDGE('',*,*,#3810,.T.);
#1652=ORIENTED_EDGE('',*,*,#3968,.T.);
#1653=ORIENTED_EDGE('',*,*,#3969,.F.);
#1654=ORIENTED_EDGE('',*,*,#3777,.T.);
#1655=ORIENTED_EDGE('',*,*,#3969,.T.);
#1656=ORIENTED_EDGE('',*,*,#3970,.F.);
#1657=ORIENTED_EDGE('',*,*,#3776,.T.);
#1658=ORIENTED_EDGE('',*,*,#3970,.T.);
#1659=ORIENTED_EDGE('',*,*,#3971,.F.);
#1660=ORIENTED_EDGE('',*,*,#3775,.T.);
#1661=ORIENTED_EDGE('',*,*,#3971,.T.);
#1662=ORIENTED_EDGE('',*,*,#3584,.F.);
#1663=ORIENTED_EDGE('',*,*,#3972,.F.);
#1664=ORIENTED_EDGE('',*,*,#3973,.T.);
#1665=ORIENTED_EDGE('',*,*,#3974,.T.);
#1666=ORIENTED_EDGE('',*,*,#3609,.F.);
#1667=ORIENTED_EDGE('',*,*,#3975,.F.);
#1668=ORIENTED_EDGE('',*,*,#3976,.T.);
#1669=ORIENTED_EDGE('',*,*,#3972,.T.);
#1670=ORIENTED_EDGE('',*,*,#3608,.F.);
#1671=ORIENTED_EDGE('',*,*,#3977,.F.);
#1672=ORIENTED_EDGE('',*,*,#3978,.T.);
#1673=ORIENTED_EDGE('',*,*,#3975,.T.);
#1674=ORIENTED_EDGE('',*,*,#3607,.F.);
#1675=ORIENTED_EDGE('',*,*,#3979,.F.);
#1676=ORIENTED_EDGE('',*,*,#3980,.T.);
#1677=ORIENTED_EDGE('',*,*,#3977,.T.);
#1678=ORIENTED_EDGE('',*,*,#3606,.F.);
#1679=ORIENTED_EDGE('',*,*,#3981,.F.);
#1680=ORIENTED_EDGE('',*,*,#3982,.T.);
#1681=ORIENTED_EDGE('',*,*,#3979,.T.);
#1682=ORIENTED_EDGE('',*,*,#3605,.F.);
#1683=ORIENTED_EDGE('',*,*,#3983,.F.);
#1684=ORIENTED_EDGE('',*,*,#3984,.T.);
#1685=ORIENTED_EDGE('',*,*,#3981,.T.);
#1686=ORIENTED_EDGE('',*,*,#3604,.F.);
#1687=ORIENTED_EDGE('',*,*,#3985,.F.);
#1688=ORIENTED_EDGE('',*,*,#3986,.T.);
#1689=ORIENTED_EDGE('',*,*,#3983,.T.);
#1690=ORIENTED_EDGE('',*,*,#3603,.F.);
#1691=ORIENTED_EDGE('',*,*,#3987,.F.);
#1692=ORIENTED_EDGE('',*,*,#3988,.T.);
#1693=ORIENTED_EDGE('',*,*,#3985,.T.);
#1694=ORIENTED_EDGE('',*,*,#3602,.F.);
#1695=ORIENTED_EDGE('',*,*,#3989,.F.);
#1696=ORIENTED_EDGE('',*,*,#3990,.T.);
#1697=ORIENTED_EDGE('',*,*,#3987,.T.);
#1698=ORIENTED_EDGE('',*,*,#3601,.F.);
#1699=ORIENTED_EDGE('',*,*,#3991,.F.);
#1700=ORIENTED_EDGE('',*,*,#3992,.T.);
#1701=ORIENTED_EDGE('',*,*,#3989,.T.);
#1702=ORIENTED_EDGE('',*,*,#3600,.F.);
#1703=ORIENTED_EDGE('',*,*,#3993,.F.);
#1704=ORIENTED_EDGE('',*,*,#3994,.T.);
#1705=ORIENTED_EDGE('',*,*,#3991,.T.);
#1706=ORIENTED_EDGE('',*,*,#3599,.F.);
#1707=ORIENTED_EDGE('',*,*,#3995,.F.);
#1708=ORIENTED_EDGE('',*,*,#3996,.T.);
#1709=ORIENTED_EDGE('',*,*,#3993,.T.);
#1710=ORIENTED_EDGE('',*,*,#3598,.F.);
#1711=ORIENTED_EDGE('',*,*,#3997,.F.);
#1712=ORIENTED_EDGE('',*,*,#3998,.T.);
#1713=ORIENTED_EDGE('',*,*,#3995,.T.);
#1714=ORIENTED_EDGE('',*,*,#3597,.F.);
#1715=ORIENTED_EDGE('',*,*,#3999,.F.);
#1716=ORIENTED_EDGE('',*,*,#4000,.T.);
#1717=ORIENTED_EDGE('',*,*,#3997,.T.);
#1718=ORIENTED_EDGE('',*,*,#3596,.F.);
#1719=ORIENTED_EDGE('',*,*,#4001,.F.);
#1720=ORIENTED_EDGE('',*,*,#4002,.T.);
#1721=ORIENTED_EDGE('',*,*,#3999,.T.);
#1722=ORIENTED_EDGE('',*,*,#3595,.F.);
#1723=ORIENTED_EDGE('',*,*,#4003,.F.);
#1724=ORIENTED_EDGE('',*,*,#4004,.T.);
#1725=ORIENTED_EDGE('',*,*,#4001,.T.);
#1726=ORIENTED_EDGE('',*,*,#3594,.F.);
#1727=ORIENTED_EDGE('',*,*,#4005,.F.);
#1728=ORIENTED_EDGE('',*,*,#4006,.T.);
#1729=ORIENTED_EDGE('',*,*,#4003,.T.);
#1730=ORIENTED_EDGE('',*,*,#3593,.F.);
#1731=ORIENTED_EDGE('',*,*,#4007,.F.);
#1732=ORIENTED_EDGE('',*,*,#4008,.T.);
#1733=ORIENTED_EDGE('',*,*,#4005,.T.);
#1734=ORIENTED_EDGE('',*,*,#3592,.F.);
#1735=ORIENTED_EDGE('',*,*,#4009,.F.);
#1736=ORIENTED_EDGE('',*,*,#4010,.T.);
#1737=ORIENTED_EDGE('',*,*,#4007,.T.);
#1738=ORIENTED_EDGE('',*,*,#3591,.F.);
#1739=ORIENTED_EDGE('',*,*,#4011,.F.);
#1740=ORIENTED_EDGE('',*,*,#4012,.T.);
#1741=ORIENTED_EDGE('',*,*,#4009,.T.);
#1742=ORIENTED_EDGE('',*,*,#3590,.F.);
#1743=ORIENTED_EDGE('',*,*,#4013,.F.);
#1744=ORIENTED_EDGE('',*,*,#4014,.T.);
#1745=ORIENTED_EDGE('',*,*,#4011,.T.);
#1746=ORIENTED_EDGE('',*,*,#3589,.F.);
#1747=ORIENTED_EDGE('',*,*,#4015,.F.);
#1748=ORIENTED_EDGE('',*,*,#4016,.T.);
#1749=ORIENTED_EDGE('',*,*,#4013,.T.);
#1750=ORIENTED_EDGE('',*,*,#3588,.F.);
#1751=ORIENTED_EDGE('',*,*,#4017,.F.);
#1752=ORIENTED_EDGE('',*,*,#4018,.T.);
#1753=ORIENTED_EDGE('',*,*,#4015,.T.);
#1754=ORIENTED_EDGE('',*,*,#3587,.F.);
#1755=ORIENTED_EDGE('',*,*,#4019,.F.);
#1756=ORIENTED_EDGE('',*,*,#4020,.T.);
#1757=ORIENTED_EDGE('',*,*,#4017,.T.);
#1758=ORIENTED_EDGE('',*,*,#3586,.F.);
#1759=ORIENTED_EDGE('',*,*,#4021,.F.);
#1760=ORIENTED_EDGE('',*,*,#4022,.T.);
#1761=ORIENTED_EDGE('',*,*,#4019,.T.);
#1762=ORIENTED_EDGE('',*,*,#3585,.F.);
#1763=ORIENTED_EDGE('',*,*,#3974,.F.);
#1764=ORIENTED_EDGE('',*,*,#4023,.T.);
#1765=ORIENTED_EDGE('',*,*,#4021,.T.);
#1766=ORIENTED_EDGE('',*,*,#3973,.F.);
#1767=ORIENTED_EDGE('',*,*,#3976,.F.);
#1768=ORIENTED_EDGE('',*,*,#3978,.F.);
#1769=ORIENTED_EDGE('',*,*,#3980,.F.);
#1770=ORIENTED_EDGE('',*,*,#3982,.F.);
#1771=ORIENTED_EDGE('',*,*,#3984,.F.);
#1772=ORIENTED_EDGE('',*,*,#3986,.F.);
#1773=ORIENTED_EDGE('',*,*,#3988,.F.);
#1774=ORIENTED_EDGE('',*,*,#3990,.F.);
#1775=ORIENTED_EDGE('',*,*,#3992,.F.);
#1776=ORIENTED_EDGE('',*,*,#3994,.F.);
#1777=ORIENTED_EDGE('',*,*,#3996,.F.);
#1778=ORIENTED_EDGE('',*,*,#3998,.F.);
#1779=ORIENTED_EDGE('',*,*,#4000,.F.);
#1780=ORIENTED_EDGE('',*,*,#4002,.F.);
#1781=ORIENTED_EDGE('',*,*,#4004,.F.);
#1782=ORIENTED_EDGE('',*,*,#4006,.F.);
#1783=ORIENTED_EDGE('',*,*,#4008,.F.);
#1784=ORIENTED_EDGE('',*,*,#4010,.F.);
#1785=ORIENTED_EDGE('',*,*,#4012,.F.);
#1786=ORIENTED_EDGE('',*,*,#4014,.F.);
#1787=ORIENTED_EDGE('',*,*,#4016,.F.);
#1788=ORIENTED_EDGE('',*,*,#4018,.F.);
#1789=ORIENTED_EDGE('',*,*,#4020,.F.);
#1790=ORIENTED_EDGE('',*,*,#4022,.F.);
#1791=ORIENTED_EDGE('',*,*,#4023,.F.);
#1792=ORIENTED_EDGE('',*,*,#3544,.F.);
#1793=ORIENTED_EDGE('',*,*,#4024,.F.);
#1794=ORIENTED_EDGE('',*,*,#4025,.T.);
#1795=ORIENTED_EDGE('',*,*,#4026,.T.);
#1796=ORIENTED_EDGE('',*,*,#3571,.F.);
#1797=ORIENTED_EDGE('',*,*,#4027,.F.);
#1798=ORIENTED_EDGE('',*,*,#4028,.T.);
#1799=ORIENTED_EDGE('',*,*,#4024,.T.);
#1800=ORIENTED_EDGE('',*,*,#3570,.F.);
#1801=ORIENTED_EDGE('',*,*,#4029,.F.);
#1802=ORIENTED_EDGE('',*,*,#4030,.T.);
#1803=ORIENTED_EDGE('',*,*,#4027,.T.);
#1804=ORIENTED_EDGE('',*,*,#3569,.F.);
#1805=ORIENTED_EDGE('',*,*,#4031,.F.);
#1806=ORIENTED_EDGE('',*,*,#4032,.T.);
#1807=ORIENTED_EDGE('',*,*,#4029,.T.);
#1808=ORIENTED_EDGE('',*,*,#3568,.F.);
#1809=ORIENTED_EDGE('',*,*,#4033,.F.);
#1810=ORIENTED_EDGE('',*,*,#4034,.T.);
#1811=ORIENTED_EDGE('',*,*,#4031,.T.);
#1812=ORIENTED_EDGE('',*,*,#3567,.F.);
#1813=ORIENTED_EDGE('',*,*,#4035,.F.);
#1814=ORIENTED_EDGE('',*,*,#4036,.T.);
#1815=ORIENTED_EDGE('',*,*,#4033,.T.);
#1816=ORIENTED_EDGE('',*,*,#3566,.F.);
#1817=ORIENTED_EDGE('',*,*,#4037,.F.);
#1818=ORIENTED_EDGE('',*,*,#4038,.T.);
#1819=ORIENTED_EDGE('',*,*,#4035,.T.);
#1820=ORIENTED_EDGE('',*,*,#3565,.F.);
#1821=ORIENTED_EDGE('',*,*,#4039,.F.);
#1822=ORIENTED_EDGE('',*,*,#4040,.T.);
#1823=ORIENTED_EDGE('',*,*,#4037,.T.);
#1824=ORIENTED_EDGE('',*,*,#3564,.F.);
#1825=ORIENTED_EDGE('',*,*,#4041,.F.);
#1826=ORIENTED_EDGE('',*,*,#4042,.T.);
#1827=ORIENTED_EDGE('',*,*,#4039,.T.);
#1828=ORIENTED_EDGE('',*,*,#3563,.F.);
#1829=ORIENTED_EDGE('',*,*,#4043,.F.);
#1830=ORIENTED_EDGE('',*,*,#4044,.T.);
#1831=ORIENTED_EDGE('',*,*,#4041,.T.);
#1832=ORIENTED_EDGE('',*,*,#3562,.F.);
#1833=ORIENTED_EDGE('',*,*,#4045,.F.);
#1834=ORIENTED_EDGE('',*,*,#4046,.T.);
#1835=ORIENTED_EDGE('',*,*,#4043,.T.);
#1836=ORIENTED_EDGE('',*,*,#3561,.F.);
#1837=ORIENTED_EDGE('',*,*,#4047,.F.);
#1838=ORIENTED_EDGE('',*,*,#4048,.T.);
#1839=ORIENTED_EDGE('',*,*,#4045,.T.);
#1840=ORIENTED_EDGE('',*,*,#3560,.F.);
#1841=ORIENTED_EDGE('',*,*,#4049,.F.);
#1842=ORIENTED_EDGE('',*,*,#4050,.T.);
#1843=ORIENTED_EDGE('',*,*,#4047,.T.);
#1844=ORIENTED_EDGE('',*,*,#3559,.F.);
#1845=ORIENTED_EDGE('',*,*,#4051,.F.);
#1846=ORIENTED_EDGE('',*,*,#4052,.T.);
#1847=ORIENTED_EDGE('',*,*,#4049,.T.);
#1848=ORIENTED_EDGE('',*,*,#3558,.F.);
#1849=ORIENTED_EDGE('',*,*,#4053,.F.);
#1850=ORIENTED_EDGE('',*,*,#4054,.T.);
#1851=ORIENTED_EDGE('',*,*,#4051,.T.);
#1852=ORIENTED_EDGE('',*,*,#3557,.F.);
#1853=ORIENTED_EDGE('',*,*,#4055,.F.);
#1854=ORIENTED_EDGE('',*,*,#4056,.T.);
#1855=ORIENTED_EDGE('',*,*,#4053,.T.);
#1856=ORIENTED_EDGE('',*,*,#3556,.F.);
#1857=ORIENTED_EDGE('',*,*,#4057,.F.);
#1858=ORIENTED_EDGE('',*,*,#4058,.T.);
#1859=ORIENTED_EDGE('',*,*,#4055,.T.);
#1860=ORIENTED_EDGE('',*,*,#3555,.F.);
#1861=ORIENTED_EDGE('',*,*,#4059,.F.);
#1862=ORIENTED_EDGE('',*,*,#4060,.T.);
#1863=ORIENTED_EDGE('',*,*,#4057,.T.);
#1864=ORIENTED_EDGE('',*,*,#3554,.F.);
#1865=ORIENTED_EDGE('',*,*,#4061,.F.);
#1866=ORIENTED_EDGE('',*,*,#4062,.T.);
#1867=ORIENTED_EDGE('',*,*,#4059,.T.);
#1868=ORIENTED_EDGE('',*,*,#3553,.F.);
#1869=ORIENTED_EDGE('',*,*,#4063,.F.);
#1870=ORIENTED_EDGE('',*,*,#4064,.T.);
#1871=ORIENTED_EDGE('',*,*,#4061,.T.);
#1872=ORIENTED_EDGE('',*,*,#3552,.F.);
#1873=ORIENTED_EDGE('',*,*,#4065,.F.);
#1874=ORIENTED_EDGE('',*,*,#4066,.T.);
#1875=ORIENTED_EDGE('',*,*,#4063,.T.);
#1876=ORIENTED_EDGE('',*,*,#3551,.F.);
#1877=ORIENTED_EDGE('',*,*,#4067,.F.);
#1878=ORIENTED_EDGE('',*,*,#4068,.T.);
#1879=ORIENTED_EDGE('',*,*,#4065,.T.);
#1880=ORIENTED_EDGE('',*,*,#3550,.F.);
#1881=ORIENTED_EDGE('',*,*,#4069,.F.);
#1882=ORIENTED_EDGE('',*,*,#4070,.T.);
#1883=ORIENTED_EDGE('',*,*,#4067,.T.);
#1884=ORIENTED_EDGE('',*,*,#3549,.F.);
#1885=ORIENTED_EDGE('',*,*,#4071,.F.);
#1886=ORIENTED_EDGE('',*,*,#4072,.T.);
#1887=ORIENTED_EDGE('',*,*,#4069,.T.);
#1888=ORIENTED_EDGE('',*,*,#3548,.F.);
#1889=ORIENTED_EDGE('',*,*,#4073,.F.);
#1890=ORIENTED_EDGE('',*,*,#4074,.T.);
#1891=ORIENTED_EDGE('',*,*,#4071,.T.);
#1892=ORIENTED_EDGE('',*,*,#3547,.F.);
#1893=ORIENTED_EDGE('',*,*,#4075,.F.);
#1894=ORIENTED_EDGE('',*,*,#4076,.T.);
#1895=ORIENTED_EDGE('',*,*,#4073,.T.);
#1896=ORIENTED_EDGE('',*,*,#3546,.F.);
#1897=ORIENTED_EDGE('',*,*,#4077,.F.);
#1898=ORIENTED_EDGE('',*,*,#4078,.T.);
#1899=ORIENTED_EDGE('',*,*,#4075,.T.);
#1900=ORIENTED_EDGE('',*,*,#3545,.F.);
#1901=ORIENTED_EDGE('',*,*,#4026,.F.);
#1902=ORIENTED_EDGE('',*,*,#4079,.T.);
#1903=ORIENTED_EDGE('',*,*,#4077,.T.);
#1904=ORIENTED_EDGE('',*,*,#4025,.F.);
#1905=ORIENTED_EDGE('',*,*,#4028,.F.);
#1906=ORIENTED_EDGE('',*,*,#4030,.F.);
#1907=ORIENTED_EDGE('',*,*,#4032,.F.);
#1908=ORIENTED_EDGE('',*,*,#4034,.F.);
#1909=ORIENTED_EDGE('',*,*,#4036,.F.);
#1910=ORIENTED_EDGE('',*,*,#4038,.F.);
#1911=ORIENTED_EDGE('',*,*,#4040,.F.);
#1912=ORIENTED_EDGE('',*,*,#4042,.F.);
#1913=ORIENTED_EDGE('',*,*,#4044,.F.);
#1914=ORIENTED_EDGE('',*,*,#4046,.F.);
#1915=ORIENTED_EDGE('',*,*,#4048,.F.);
#1916=ORIENTED_EDGE('',*,*,#4050,.F.);
#1917=ORIENTED_EDGE('',*,*,#4052,.F.);
#1918=ORIENTED_EDGE('',*,*,#4054,.F.);
#1919=ORIENTED_EDGE('',*,*,#4056,.F.);
#1920=ORIENTED_EDGE('',*,*,#4058,.F.);
#1921=ORIENTED_EDGE('',*,*,#4060,.F.);
#1922=ORIENTED_EDGE('',*,*,#4062,.F.);
#1923=ORIENTED_EDGE('',*,*,#4064,.F.);
#1924=ORIENTED_EDGE('',*,*,#4066,.F.);
#1925=ORIENTED_EDGE('',*,*,#4068,.F.);
#1926=ORIENTED_EDGE('',*,*,#4070,.F.);
#1927=ORIENTED_EDGE('',*,*,#4072,.F.);
#1928=ORIENTED_EDGE('',*,*,#4074,.F.);
#1929=ORIENTED_EDGE('',*,*,#4076,.F.);
#1930=ORIENTED_EDGE('',*,*,#4078,.F.);
#1931=ORIENTED_EDGE('',*,*,#4079,.F.);
#1932=ORIENTED_EDGE('',*,*,#3610,.F.);
#1933=ORIENTED_EDGE('',*,*,#4080,.F.);
#1934=ORIENTED_EDGE('',*,*,#4081,.T.);
#1935=ORIENTED_EDGE('',*,*,#4082,.T.);
#1936=ORIENTED_EDGE('',*,*,#3634,.F.);
#1937=ORIENTED_EDGE('',*,*,#4083,.F.);
#1938=ORIENTED_EDGE('',*,*,#4084,.T.);
#1939=ORIENTED_EDGE('',*,*,#4080,.T.);
#1940=ORIENTED_EDGE('',*,*,#3633,.F.);
#1941=ORIENTED_EDGE('',*,*,#4085,.F.);
#1942=ORIENTED_EDGE('',*,*,#4086,.T.);
#1943=ORIENTED_EDGE('',*,*,#4083,.T.);
#1944=ORIENTED_EDGE('',*,*,#3632,.F.);
#1945=ORIENTED_EDGE('',*,*,#4087,.F.);
#1946=ORIENTED_EDGE('',*,*,#4088,.T.);
#1947=ORIENTED_EDGE('',*,*,#4085,.T.);
#1948=ORIENTED_EDGE('',*,*,#3631,.F.);
#1949=ORIENTED_EDGE('',*,*,#4089,.F.);
#1950=ORIENTED_EDGE('',*,*,#4090,.T.);
#1951=ORIENTED_EDGE('',*,*,#4087,.T.);
#1952=ORIENTED_EDGE('',*,*,#3630,.F.);
#1953=ORIENTED_EDGE('',*,*,#4091,.F.);
#1954=ORIENTED_EDGE('',*,*,#4092,.T.);
#1955=ORIENTED_EDGE('',*,*,#4089,.T.);
#1956=ORIENTED_EDGE('',*,*,#3629,.F.);
#1957=ORIENTED_EDGE('',*,*,#4093,.F.);
#1958=ORIENTED_EDGE('',*,*,#4094,.T.);
#1959=ORIENTED_EDGE('',*,*,#4091,.T.);
#1960=ORIENTED_EDGE('',*,*,#3628,.F.);
#1961=ORIENTED_EDGE('',*,*,#4095,.F.);
#1962=ORIENTED_EDGE('',*,*,#4096,.T.);
#1963=ORIENTED_EDGE('',*,*,#4093,.T.);
#1964=ORIENTED_EDGE('',*,*,#3627,.F.);
#1965=ORIENTED_EDGE('',*,*,#4097,.F.);
#1966=ORIENTED_EDGE('',*,*,#4098,.T.);
#1967=ORIENTED_EDGE('',*,*,#4095,.T.);
#1968=ORIENTED_EDGE('',*,*,#3626,.F.);
#1969=ORIENTED_EDGE('',*,*,#4099,.F.);
#1970=ORIENTED_EDGE('',*,*,#4100,.T.);
#1971=ORIENTED_EDGE('',*,*,#4097,.T.);
#1972=ORIENTED_EDGE('',*,*,#3625,.F.);
#1973=ORIENTED_EDGE('',*,*,#4101,.F.);
#1974=ORIENTED_EDGE('',*,*,#4102,.T.);
#1975=ORIENTED_EDGE('',*,*,#4099,.T.);
#1976=ORIENTED_EDGE('',*,*,#3624,.F.);
#1977=ORIENTED_EDGE('',*,*,#4103,.F.);
#1978=ORIENTED_EDGE('',*,*,#4104,.T.);
#1979=ORIENTED_EDGE('',*,*,#4101,.T.);
#1980=ORIENTED_EDGE('',*,*,#3623,.F.);
#1981=ORIENTED_EDGE('',*,*,#4105,.F.);
#1982=ORIENTED_EDGE('',*,*,#4106,.T.);
#1983=ORIENTED_EDGE('',*,*,#4103,.T.);
#1984=ORIENTED_EDGE('',*,*,#3622,.F.);
#1985=ORIENTED_EDGE('',*,*,#4107,.F.);
#1986=ORIENTED_EDGE('',*,*,#4108,.T.);
#1987=ORIENTED_EDGE('',*,*,#4105,.T.);
#1988=ORIENTED_EDGE('',*,*,#3621,.F.);
#1989=ORIENTED_EDGE('',*,*,#4109,.F.);
#1990=ORIENTED_EDGE('',*,*,#4110,.T.);
#1991=ORIENTED_EDGE('',*,*,#4107,.T.);
#1992=ORIENTED_EDGE('',*,*,#3620,.F.);
#1993=ORIENTED_EDGE('',*,*,#4111,.F.);
#1994=ORIENTED_EDGE('',*,*,#4112,.T.);
#1995=ORIENTED_EDGE('',*,*,#4109,.T.);
#1996=ORIENTED_EDGE('',*,*,#3619,.F.);
#1997=ORIENTED_EDGE('',*,*,#4113,.F.);
#1998=ORIENTED_EDGE('',*,*,#4114,.T.);
#1999=ORIENTED_EDGE('',*,*,#4111,.T.);
#2000=ORIENTED_EDGE('',*,*,#3618,.F.);
#2001=ORIENTED_EDGE('',*,*,#4115,.F.);
#2002=ORIENTED_EDGE('',*,*,#4116,.T.);
#2003=ORIENTED_EDGE('',*,*,#4113,.T.);
#2004=ORIENTED_EDGE('',*,*,#3617,.F.);
#2005=ORIENTED_EDGE('',*,*,#4117,.F.);
#2006=ORIENTED_EDGE('',*,*,#4118,.T.);
#2007=ORIENTED_EDGE('',*,*,#4115,.T.);
#2008=ORIENTED_EDGE('',*,*,#3616,.F.);
#2009=ORIENTED_EDGE('',*,*,#4119,.F.);
#2010=ORIENTED_EDGE('',*,*,#4120,.T.);
#2011=ORIENTED_EDGE('',*,*,#4117,.T.);
#2012=ORIENTED_EDGE('',*,*,#3615,.F.);
#2013=ORIENTED_EDGE('',*,*,#4121,.F.);
#2014=ORIENTED_EDGE('',*,*,#4122,.T.);
#2015=ORIENTED_EDGE('',*,*,#4119,.T.);
#2016=ORIENTED_EDGE('',*,*,#3614,.F.);
#2017=ORIENTED_EDGE('',*,*,#4123,.F.);
#2018=ORIENTED_EDGE('',*,*,#4124,.T.);
#2019=ORIENTED_EDGE('',*,*,#4121,.T.);
#2020=ORIENTED_EDGE('',*,*,#3613,.F.);
#2021=ORIENTED_EDGE('',*,*,#4125,.F.);
#2022=ORIENTED_EDGE('',*,*,#4126,.T.);
#2023=ORIENTED_EDGE('',*,*,#4123,.T.);
#2024=ORIENTED_EDGE('',*,*,#3612,.F.);
#2025=ORIENTED_EDGE('',*,*,#4127,.F.);
#2026=ORIENTED_EDGE('',*,*,#4128,.T.);
#2027=ORIENTED_EDGE('',*,*,#4125,.T.);
#2028=ORIENTED_EDGE('',*,*,#3611,.F.);
#2029=ORIENTED_EDGE('',*,*,#4082,.F.);
#2030=ORIENTED_EDGE('',*,*,#4129,.T.);
#2031=ORIENTED_EDGE('',*,*,#4127,.T.);
#2032=ORIENTED_EDGE('',*,*,#4081,.F.);
#2033=ORIENTED_EDGE('',*,*,#4084,.F.);
#2034=ORIENTED_EDGE('',*,*,#4086,.F.);
#2035=ORIENTED_EDGE('',*,*,#4088,.F.);
#2036=ORIENTED_EDGE('',*,*,#4090,.F.);
#2037=ORIENTED_EDGE('',*,*,#4092,.F.);
#2038=ORIENTED_EDGE('',*,*,#4094,.F.);
#2039=ORIENTED_EDGE('',*,*,#4096,.F.);
#2040=ORIENTED_EDGE('',*,*,#4098,.F.);
#2041=ORIENTED_EDGE('',*,*,#4100,.F.);
#2042=ORIENTED_EDGE('',*,*,#4102,.F.);
#2043=ORIENTED_EDGE('',*,*,#4104,.F.);
#2044=ORIENTED_EDGE('',*,*,#4106,.F.);
#2045=ORIENTED_EDGE('',*,*,#4108,.F.);
#2046=ORIENTED_EDGE('',*,*,#4110,.F.);
#2047=ORIENTED_EDGE('',*,*,#4112,.F.);
#2048=ORIENTED_EDGE('',*,*,#4114,.F.);
#2049=ORIENTED_EDGE('',*,*,#4116,.F.);
#2050=ORIENTED_EDGE('',*,*,#4118,.F.);
#2051=ORIENTED_EDGE('',*,*,#4120,.F.);
#2052=ORIENTED_EDGE('',*,*,#4122,.F.);
#2053=ORIENTED_EDGE('',*,*,#4124,.F.);
#2054=ORIENTED_EDGE('',*,*,#4126,.F.);
#2055=ORIENTED_EDGE('',*,*,#4128,.F.);
#2056=ORIENTED_EDGE('',*,*,#4129,.F.);
#2057=ORIENTED_EDGE('',*,*,#3519,.F.);
#2058=ORIENTED_EDGE('',*,*,#4130,.F.);
#2059=ORIENTED_EDGE('',*,*,#4131,.T.);
#2060=ORIENTED_EDGE('',*,*,#4132,.T.);
#2061=ORIENTED_EDGE('',*,*,#3543,.F.);
#2062=ORIENTED_EDGE('',*,*,#4133,.F.);
#2063=ORIENTED_EDGE('',*,*,#4134,.T.);
#2064=ORIENTED_EDGE('',*,*,#4130,.T.);
#2065=ORIENTED_EDGE('',*,*,#3542,.F.);
#2066=ORIENTED_EDGE('',*,*,#4135,.F.);
#2067=ORIENTED_EDGE('',*,*,#4136,.T.);
#2068=ORIENTED_EDGE('',*,*,#4133,.T.);
#2069=ORIENTED_EDGE('',*,*,#3541,.F.);
#2070=ORIENTED_EDGE('',*,*,#4137,.F.);
#2071=ORIENTED_EDGE('',*,*,#4138,.T.);
#2072=ORIENTED_EDGE('',*,*,#4135,.T.);
#2073=ORIENTED_EDGE('',*,*,#3540,.F.);
#2074=ORIENTED_EDGE('',*,*,#4139,.F.);
#2075=ORIENTED_EDGE('',*,*,#4140,.T.);
#2076=ORIENTED_EDGE('',*,*,#4137,.T.);
#2077=ORIENTED_EDGE('',*,*,#3539,.F.);
#2078=ORIENTED_EDGE('',*,*,#4141,.F.);
#2079=ORIENTED_EDGE('',*,*,#4142,.T.);
#2080=ORIENTED_EDGE('',*,*,#4139,.T.);
#2081=ORIENTED_EDGE('',*,*,#3538,.F.);
#2082=ORIENTED_EDGE('',*,*,#4143,.F.);
#2083=ORIENTED_EDGE('',*,*,#4144,.T.);
#2084=ORIENTED_EDGE('',*,*,#4141,.T.);
#2085=ORIENTED_EDGE('',*,*,#3537,.F.);
#2086=ORIENTED_EDGE('',*,*,#4145,.F.);
#2087=ORIENTED_EDGE('',*,*,#4146,.T.);
#2088=ORIENTED_EDGE('',*,*,#4143,.T.);
#2089=ORIENTED_EDGE('',*,*,#3536,.F.);
#2090=ORIENTED_EDGE('',*,*,#4147,.F.);
#2091=ORIENTED_EDGE('',*,*,#4148,.T.);
#2092=ORIENTED_EDGE('',*,*,#4145,.T.);
#2093=ORIENTED_EDGE('',*,*,#3535,.F.);
#2094=ORIENTED_EDGE('',*,*,#4149,.F.);
#2095=ORIENTED_EDGE('',*,*,#4150,.T.);
#2096=ORIENTED_EDGE('',*,*,#4147,.T.);
#2097=ORIENTED_EDGE('',*,*,#3534,.F.);
#2098=ORIENTED_EDGE('',*,*,#4151,.F.);
#2099=ORIENTED_EDGE('',*,*,#4152,.T.);
#2100=ORIENTED_EDGE('',*,*,#4149,.T.);
#2101=ORIENTED_EDGE('',*,*,#3533,.F.);
#2102=ORIENTED_EDGE('',*,*,#4153,.F.);
#2103=ORIENTED_EDGE('',*,*,#4154,.T.);
#2104=ORIENTED_EDGE('',*,*,#4151,.T.);
#2105=ORIENTED_EDGE('',*,*,#3532,.F.);
#2106=ORIENTED_EDGE('',*,*,#4155,.F.);
#2107=ORIENTED_EDGE('',*,*,#4156,.T.);
#2108=ORIENTED_EDGE('',*,*,#4153,.T.);
#2109=ORIENTED_EDGE('',*,*,#3531,.F.);
#2110=ORIENTED_EDGE('',*,*,#4157,.F.);
#2111=ORIENTED_EDGE('',*,*,#4158,.T.);
#2112=ORIENTED_EDGE('',*,*,#4155,.T.);
#2113=ORIENTED_EDGE('',*,*,#3530,.F.);
#2114=ORIENTED_EDGE('',*,*,#4159,.F.);
#2115=ORIENTED_EDGE('',*,*,#4160,.T.);
#2116=ORIENTED_EDGE('',*,*,#4157,.T.);
#2117=ORIENTED_EDGE('',*,*,#3529,.F.);
#2118=ORIENTED_EDGE('',*,*,#4161,.F.);
#2119=ORIENTED_EDGE('',*,*,#4162,.T.);
#2120=ORIENTED_EDGE('',*,*,#4159,.T.);
#2121=ORIENTED_EDGE('',*,*,#3528,.F.);
#2122=ORIENTED_EDGE('',*,*,#4163,.F.);
#2123=ORIENTED_EDGE('',*,*,#4164,.T.);
#2124=ORIENTED_EDGE('',*,*,#4161,.T.);
#2125=ORIENTED_EDGE('',*,*,#3527,.F.);
#2126=ORIENTED_EDGE('',*,*,#4165,.F.);
#2127=ORIENTED_EDGE('',*,*,#4166,.T.);
#2128=ORIENTED_EDGE('',*,*,#4163,.T.);
#2129=ORIENTED_EDGE('',*,*,#3526,.F.);
#2130=ORIENTED_EDGE('',*,*,#4167,.F.);
#2131=ORIENTED_EDGE('',*,*,#4168,.T.);
#2132=ORIENTED_EDGE('',*,*,#4165,.T.);
#2133=ORIENTED_EDGE('',*,*,#3525,.F.);
#2134=ORIENTED_EDGE('',*,*,#4169,.F.);
#2135=ORIENTED_EDGE('',*,*,#4170,.T.);
#2136=ORIENTED_EDGE('',*,*,#4167,.T.);
#2137=ORIENTED_EDGE('',*,*,#3524,.F.);
#2138=ORIENTED_EDGE('',*,*,#4171,.F.);
#2139=ORIENTED_EDGE('',*,*,#4172,.T.);
#2140=ORIENTED_EDGE('',*,*,#4169,.T.);
#2141=ORIENTED_EDGE('',*,*,#3523,.F.);
#2142=ORIENTED_EDGE('',*,*,#4173,.F.);
#2143=ORIENTED_EDGE('',*,*,#4174,.T.);
#2144=ORIENTED_EDGE('',*,*,#4171,.T.);
#2145=ORIENTED_EDGE('',*,*,#3522,.F.);
#2146=ORIENTED_EDGE('',*,*,#4175,.F.);
#2147=ORIENTED_EDGE('',*,*,#4176,.T.);
#2148=ORIENTED_EDGE('',*,*,#4173,.T.);
#2149=ORIENTED_EDGE('',*,*,#3521,.F.);
#2150=ORIENTED_EDGE('',*,*,#4177,.F.);
#2151=ORIENTED_EDGE('',*,*,#4178,.T.);
#2152=ORIENTED_EDGE('',*,*,#4175,.T.);
#2153=ORIENTED_EDGE('',*,*,#3520,.F.);
#2154=ORIENTED_EDGE('',*,*,#4132,.F.);
#2155=ORIENTED_EDGE('',*,*,#4179,.T.);
#2156=ORIENTED_EDGE('',*,*,#4177,.T.);
#2157=ORIENTED_EDGE('',*,*,#4131,.F.);
#2158=ORIENTED_EDGE('',*,*,#4134,.F.);
#2159=ORIENTED_EDGE('',*,*,#4136,.F.);
#2160=ORIENTED_EDGE('',*,*,#4138,.F.);
#2161=ORIENTED_EDGE('',*,*,#4140,.F.);
#2162=ORIENTED_EDGE('',*,*,#4142,.F.);
#2163=ORIENTED_EDGE('',*,*,#4144,.F.);
#2164=ORIENTED_EDGE('',*,*,#4146,.F.);
#2165=ORIENTED_EDGE('',*,*,#4148,.F.);
#2166=ORIENTED_EDGE('',*,*,#4150,.F.);
#2167=ORIENTED_EDGE('',*,*,#4152,.F.);
#2168=ORIENTED_EDGE('',*,*,#4154,.F.);
#2169=ORIENTED_EDGE('',*,*,#4156,.F.);
#2170=ORIENTED_EDGE('',*,*,#4158,.F.);
#2171=ORIENTED_EDGE('',*,*,#4160,.F.);
#2172=ORIENTED_EDGE('',*,*,#4162,.F.);
#2173=ORIENTED_EDGE('',*,*,#4164,.F.);
#2174=ORIENTED_EDGE('',*,*,#4166,.F.);
#2175=ORIENTED_EDGE('',*,*,#4168,.F.);
#2176=ORIENTED_EDGE('',*,*,#4170,.F.);
#2177=ORIENTED_EDGE('',*,*,#4172,.F.);
#2178=ORIENTED_EDGE('',*,*,#4174,.F.);
#2179=ORIENTED_EDGE('',*,*,#4176,.F.);
#2180=ORIENTED_EDGE('',*,*,#4178,.F.);
#2181=ORIENTED_EDGE('',*,*,#4179,.F.);
#2182=ORIENTED_EDGE('',*,*,#4180,.F.);
#2183=ORIENTED_EDGE('',*,*,#4181,.F.);
#2184=ORIENTED_EDGE('',*,*,#4182,.T.);
#2185=ORIENTED_EDGE('',*,*,#4183,.T.);
#2186=ORIENTED_EDGE('',*,*,#4184,.F.);
#2187=ORIENTED_EDGE('',*,*,#4185,.F.);
#2188=ORIENTED_EDGE('',*,*,#4186,.T.);
#2189=ORIENTED_EDGE('',*,*,#4181,.T.);
#2190=ORIENTED_EDGE('',*,*,#4187,.F.);
#2191=ORIENTED_EDGE('',*,*,#4188,.F.);
#2192=ORIENTED_EDGE('',*,*,#4189,.T.);
#2193=ORIENTED_EDGE('',*,*,#4185,.T.);
#2194=ORIENTED_EDGE('',*,*,#4190,.F.);
#2195=ORIENTED_EDGE('',*,*,#4191,.F.);
#2196=ORIENTED_EDGE('',*,*,#4192,.T.);
#2197=ORIENTED_EDGE('',*,*,#4188,.T.);
#2198=ORIENTED_EDGE('',*,*,#4193,.F.);
#2199=ORIENTED_EDGE('',*,*,#4194,.F.);
#2200=ORIENTED_EDGE('',*,*,#4195,.T.);
#2201=ORIENTED_EDGE('',*,*,#4191,.T.);
#2202=ORIENTED_EDGE('',*,*,#4196,.F.);
#2203=ORIENTED_EDGE('',*,*,#4197,.F.);
#2204=ORIENTED_EDGE('',*,*,#4198,.T.);
#2205=ORIENTED_EDGE('',*,*,#4194,.T.);
#2206=ORIENTED_EDGE('',*,*,#4199,.F.);
#2207=ORIENTED_EDGE('',*,*,#4200,.F.);
#2208=ORIENTED_EDGE('',*,*,#4201,.T.);
#2209=ORIENTED_EDGE('',*,*,#4197,.T.);
#2210=ORIENTED_EDGE('',*,*,#4202,.F.);
#2211=ORIENTED_EDGE('',*,*,#4203,.F.);
#2212=ORIENTED_EDGE('',*,*,#4204,.T.);
#2213=ORIENTED_EDGE('',*,*,#4200,.T.);
#2214=ORIENTED_EDGE('',*,*,#4205,.F.);
#2215=ORIENTED_EDGE('',*,*,#4206,.F.);
#2216=ORIENTED_EDGE('',*,*,#4207,.T.);
#2217=ORIENTED_EDGE('',*,*,#4203,.T.);
#2218=ORIENTED_EDGE('',*,*,#4208,.F.);
#2219=ORIENTED_EDGE('',*,*,#4209,.F.);
#2220=ORIENTED_EDGE('',*,*,#4210,.T.);
#2221=ORIENTED_EDGE('',*,*,#4206,.T.);
#2222=ORIENTED_EDGE('',*,*,#4211,.F.);
#2223=ORIENTED_EDGE('',*,*,#4212,.F.);
#2224=ORIENTED_EDGE('',*,*,#4213,.T.);
#2225=ORIENTED_EDGE('',*,*,#4209,.T.);
#2226=ORIENTED_EDGE('',*,*,#4214,.F.);
#2227=ORIENTED_EDGE('',*,*,#4215,.F.);
#2228=ORIENTED_EDGE('',*,*,#4216,.T.);
#2229=ORIENTED_EDGE('',*,*,#4212,.T.);
#2230=ORIENTED_EDGE('',*,*,#4217,.F.);
#2231=ORIENTED_EDGE('',*,*,#4218,.F.);
#2232=ORIENTED_EDGE('',*,*,#4219,.T.);
#2233=ORIENTED_EDGE('',*,*,#4215,.T.);
#2234=ORIENTED_EDGE('',*,*,#4220,.F.);
#2235=ORIENTED_EDGE('',*,*,#4221,.F.);
#2236=ORIENTED_EDGE('',*,*,#4222,.T.);
#2237=ORIENTED_EDGE('',*,*,#4218,.T.);
#2238=ORIENTED_EDGE('',*,*,#4223,.F.);
#2239=ORIENTED_EDGE('',*,*,#4224,.F.);
#2240=ORIENTED_EDGE('',*,*,#4225,.T.);
#2241=ORIENTED_EDGE('',*,*,#4221,.T.);
#2242=ORIENTED_EDGE('',*,*,#3635,.F.);
#2243=ORIENTED_EDGE('',*,*,#4226,.F.);
#2244=ORIENTED_EDGE('',*,*,#4227,.T.);
#2245=ORIENTED_EDGE('',*,*,#4228,.T.);
#2246=ORIENTED_EDGE('',*,*,#3668,.F.);
#2247=ORIENTED_EDGE('',*,*,#4229,.F.);
#2248=ORIENTED_EDGE('',*,*,#4230,.T.);
#2249=ORIENTED_EDGE('',*,*,#4226,.T.);
#2250=ORIENTED_EDGE('',*,*,#3667,.F.);
#2251=ORIENTED_EDGE('',*,*,#4231,.F.);
#2252=ORIENTED_EDGE('',*,*,#4232,.T.);
#2253=ORIENTED_EDGE('',*,*,#4229,.T.);
#2254=ORIENTED_EDGE('',*,*,#3666,.F.);
#2255=ORIENTED_EDGE('',*,*,#4233,.F.);
#2256=ORIENTED_EDGE('',*,*,#4234,.T.);
#2257=ORIENTED_EDGE('',*,*,#4231,.T.);
#2258=ORIENTED_EDGE('',*,*,#3665,.F.);
#2259=ORIENTED_EDGE('',*,*,#4235,.F.);
#2260=ORIENTED_EDGE('',*,*,#4236,.T.);
#2261=ORIENTED_EDGE('',*,*,#4233,.T.);
#2262=ORIENTED_EDGE('',*,*,#3664,.F.);
#2263=ORIENTED_EDGE('',*,*,#4237,.F.);
#2264=ORIENTED_EDGE('',*,*,#4238,.T.);
#2265=ORIENTED_EDGE('',*,*,#4235,.T.);
#2266=ORIENTED_EDGE('',*,*,#3663,.F.);
#2267=ORIENTED_EDGE('',*,*,#4239,.F.);
#2268=ORIENTED_EDGE('',*,*,#4240,.T.);
#2269=ORIENTED_EDGE('',*,*,#4237,.T.);
#2270=ORIENTED_EDGE('',*,*,#3662,.F.);
#2271=ORIENTED_EDGE('',*,*,#4241,.F.);
#2272=ORIENTED_EDGE('',*,*,#4242,.T.);
#2273=ORIENTED_EDGE('',*,*,#4239,.T.);
#2274=ORIENTED_EDGE('',*,*,#3661,.F.);
#2275=ORIENTED_EDGE('',*,*,#4243,.F.);
#2276=ORIENTED_EDGE('',*,*,#4244,.T.);
#2277=ORIENTED_EDGE('',*,*,#4241,.T.);
#2278=ORIENTED_EDGE('',*,*,#3660,.F.);
#2279=ORIENTED_EDGE('',*,*,#4245,.F.);
#2280=ORIENTED_EDGE('',*,*,#4246,.T.);
#2281=ORIENTED_EDGE('',*,*,#4243,.T.);
#2282=ORIENTED_EDGE('',*,*,#3659,.F.);
#2283=ORIENTED_EDGE('',*,*,#4247,.F.);
#2284=ORIENTED_EDGE('',*,*,#4248,.T.);
#2285=ORIENTED_EDGE('',*,*,#4245,.T.);
#2286=ORIENTED_EDGE('',*,*,#3658,.F.);
#2287=ORIENTED_EDGE('',*,*,#4249,.F.);
#2288=ORIENTED_EDGE('',*,*,#4250,.T.);
#2289=ORIENTED_EDGE('',*,*,#4247,.T.);
#2290=ORIENTED_EDGE('',*,*,#3657,.F.);
#2291=ORIENTED_EDGE('',*,*,#4251,.F.);
#2292=ORIENTED_EDGE('',*,*,#4252,.T.);
#2293=ORIENTED_EDGE('',*,*,#4249,.T.);
#2294=ORIENTED_EDGE('',*,*,#3656,.F.);
#2295=ORIENTED_EDGE('',*,*,#4253,.F.);
#2296=ORIENTED_EDGE('',*,*,#4254,.T.);
#2297=ORIENTED_EDGE('',*,*,#4251,.T.);
#2298=ORIENTED_EDGE('',*,*,#3655,.F.);
#2299=ORIENTED_EDGE('',*,*,#4255,.F.);
#2300=ORIENTED_EDGE('',*,*,#4256,.T.);
#2301=ORIENTED_EDGE('',*,*,#4253,.T.);
#2302=ORIENTED_EDGE('',*,*,#3654,.F.);
#2303=ORIENTED_EDGE('',*,*,#4257,.F.);
#2304=ORIENTED_EDGE('',*,*,#4258,.T.);
#2305=ORIENTED_EDGE('',*,*,#4255,.T.);
#2306=ORIENTED_EDGE('',*,*,#3653,.F.);
#2307=ORIENTED_EDGE('',*,*,#4259,.F.);
#2308=ORIENTED_EDGE('',*,*,#4260,.T.);
#2309=ORIENTED_EDGE('',*,*,#4257,.T.);
#2310=ORIENTED_EDGE('',*,*,#3652,.F.);
#2311=ORIENTED_EDGE('',*,*,#4261,.F.);
#2312=ORIENTED_EDGE('',*,*,#4262,.T.);
#2313=ORIENTED_EDGE('',*,*,#4259,.T.);
#2314=ORIENTED_EDGE('',*,*,#3651,.F.);
#2315=ORIENTED_EDGE('',*,*,#4263,.F.);
#2316=ORIENTED_EDGE('',*,*,#4264,.T.);
#2317=ORIENTED_EDGE('',*,*,#4261,.T.);
#2318=ORIENTED_EDGE('',*,*,#3650,.F.);
#2319=ORIENTED_EDGE('',*,*,#4265,.F.);
#2320=ORIENTED_EDGE('',*,*,#4266,.T.);
#2321=ORIENTED_EDGE('',*,*,#4263,.T.);
#2322=ORIENTED_EDGE('',*,*,#3649,.F.);
#2323=ORIENTED_EDGE('',*,*,#4267,.F.);
#2324=ORIENTED_EDGE('',*,*,#4268,.T.);
#2325=ORIENTED_EDGE('',*,*,#4265,.T.);
#2326=ORIENTED_EDGE('',*,*,#3648,.F.);
#2327=ORIENTED_EDGE('',*,*,#4269,.F.);
#2328=ORIENTED_EDGE('',*,*,#4270,.T.);
#2329=ORIENTED_EDGE('',*,*,#4267,.T.);
#2330=ORIENTED_EDGE('',*,*,#3647,.F.);
#2331=ORIENTED_EDGE('',*,*,#4271,.F.);
#2332=ORIENTED_EDGE('',*,*,#4272,.T.);
#2333=ORIENTED_EDGE('',*,*,#4269,.T.);
#2334=ORIENTED_EDGE('',*,*,#3646,.F.);
#2335=ORIENTED_EDGE('',*,*,#4273,.F.);
#2336=ORIENTED_EDGE('',*,*,#4274,.T.);
#2337=ORIENTED_EDGE('',*,*,#4271,.T.);
#2338=ORIENTED_EDGE('',*,*,#3645,.F.);
#2339=ORIENTED_EDGE('',*,*,#4275,.F.);
#2340=ORIENTED_EDGE('',*,*,#4276,.T.);
#2341=ORIENTED_EDGE('',*,*,#4273,.T.);
#2342=ORIENTED_EDGE('',*,*,#3644,.F.);
#2343=ORIENTED_EDGE('',*,*,#4277,.F.);
#2344=ORIENTED_EDGE('',*,*,#4278,.T.);
#2345=ORIENTED_EDGE('',*,*,#4275,.T.);
#2346=ORIENTED_EDGE('',*,*,#3643,.F.);
#2347=ORIENTED_EDGE('',*,*,#4279,.F.);
#2348=ORIENTED_EDGE('',*,*,#4280,.T.);
#2349=ORIENTED_EDGE('',*,*,#4277,.T.);
#2350=ORIENTED_EDGE('',*,*,#3642,.F.);
#2351=ORIENTED_EDGE('',*,*,#4281,.F.);
#2352=ORIENTED_EDGE('',*,*,#4282,.T.);
#2353=ORIENTED_EDGE('',*,*,#4279,.T.);
#2354=ORIENTED_EDGE('',*,*,#3641,.F.);
#2355=ORIENTED_EDGE('',*,*,#4283,.F.);
#2356=ORIENTED_EDGE('',*,*,#4284,.T.);
#2357=ORIENTED_EDGE('',*,*,#4281,.T.);
#2358=ORIENTED_EDGE('',*,*,#3640,.F.);
#2359=ORIENTED_EDGE('',*,*,#4285,.F.);
#2360=ORIENTED_EDGE('',*,*,#4286,.T.);
#2361=ORIENTED_EDGE('',*,*,#4283,.T.);
#2362=ORIENTED_EDGE('',*,*,#3639,.F.);
#2363=ORIENTED_EDGE('',*,*,#4287,.F.);
#2364=ORIENTED_EDGE('',*,*,#4288,.T.);
#2365=ORIENTED_EDGE('',*,*,#4285,.T.);
#2366=ORIENTED_EDGE('',*,*,#3638,.F.);
#2367=ORIENTED_EDGE('',*,*,#4289,.F.);
#2368=ORIENTED_EDGE('',*,*,#4290,.T.);
#2369=ORIENTED_EDGE('',*,*,#4287,.T.);
#2370=ORIENTED_EDGE('',*,*,#3637,.F.);
#2371=ORIENTED_EDGE('',*,*,#4291,.F.);
#2372=ORIENTED_EDGE('',*,*,#4292,.T.);
#2373=ORIENTED_EDGE('',*,*,#4289,.T.);
#2374=ORIENTED_EDGE('',*,*,#3636,.F.);
#2375=ORIENTED_EDGE('',*,*,#4228,.F.);
#2376=ORIENTED_EDGE('',*,*,#4293,.T.);
#2377=ORIENTED_EDGE('',*,*,#4291,.T.);
#2378=ORIENTED_EDGE('',*,*,#4294,.F.);
#2379=ORIENTED_EDGE('',*,*,#4183,.F.);
#2380=ORIENTED_EDGE('',*,*,#4295,.T.);
#2381=ORIENTED_EDGE('',*,*,#4224,.T.);
#2382=ORIENTED_EDGE('',*,*,#4227,.F.);
#2383=ORIENTED_EDGE('',*,*,#4230,.F.);
#2384=ORIENTED_EDGE('',*,*,#4232,.F.);
#2385=ORIENTED_EDGE('',*,*,#4234,.F.);
#2386=ORIENTED_EDGE('',*,*,#4236,.F.);
#2387=ORIENTED_EDGE('',*,*,#4238,.F.);
#2388=ORIENTED_EDGE('',*,*,#4240,.F.);
#2389=ORIENTED_EDGE('',*,*,#4242,.F.);
#2390=ORIENTED_EDGE('',*,*,#4244,.F.);
#2391=ORIENTED_EDGE('',*,*,#4246,.F.);
#2392=ORIENTED_EDGE('',*,*,#4248,.F.);
#2393=ORIENTED_EDGE('',*,*,#4250,.F.);
#2394=ORIENTED_EDGE('',*,*,#4252,.F.);
#2395=ORIENTED_EDGE('',*,*,#4254,.F.);
#2396=ORIENTED_EDGE('',*,*,#4256,.F.);
#2397=ORIENTED_EDGE('',*,*,#4258,.F.);
#2398=ORIENTED_EDGE('',*,*,#4260,.F.);
#2399=ORIENTED_EDGE('',*,*,#4262,.F.);
#2400=ORIENTED_EDGE('',*,*,#4264,.F.);
#2401=ORIENTED_EDGE('',*,*,#4266,.F.);
#2402=ORIENTED_EDGE('',*,*,#4268,.F.);
#2403=ORIENTED_EDGE('',*,*,#4270,.F.);
#2404=ORIENTED_EDGE('',*,*,#4272,.F.);
#2405=ORIENTED_EDGE('',*,*,#4274,.F.);
#2406=ORIENTED_EDGE('',*,*,#4276,.F.);
#2407=ORIENTED_EDGE('',*,*,#4278,.F.);
#2408=ORIENTED_EDGE('',*,*,#4280,.F.);
#2409=ORIENTED_EDGE('',*,*,#4282,.F.);
#2410=ORIENTED_EDGE('',*,*,#4284,.F.);
#2411=ORIENTED_EDGE('',*,*,#4286,.F.);
#2412=ORIENTED_EDGE('',*,*,#4288,.F.);
#2413=ORIENTED_EDGE('',*,*,#4290,.F.);
#2414=ORIENTED_EDGE('',*,*,#4292,.F.);
#2415=ORIENTED_EDGE('',*,*,#4293,.F.);
#2416=ORIENTED_EDGE('',*,*,#4182,.F.);
#2417=ORIENTED_EDGE('',*,*,#4186,.F.);
#2418=ORIENTED_EDGE('',*,*,#4189,.F.);
#2419=ORIENTED_EDGE('',*,*,#4192,.F.);
#2420=ORIENTED_EDGE('',*,*,#4195,.F.);
#2421=ORIENTED_EDGE('',*,*,#4198,.F.);
#2422=ORIENTED_EDGE('',*,*,#4201,.F.);
#2423=ORIENTED_EDGE('',*,*,#4204,.F.);
#2424=ORIENTED_EDGE('',*,*,#4207,.F.);
#2425=ORIENTED_EDGE('',*,*,#4210,.F.);
#2426=ORIENTED_EDGE('',*,*,#4213,.F.);
#2427=ORIENTED_EDGE('',*,*,#4216,.F.);
#2428=ORIENTED_EDGE('',*,*,#4219,.F.);
#2429=ORIENTED_EDGE('',*,*,#4222,.F.);
#2430=ORIENTED_EDGE('',*,*,#4225,.F.);
#2431=ORIENTED_EDGE('',*,*,#4295,.F.);
#2432=ORIENTED_EDGE('',*,*,#4296,.F.);
#2433=ORIENTED_EDGE('',*,*,#4297,.F.);
#2434=ORIENTED_EDGE('',*,*,#4298,.T.);
#2435=ORIENTED_EDGE('',*,*,#4299,.T.);
#2436=ORIENTED_EDGE('',*,*,#4300,.F.);
#2437=ORIENTED_EDGE('',*,*,#4301,.F.);
#2438=ORIENTED_EDGE('',*,*,#4302,.T.);
#2439=ORIENTED_EDGE('',*,*,#4297,.T.);
#2440=ORIENTED_EDGE('',*,*,#4303,.F.);
#2441=ORIENTED_EDGE('',*,*,#4304,.F.);
#2442=ORIENTED_EDGE('',*,*,#4305,.T.);
#2443=ORIENTED_EDGE('',*,*,#4301,.T.);
#2444=ORIENTED_EDGE('',*,*,#4306,.F.);
#2445=ORIENTED_EDGE('',*,*,#4307,.F.);
#2446=ORIENTED_EDGE('',*,*,#4308,.T.);
#2447=ORIENTED_EDGE('',*,*,#4304,.T.);
#2448=ORIENTED_EDGE('',*,*,#4309,.F.);
#2449=ORIENTED_EDGE('',*,*,#4310,.F.);
#2450=ORIENTED_EDGE('',*,*,#4311,.T.);
#2451=ORIENTED_EDGE('',*,*,#4307,.T.);
#2452=ORIENTED_EDGE('',*,*,#4312,.F.);
#2453=ORIENTED_EDGE('',*,*,#4313,.F.);
#2454=ORIENTED_EDGE('',*,*,#4314,.T.);
#2455=ORIENTED_EDGE('',*,*,#4310,.T.);
#2456=ORIENTED_EDGE('',*,*,#4315,.F.);
#2457=ORIENTED_EDGE('',*,*,#4316,.F.);
#2458=ORIENTED_EDGE('',*,*,#4317,.T.);
#2459=ORIENTED_EDGE('',*,*,#4313,.T.);
#2460=ORIENTED_EDGE('',*,*,#4318,.F.);
#2461=ORIENTED_EDGE('',*,*,#4319,.F.);
#2462=ORIENTED_EDGE('',*,*,#4320,.T.);
#2463=ORIENTED_EDGE('',*,*,#4316,.T.);
#2464=ORIENTED_EDGE('',*,*,#3495,.F.);
#2465=ORIENTED_EDGE('',*,*,#4321,.F.);
#2466=ORIENTED_EDGE('',*,*,#4322,.T.);
#2467=ORIENTED_EDGE('',*,*,#4323,.T.);
#2468=ORIENTED_EDGE('',*,*,#3518,.F.);
#2469=ORIENTED_EDGE('',*,*,#4324,.F.);
#2470=ORIENTED_EDGE('',*,*,#4325,.T.);
#2471=ORIENTED_EDGE('',*,*,#4321,.T.);
#2472=ORIENTED_EDGE('',*,*,#3517,.F.);
#2473=ORIENTED_EDGE('',*,*,#4326,.F.);
#2474=ORIENTED_EDGE('',*,*,#4327,.T.);
#2475=ORIENTED_EDGE('',*,*,#4324,.T.);
#2476=ORIENTED_EDGE('',*,*,#3516,.F.);
#2477=ORIENTED_EDGE('',*,*,#4328,.F.);
#2478=ORIENTED_EDGE('',*,*,#4329,.T.);
#2479=ORIENTED_EDGE('',*,*,#4326,.T.);
#2480=ORIENTED_EDGE('',*,*,#3515,.F.);
#2481=ORIENTED_EDGE('',*,*,#4330,.F.);
#2482=ORIENTED_EDGE('',*,*,#4331,.T.);
#2483=ORIENTED_EDGE('',*,*,#4328,.T.);
#2484=ORIENTED_EDGE('',*,*,#3514,.F.);
#2485=ORIENTED_EDGE('',*,*,#4332,.F.);
#2486=ORIENTED_EDGE('',*,*,#4333,.T.);
#2487=ORIENTED_EDGE('',*,*,#4330,.T.);
#2488=ORIENTED_EDGE('',*,*,#3513,.F.);
#2489=ORIENTED_EDGE('',*,*,#4334,.F.);
#2490=ORIENTED_EDGE('',*,*,#4335,.T.);
#2491=ORIENTED_EDGE('',*,*,#4332,.T.);
#2492=ORIENTED_EDGE('',*,*,#3512,.F.);
#2493=ORIENTED_EDGE('',*,*,#4336,.F.);
#2494=ORIENTED_EDGE('',*,*,#4337,.T.);
#2495=ORIENTED_EDGE('',*,*,#4334,.T.);
#2496=ORIENTED_EDGE('',*,*,#3511,.F.);
#2497=ORIENTED_EDGE('',*,*,#4338,.F.);
#2498=ORIENTED_EDGE('',*,*,#4339,.T.);
#2499=ORIENTED_EDGE('',*,*,#4336,.T.);
#2500=ORIENTED_EDGE('',*,*,#3510,.F.);
#2501=ORIENTED_EDGE('',*,*,#4340,.F.);
#2502=ORIENTED_EDGE('',*,*,#4341,.T.);
#2503=ORIENTED_EDGE('',*,*,#4338,.T.);
#2504=ORIENTED_EDGE('',*,*,#3509,.F.);
#2505=ORIENTED_EDGE('',*,*,#4342,.F.);
#2506=ORIENTED_EDGE('',*,*,#4343,.T.);
#2507=ORIENTED_EDGE('',*,*,#4340,.T.);
#2508=ORIENTED_EDGE('',*,*,#3508,.F.);
#2509=ORIENTED_EDGE('',*,*,#4344,.F.);
#2510=ORIENTED_EDGE('',*,*,#4345,.T.);
#2511=ORIENTED_EDGE('',*,*,#4342,.T.);
#2512=ORIENTED_EDGE('',*,*,#3507,.F.);
#2513=ORIENTED_EDGE('',*,*,#4346,.F.);
#2514=ORIENTED_EDGE('',*,*,#4347,.T.);
#2515=ORIENTED_EDGE('',*,*,#4344,.T.);
#2516=ORIENTED_EDGE('',*,*,#3506,.F.);
#2517=ORIENTED_EDGE('',*,*,#4348,.F.);
#2518=ORIENTED_EDGE('',*,*,#4349,.T.);
#2519=ORIENTED_EDGE('',*,*,#4346,.T.);
#2520=ORIENTED_EDGE('',*,*,#3505,.F.);
#2521=ORIENTED_EDGE('',*,*,#4350,.F.);
#2522=ORIENTED_EDGE('',*,*,#4351,.T.);
#2523=ORIENTED_EDGE('',*,*,#4348,.T.);
#2524=ORIENTED_EDGE('',*,*,#3504,.F.);
#2525=ORIENTED_EDGE('',*,*,#4352,.F.);
#2526=ORIENTED_EDGE('',*,*,#4353,.T.);
#2527=ORIENTED_EDGE('',*,*,#4350,.T.);
#2528=ORIENTED_EDGE('',*,*,#3503,.F.);
#2529=ORIENTED_EDGE('',*,*,#4354,.F.);
#2530=ORIENTED_EDGE('',*,*,#4355,.T.);
#2531=ORIENTED_EDGE('',*,*,#4352,.T.);
#2532=ORIENTED_EDGE('',*,*,#3502,.F.);
#2533=ORIENTED_EDGE('',*,*,#4356,.F.);
#2534=ORIENTED_EDGE('',*,*,#4357,.T.);
#2535=ORIENTED_EDGE('',*,*,#4354,.T.);
#2536=ORIENTED_EDGE('',*,*,#3501,.F.);
#2537=ORIENTED_EDGE('',*,*,#4358,.F.);
#2538=ORIENTED_EDGE('',*,*,#4359,.T.);
#2539=ORIENTED_EDGE('',*,*,#4356,.T.);
#2540=ORIENTED_EDGE('',*,*,#3500,.F.);
#2541=ORIENTED_EDGE('',*,*,#4360,.F.);
#2542=ORIENTED_EDGE('',*,*,#4361,.T.);
#2543=ORIENTED_EDGE('',*,*,#4358,.T.);
#2544=ORIENTED_EDGE('',*,*,#3499,.F.);
#2545=ORIENTED_EDGE('',*,*,#4362,.F.);
#2546=ORIENTED_EDGE('',*,*,#4363,.T.);
#2547=ORIENTED_EDGE('',*,*,#4360,.T.);
#2548=ORIENTED_EDGE('',*,*,#3498,.F.);
#2549=ORIENTED_EDGE('',*,*,#4364,.F.);
#2550=ORIENTED_EDGE('',*,*,#4365,.T.);
#2551=ORIENTED_EDGE('',*,*,#4362,.T.);
#2552=ORIENTED_EDGE('',*,*,#3497,.F.);
#2553=ORIENTED_EDGE('',*,*,#4366,.F.);
#2554=ORIENTED_EDGE('',*,*,#4367,.T.);
#2555=ORIENTED_EDGE('',*,*,#4364,.T.);
#2556=ORIENTED_EDGE('',*,*,#3496,.F.);
#2557=ORIENTED_EDGE('',*,*,#4323,.F.);
#2558=ORIENTED_EDGE('',*,*,#4368,.T.);
#2559=ORIENTED_EDGE('',*,*,#4366,.T.);
#2560=ORIENTED_EDGE('',*,*,#4369,.F.);
#2561=ORIENTED_EDGE('',*,*,#4299,.F.);
#2562=ORIENTED_EDGE('',*,*,#4370,.T.);
#2563=ORIENTED_EDGE('',*,*,#4319,.T.);
#2564=ORIENTED_EDGE('',*,*,#4322,.F.);
#2565=ORIENTED_EDGE('',*,*,#4325,.F.);
#2566=ORIENTED_EDGE('',*,*,#4327,.F.);
#2567=ORIENTED_EDGE('',*,*,#4329,.F.);
#2568=ORIENTED_EDGE('',*,*,#4331,.F.);
#2569=ORIENTED_EDGE('',*,*,#4333,.F.);
#2570=ORIENTED_EDGE('',*,*,#4335,.F.);
#2571=ORIENTED_EDGE('',*,*,#4337,.F.);
#2572=ORIENTED_EDGE('',*,*,#4339,.F.);
#2573=ORIENTED_EDGE('',*,*,#4341,.F.);
#2574=ORIENTED_EDGE('',*,*,#4343,.F.);
#2575=ORIENTED_EDGE('',*,*,#4345,.F.);
#2576=ORIENTED_EDGE('',*,*,#4347,.F.);
#2577=ORIENTED_EDGE('',*,*,#4349,.F.);
#2578=ORIENTED_EDGE('',*,*,#4351,.F.);
#2579=ORIENTED_EDGE('',*,*,#4353,.F.);
#2580=ORIENTED_EDGE('',*,*,#4355,.F.);
#2581=ORIENTED_EDGE('',*,*,#4357,.F.);
#2582=ORIENTED_EDGE('',*,*,#4359,.F.);
#2583=ORIENTED_EDGE('',*,*,#4361,.F.);
#2584=ORIENTED_EDGE('',*,*,#4363,.F.);
#2585=ORIENTED_EDGE('',*,*,#4365,.F.);
#2586=ORIENTED_EDGE('',*,*,#4367,.F.);
#2587=ORIENTED_EDGE('',*,*,#4368,.F.);
#2588=ORIENTED_EDGE('',*,*,#4298,.F.);
#2589=ORIENTED_EDGE('',*,*,#4302,.F.);
#2590=ORIENTED_EDGE('',*,*,#4305,.F.);
#2591=ORIENTED_EDGE('',*,*,#4308,.F.);
#2592=ORIENTED_EDGE('',*,*,#4311,.F.);
#2593=ORIENTED_EDGE('',*,*,#4314,.F.);
#2594=ORIENTED_EDGE('',*,*,#4317,.F.);
#2595=ORIENTED_EDGE('',*,*,#4320,.F.);
#2596=ORIENTED_EDGE('',*,*,#4370,.F.);
#2597=ORIENTED_EDGE('',*,*,#3669,.F.);
#2598=ORIENTED_EDGE('',*,*,#4371,.F.);
#2599=ORIENTED_EDGE('',*,*,#4372,.T.);
#2600=ORIENTED_EDGE('',*,*,#4373,.T.);
#2601=ORIENTED_EDGE('',*,*,#3696,.F.);
#2602=ORIENTED_EDGE('',*,*,#4374,.F.);
#2603=ORIENTED_EDGE('',*,*,#4375,.T.);
#2604=ORIENTED_EDGE('',*,*,#4371,.T.);
#2605=ORIENTED_EDGE('',*,*,#3695,.F.);
#2606=ORIENTED_EDGE('',*,*,#4376,.F.);
#2607=ORIENTED_EDGE('',*,*,#4377,.T.);
#2608=ORIENTED_EDGE('',*,*,#4374,.T.);
#2609=ORIENTED_EDGE('',*,*,#3694,.F.);
#2610=ORIENTED_EDGE('',*,*,#4378,.F.);
#2611=ORIENTED_EDGE('',*,*,#4379,.T.);
#2612=ORIENTED_EDGE('',*,*,#4376,.T.);
#2613=ORIENTED_EDGE('',*,*,#3693,.F.);
#2614=ORIENTED_EDGE('',*,*,#4380,.F.);
#2615=ORIENTED_EDGE('',*,*,#4381,.T.);
#2616=ORIENTED_EDGE('',*,*,#4378,.T.);
#2617=ORIENTED_EDGE('',*,*,#3692,.F.);
#2618=ORIENTED_EDGE('',*,*,#4382,.F.);
#2619=ORIENTED_EDGE('',*,*,#4383,.T.);
#2620=ORIENTED_EDGE('',*,*,#4380,.T.);
#2621=ORIENTED_EDGE('',*,*,#3691,.F.);
#2622=ORIENTED_EDGE('',*,*,#4384,.F.);
#2623=ORIENTED_EDGE('',*,*,#4385,.T.);
#2624=ORIENTED_EDGE('',*,*,#4382,.T.);
#2625=ORIENTED_EDGE('',*,*,#3690,.F.);
#2626=ORIENTED_EDGE('',*,*,#4386,.F.);
#2627=ORIENTED_EDGE('',*,*,#4387,.T.);
#2628=ORIENTED_EDGE('',*,*,#4384,.T.);
#2629=ORIENTED_EDGE('',*,*,#3689,.F.);
#2630=ORIENTED_EDGE('',*,*,#4388,.F.);
#2631=ORIENTED_EDGE('',*,*,#4389,.T.);
#2632=ORIENTED_EDGE('',*,*,#4386,.T.);
#2633=ORIENTED_EDGE('',*,*,#3688,.F.);
#2634=ORIENTED_EDGE('',*,*,#4390,.F.);
#2635=ORIENTED_EDGE('',*,*,#4391,.T.);
#2636=ORIENTED_EDGE('',*,*,#4388,.T.);
#2637=ORIENTED_EDGE('',*,*,#3687,.F.);
#2638=ORIENTED_EDGE('',*,*,#4392,.F.);
#2639=ORIENTED_EDGE('',*,*,#4393,.T.);
#2640=ORIENTED_EDGE('',*,*,#4390,.T.);
#2641=ORIENTED_EDGE('',*,*,#3686,.F.);
#2642=ORIENTED_EDGE('',*,*,#4394,.F.);
#2643=ORIENTED_EDGE('',*,*,#4395,.T.);
#2644=ORIENTED_EDGE('',*,*,#4392,.T.);
#2645=ORIENTED_EDGE('',*,*,#3685,.F.);
#2646=ORIENTED_EDGE('',*,*,#4396,.F.);
#2647=ORIENTED_EDGE('',*,*,#4397,.T.);
#2648=ORIENTED_EDGE('',*,*,#4394,.T.);
#2649=ORIENTED_EDGE('',*,*,#3684,.F.);
#2650=ORIENTED_EDGE('',*,*,#4398,.F.);
#2651=ORIENTED_EDGE('',*,*,#4399,.T.);
#2652=ORIENTED_EDGE('',*,*,#4396,.T.);
#2653=ORIENTED_EDGE('',*,*,#3683,.F.);
#2654=ORIENTED_EDGE('',*,*,#4400,.F.);
#2655=ORIENTED_EDGE('',*,*,#4401,.T.);
#2656=ORIENTED_EDGE('',*,*,#4398,.T.);
#2657=ORIENTED_EDGE('',*,*,#3682,.F.);
#2658=ORIENTED_EDGE('',*,*,#4402,.F.);
#2659=ORIENTED_EDGE('',*,*,#4403,.T.);
#2660=ORIENTED_EDGE('',*,*,#4400,.T.);
#2661=ORIENTED_EDGE('',*,*,#3681,.F.);
#2662=ORIENTED_EDGE('',*,*,#4404,.F.);
#2663=ORIENTED_EDGE('',*,*,#4405,.T.);
#2664=ORIENTED_EDGE('',*,*,#4402,.T.);
#2665=ORIENTED_EDGE('',*,*,#3680,.F.);
#2666=ORIENTED_EDGE('',*,*,#4406,.F.);
#2667=ORIENTED_EDGE('',*,*,#4407,.T.);
#2668=ORIENTED_EDGE('',*,*,#4404,.T.);
#2669=ORIENTED_EDGE('',*,*,#3679,.F.);
#2670=ORIENTED_EDGE('',*,*,#4408,.F.);
#2671=ORIENTED_EDGE('',*,*,#4409,.T.);
#2672=ORIENTED_EDGE('',*,*,#4406,.T.);
#2673=ORIENTED_EDGE('',*,*,#3678,.F.);
#2674=ORIENTED_EDGE('',*,*,#4410,.F.);
#2675=ORIENTED_EDGE('',*,*,#4411,.T.);
#2676=ORIENTED_EDGE('',*,*,#4408,.T.);
#2677=ORIENTED_EDGE('',*,*,#3677,.F.);
#2678=ORIENTED_EDGE('',*,*,#4412,.F.);
#2679=ORIENTED_EDGE('',*,*,#4413,.T.);
#2680=ORIENTED_EDGE('',*,*,#4410,.T.);
#2681=ORIENTED_EDGE('',*,*,#3676,.F.);
#2682=ORIENTED_EDGE('',*,*,#4414,.F.);
#2683=ORIENTED_EDGE('',*,*,#4415,.T.);
#2684=ORIENTED_EDGE('',*,*,#4412,.T.);
#2685=ORIENTED_EDGE('',*,*,#3675,.F.);
#2686=ORIENTED_EDGE('',*,*,#4416,.F.);
#2687=ORIENTED_EDGE('',*,*,#4417,.T.);
#2688=ORIENTED_EDGE('',*,*,#4414,.T.);
#2689=ORIENTED_EDGE('',*,*,#3674,.F.);
#2690=ORIENTED_EDGE('',*,*,#4418,.F.);
#2691=ORIENTED_EDGE('',*,*,#4419,.T.);
#2692=ORIENTED_EDGE('',*,*,#4416,.T.);
#2693=ORIENTED_EDGE('',*,*,#3673,.F.);
#2694=ORIENTED_EDGE('',*,*,#4420,.F.);
#2695=ORIENTED_EDGE('',*,*,#4421,.T.);
#2696=ORIENTED_EDGE('',*,*,#4418,.T.);
#2697=ORIENTED_EDGE('',*,*,#3672,.F.);
#2698=ORIENTED_EDGE('',*,*,#4422,.F.);
#2699=ORIENTED_EDGE('',*,*,#4423,.T.);
#2700=ORIENTED_EDGE('',*,*,#4420,.T.);
#2701=ORIENTED_EDGE('',*,*,#3671,.F.);
#2702=ORIENTED_EDGE('',*,*,#4424,.F.);
#2703=ORIENTED_EDGE('',*,*,#4425,.T.);
#2704=ORIENTED_EDGE('',*,*,#4422,.T.);
#2705=ORIENTED_EDGE('',*,*,#3670,.F.);
#2706=ORIENTED_EDGE('',*,*,#4373,.F.);
#2707=ORIENTED_EDGE('',*,*,#4426,.T.);
#2708=ORIENTED_EDGE('',*,*,#4424,.T.);
#2709=ORIENTED_EDGE('',*,*,#4372,.F.);
#2710=ORIENTED_EDGE('',*,*,#4375,.F.);
#2711=ORIENTED_EDGE('',*,*,#4377,.F.);
#2712=ORIENTED_EDGE('',*,*,#4379,.F.);
#2713=ORIENTED_EDGE('',*,*,#4381,.F.);
#2714=ORIENTED_EDGE('',*,*,#4383,.F.);
#2715=ORIENTED_EDGE('',*,*,#4385,.F.);
#2716=ORIENTED_EDGE('',*,*,#4387,.F.);
#2717=ORIENTED_EDGE('',*,*,#4389,.F.);
#2718=ORIENTED_EDGE('',*,*,#4391,.F.);
#2719=ORIENTED_EDGE('',*,*,#4393,.F.);
#2720=ORIENTED_EDGE('',*,*,#4395,.F.);
#2721=ORIENTED_EDGE('',*,*,#4397,.F.);
#2722=ORIENTED_EDGE('',*,*,#4399,.F.);
#2723=ORIENTED_EDGE('',*,*,#4401,.F.);
#2724=ORIENTED_EDGE('',*,*,#4403,.F.);
#2725=ORIENTED_EDGE('',*,*,#4405,.F.);
#2726=ORIENTED_EDGE('',*,*,#4407,.F.);
#2727=ORIENTED_EDGE('',*,*,#4409,.F.);
#2728=ORIENTED_EDGE('',*,*,#4411,.F.);
#2729=ORIENTED_EDGE('',*,*,#4413,.F.);
#2730=ORIENTED_EDGE('',*,*,#4415,.F.);
#2731=ORIENTED_EDGE('',*,*,#4417,.F.);
#2732=ORIENTED_EDGE('',*,*,#4419,.F.);
#2733=ORIENTED_EDGE('',*,*,#4421,.F.);
#2734=ORIENTED_EDGE('',*,*,#4423,.F.);
#2735=ORIENTED_EDGE('',*,*,#4425,.F.);
#2736=ORIENTED_EDGE('',*,*,#4426,.F.);
#2737=ORIENTED_EDGE('',*,*,#3482,.F.);
#2738=ORIENTED_EDGE('',*,*,#4427,.F.);
#2739=ORIENTED_EDGE('',*,*,#4428,.T.);
#2740=ORIENTED_EDGE('',*,*,#4429,.T.);
#2741=ORIENTED_EDGE('',*,*,#3494,.F.);
#2742=ORIENTED_EDGE('',*,*,#4430,.F.);
#2743=ORIENTED_EDGE('',*,*,#4431,.T.);
#2744=ORIENTED_EDGE('',*,*,#4427,.T.);
#2745=ORIENTED_EDGE('',*,*,#3493,.F.);
#2746=ORIENTED_EDGE('',*,*,#4432,.F.);
#2747=ORIENTED_EDGE('',*,*,#4433,.T.);
#2748=ORIENTED_EDGE('',*,*,#4430,.T.);
#2749=ORIENTED_EDGE('',*,*,#3492,.F.);
#2750=ORIENTED_EDGE('',*,*,#4434,.F.);
#2751=ORIENTED_EDGE('',*,*,#4435,.T.);
#2752=ORIENTED_EDGE('',*,*,#4432,.T.);
#2753=ORIENTED_EDGE('',*,*,#3491,.F.);
#2754=ORIENTED_EDGE('',*,*,#4436,.F.);
#2755=ORIENTED_EDGE('',*,*,#4437,.T.);
#2756=ORIENTED_EDGE('',*,*,#4434,.T.);
#2757=ORIENTED_EDGE('',*,*,#3490,.F.);
#2758=ORIENTED_EDGE('',*,*,#4438,.F.);
#2759=ORIENTED_EDGE('',*,*,#4439,.T.);
#2760=ORIENTED_EDGE('',*,*,#4436,.T.);
#2761=ORIENTED_EDGE('',*,*,#3489,.F.);
#2762=ORIENTED_EDGE('',*,*,#4440,.F.);
#2763=ORIENTED_EDGE('',*,*,#4441,.T.);
#2764=ORIENTED_EDGE('',*,*,#4438,.T.);
#2765=ORIENTED_EDGE('',*,*,#3488,.F.);
#2766=ORIENTED_EDGE('',*,*,#4442,.F.);
#2767=ORIENTED_EDGE('',*,*,#4443,.T.);
#2768=ORIENTED_EDGE('',*,*,#4440,.T.);
#2769=ORIENTED_EDGE('',*,*,#3487,.F.);
#2770=ORIENTED_EDGE('',*,*,#4444,.F.);
#2771=ORIENTED_EDGE('',*,*,#4445,.T.);
#2772=ORIENTED_EDGE('',*,*,#4442,.T.);
#2773=ORIENTED_EDGE('',*,*,#3486,.F.);
#2774=ORIENTED_EDGE('',*,*,#4446,.F.);
#2775=ORIENTED_EDGE('',*,*,#4447,.T.);
#2776=ORIENTED_EDGE('',*,*,#4444,.T.);
#2777=ORIENTED_EDGE('',*,*,#3485,.F.);
#2778=ORIENTED_EDGE('',*,*,#4448,.F.);
#2779=ORIENTED_EDGE('',*,*,#4449,.T.);
#2780=ORIENTED_EDGE('',*,*,#4446,.T.);
#2781=ORIENTED_EDGE('',*,*,#3484,.F.);
#2782=ORIENTED_EDGE('',*,*,#4450,.F.);
#2783=ORIENTED_EDGE('',*,*,#4451,.T.);
#2784=ORIENTED_EDGE('',*,*,#4448,.T.);
#2785=ORIENTED_EDGE('',*,*,#3483,.F.);
#2786=ORIENTED_EDGE('',*,*,#4429,.F.);
#2787=ORIENTED_EDGE('',*,*,#4452,.T.);
#2788=ORIENTED_EDGE('',*,*,#4450,.T.);
#2789=ORIENTED_EDGE('',*,*,#4428,.F.);
#2790=ORIENTED_EDGE('',*,*,#4431,.F.);
#2791=ORIENTED_EDGE('',*,*,#4433,.F.);
#2792=ORIENTED_EDGE('',*,*,#4435,.F.);
#2793=ORIENTED_EDGE('',*,*,#4437,.F.);
#2794=ORIENTED_EDGE('',*,*,#4439,.F.);
#2795=ORIENTED_EDGE('',*,*,#4441,.F.);
#2796=ORIENTED_EDGE('',*,*,#4443,.F.);
#2797=ORIENTED_EDGE('',*,*,#4445,.F.);
#2798=ORIENTED_EDGE('',*,*,#4447,.F.);
#2799=ORIENTED_EDGE('',*,*,#4449,.F.);
#2800=ORIENTED_EDGE('',*,*,#4451,.F.);
#2801=ORIENTED_EDGE('',*,*,#4452,.F.);
#2802=ORIENTED_EDGE('',*,*,#4453,.F.);
#2803=ORIENTED_EDGE('',*,*,#4454,.F.);
#2804=ORIENTED_EDGE('',*,*,#4455,.T.);
#2805=ORIENTED_EDGE('',*,*,#4456,.T.);
#2806=ORIENTED_EDGE('',*,*,#4457,.F.);
#2807=ORIENTED_EDGE('',*,*,#4458,.F.);
#2808=ORIENTED_EDGE('',*,*,#4459,.T.);
#2809=ORIENTED_EDGE('',*,*,#4454,.T.);
#2810=ORIENTED_EDGE('',*,*,#4460,.F.);
#2811=ORIENTED_EDGE('',*,*,#4461,.F.);
#2812=ORIENTED_EDGE('',*,*,#4462,.T.);
#2813=ORIENTED_EDGE('',*,*,#4458,.T.);
#2814=ORIENTED_EDGE('',*,*,#4463,.F.);
#2815=ORIENTED_EDGE('',*,*,#4464,.F.);
#2816=ORIENTED_EDGE('',*,*,#4465,.T.);
#2817=ORIENTED_EDGE('',*,*,#4461,.T.);
#2818=ORIENTED_EDGE('',*,*,#4466,.F.);
#2819=ORIENTED_EDGE('',*,*,#4467,.F.);
#2820=ORIENTED_EDGE('',*,*,#4468,.T.);
#2821=ORIENTED_EDGE('',*,*,#4464,.T.);
#2822=ORIENTED_EDGE('',*,*,#4469,.F.);
#2823=ORIENTED_EDGE('',*,*,#4470,.F.);
#2824=ORIENTED_EDGE('',*,*,#4471,.T.);
#2825=ORIENTED_EDGE('',*,*,#4467,.T.);
#2826=ORIENTED_EDGE('',*,*,#4472,.F.);
#2827=ORIENTED_EDGE('',*,*,#4473,.F.);
#2828=ORIENTED_EDGE('',*,*,#4474,.T.);
#2829=ORIENTED_EDGE('',*,*,#4470,.T.);
#2830=ORIENTED_EDGE('',*,*,#4475,.F.);
#2831=ORIENTED_EDGE('',*,*,#4476,.F.);
#2832=ORIENTED_EDGE('',*,*,#4477,.T.);
#2833=ORIENTED_EDGE('',*,*,#4473,.T.);
#2834=ORIENTED_EDGE('',*,*,#4478,.F.);
#2835=ORIENTED_EDGE('',*,*,#4479,.F.);
#2836=ORIENTED_EDGE('',*,*,#4480,.T.);
#2837=ORIENTED_EDGE('',*,*,#4476,.T.);
#2838=ORIENTED_EDGE('',*,*,#4481,.F.);
#2839=ORIENTED_EDGE('',*,*,#4482,.F.);
#2840=ORIENTED_EDGE('',*,*,#4483,.T.);
#2841=ORIENTED_EDGE('',*,*,#4479,.T.);
#2842=ORIENTED_EDGE('',*,*,#4484,.F.);
#2843=ORIENTED_EDGE('',*,*,#4485,.F.);
#2844=ORIENTED_EDGE('',*,*,#4486,.T.);
#2845=ORIENTED_EDGE('',*,*,#4487,.T.);
#2846=ORIENTED_EDGE('',*,*,#4488,.F.);
#2847=ORIENTED_EDGE('',*,*,#4489,.F.);
#2848=ORIENTED_EDGE('',*,*,#4490,.T.);
#2849=ORIENTED_EDGE('',*,*,#4485,.T.);
#2850=ORIENTED_EDGE('',*,*,#4491,.F.);
#2851=ORIENTED_EDGE('',*,*,#4492,.F.);
#2852=ORIENTED_EDGE('',*,*,#4493,.T.);
#2853=ORIENTED_EDGE('',*,*,#4489,.T.);
#2854=ORIENTED_EDGE('',*,*,#4494,.F.);
#2855=ORIENTED_EDGE('',*,*,#4495,.F.);
#2856=ORIENTED_EDGE('',*,*,#4496,.T.);
#2857=ORIENTED_EDGE('',*,*,#4492,.T.);
#2858=ORIENTED_EDGE('',*,*,#4497,.F.);
#2859=ORIENTED_EDGE('',*,*,#4498,.F.);
#2860=ORIENTED_EDGE('',*,*,#4499,.T.);
#2861=ORIENTED_EDGE('',*,*,#4495,.T.);
#2862=ORIENTED_EDGE('',*,*,#4500,.F.);
#2863=ORIENTED_EDGE('',*,*,#4501,.F.);
#2864=ORIENTED_EDGE('',*,*,#4502,.T.);
#2865=ORIENTED_EDGE('',*,*,#4498,.T.);
#2866=ORIENTED_EDGE('',*,*,#3697,.F.);
#2867=ORIENTED_EDGE('',*,*,#4503,.F.);
#2868=ORIENTED_EDGE('',*,*,#4504,.T.);
#2869=ORIENTED_EDGE('',*,*,#4505,.T.);
#2870=ORIENTED_EDGE('',*,*,#3717,.F.);
#2871=ORIENTED_EDGE('',*,*,#4506,.F.);
#2872=ORIENTED_EDGE('',*,*,#4507,.T.);
#2873=ORIENTED_EDGE('',*,*,#4503,.T.);
#2874=ORIENTED_EDGE('',*,*,#3716,.F.);
#2875=ORIENTED_EDGE('',*,*,#4508,.F.);
#2876=ORIENTED_EDGE('',*,*,#4509,.T.);
#2877=ORIENTED_EDGE('',*,*,#4506,.T.);
#2878=ORIENTED_EDGE('',*,*,#3715,.F.);
#2879=ORIENTED_EDGE('',*,*,#4510,.F.);
#2880=ORIENTED_EDGE('',*,*,#4511,.T.);
#2881=ORIENTED_EDGE('',*,*,#4508,.T.);
#2882=ORIENTED_EDGE('',*,*,#3714,.F.);
#2883=ORIENTED_EDGE('',*,*,#4512,.F.);
#2884=ORIENTED_EDGE('',*,*,#4513,.T.);
#2885=ORIENTED_EDGE('',*,*,#4510,.T.);
#2886=ORIENTED_EDGE('',*,*,#3713,.F.);
#2887=ORIENTED_EDGE('',*,*,#4514,.F.);
#2888=ORIENTED_EDGE('',*,*,#4515,.T.);
#2889=ORIENTED_EDGE('',*,*,#4512,.T.);
#2890=ORIENTED_EDGE('',*,*,#3712,.F.);
#2891=ORIENTED_EDGE('',*,*,#4516,.F.);
#2892=ORIENTED_EDGE('',*,*,#4517,.T.);
#2893=ORIENTED_EDGE('',*,*,#4514,.T.);
#2894=ORIENTED_EDGE('',*,*,#3711,.F.);
#2895=ORIENTED_EDGE('',*,*,#4518,.F.);
#2896=ORIENTED_EDGE('',*,*,#4519,.T.);
#2897=ORIENTED_EDGE('',*,*,#4516,.T.);
#2898=ORIENTED_EDGE('',*,*,#3710,.F.);
#2899=ORIENTED_EDGE('',*,*,#4520,.F.);
#2900=ORIENTED_EDGE('',*,*,#4521,.T.);
#2901=ORIENTED_EDGE('',*,*,#4518,.T.);
#2902=ORIENTED_EDGE('',*,*,#3709,.F.);
#2903=ORIENTED_EDGE('',*,*,#4522,.F.);
#2904=ORIENTED_EDGE('',*,*,#4523,.T.);
#2905=ORIENTED_EDGE('',*,*,#4520,.T.);
#2906=ORIENTED_EDGE('',*,*,#3708,.F.);
#2907=ORIENTED_EDGE('',*,*,#4524,.F.);
#2908=ORIENTED_EDGE('',*,*,#4525,.T.);
#2909=ORIENTED_EDGE('',*,*,#4522,.T.);
#2910=ORIENTED_EDGE('',*,*,#3707,.F.);
#2911=ORIENTED_EDGE('',*,*,#4526,.F.);
#2912=ORIENTED_EDGE('',*,*,#4527,.T.);
#2913=ORIENTED_EDGE('',*,*,#4524,.T.);
#2914=ORIENTED_EDGE('',*,*,#3706,.F.);
#2915=ORIENTED_EDGE('',*,*,#4528,.F.);
#2916=ORIENTED_EDGE('',*,*,#4529,.T.);
#2917=ORIENTED_EDGE('',*,*,#4526,.T.);
#2918=ORIENTED_EDGE('',*,*,#3705,.F.);
#2919=ORIENTED_EDGE('',*,*,#4530,.F.);
#2920=ORIENTED_EDGE('',*,*,#4531,.T.);
#2921=ORIENTED_EDGE('',*,*,#4528,.T.);
#2922=ORIENTED_EDGE('',*,*,#3704,.F.);
#2923=ORIENTED_EDGE('',*,*,#4532,.F.);
#2924=ORIENTED_EDGE('',*,*,#4533,.T.);
#2925=ORIENTED_EDGE('',*,*,#4530,.T.);
#2926=ORIENTED_EDGE('',*,*,#3703,.F.);
#2927=ORIENTED_EDGE('',*,*,#4534,.F.);
#2928=ORIENTED_EDGE('',*,*,#4535,.T.);
#2929=ORIENTED_EDGE('',*,*,#4532,.T.);
#2930=ORIENTED_EDGE('',*,*,#3702,.F.);
#2931=ORIENTED_EDGE('',*,*,#4536,.F.);
#2932=ORIENTED_EDGE('',*,*,#4537,.T.);
#2933=ORIENTED_EDGE('',*,*,#4534,.T.);
#2934=ORIENTED_EDGE('',*,*,#3701,.F.);
#2935=ORIENTED_EDGE('',*,*,#4538,.F.);
#2936=ORIENTED_EDGE('',*,*,#4539,.T.);
#2937=ORIENTED_EDGE('',*,*,#4536,.T.);
#2938=ORIENTED_EDGE('',*,*,#3700,.F.);
#2939=ORIENTED_EDGE('',*,*,#4540,.F.);
#2940=ORIENTED_EDGE('',*,*,#4541,.T.);
#2941=ORIENTED_EDGE('',*,*,#4538,.T.);
#2942=ORIENTED_EDGE('',*,*,#3699,.F.);
#2943=ORIENTED_EDGE('',*,*,#4542,.F.);
#2944=ORIENTED_EDGE('',*,*,#4543,.T.);
#2945=ORIENTED_EDGE('',*,*,#4540,.T.);
#2946=ORIENTED_EDGE('',*,*,#4544,.F.);
#2947=ORIENTED_EDGE('',*,*,#4487,.F.);
#2948=ORIENTED_EDGE('',*,*,#4545,.T.);
#2949=ORIENTED_EDGE('',*,*,#4501,.T.);
#2950=ORIENTED_EDGE('',*,*,#3698,.F.);
#2951=ORIENTED_EDGE('',*,*,#4505,.F.);
#2952=ORIENTED_EDGE('',*,*,#4546,.T.);
#2953=ORIENTED_EDGE('',*,*,#4542,.T.);
#2954=ORIENTED_EDGE('',*,*,#4547,.F.);
#2955=ORIENTED_EDGE('',*,*,#4456,.F.);
#2956=ORIENTED_EDGE('',*,*,#4548,.T.);
#2957=ORIENTED_EDGE('',*,*,#4482,.T.);
#2958=ORIENTED_EDGE('',*,*,#4504,.F.);
#2959=ORIENTED_EDGE('',*,*,#4507,.F.);
#2960=ORIENTED_EDGE('',*,*,#4509,.F.);
#2961=ORIENTED_EDGE('',*,*,#4511,.F.);
#2962=ORIENTED_EDGE('',*,*,#4513,.F.);
#2963=ORIENTED_EDGE('',*,*,#4515,.F.);
#2964=ORIENTED_EDGE('',*,*,#4517,.F.);
#2965=ORIENTED_EDGE('',*,*,#4519,.F.);
#2966=ORIENTED_EDGE('',*,*,#4521,.F.);
#2967=ORIENTED_EDGE('',*,*,#4523,.F.);
#2968=ORIENTED_EDGE('',*,*,#4525,.F.);
#2969=ORIENTED_EDGE('',*,*,#4527,.F.);
#2970=ORIENTED_EDGE('',*,*,#4529,.F.);
#2971=ORIENTED_EDGE('',*,*,#4531,.F.);
#2972=ORIENTED_EDGE('',*,*,#4533,.F.);
#2973=ORIENTED_EDGE('',*,*,#4535,.F.);
#2974=ORIENTED_EDGE('',*,*,#4537,.F.);
#2975=ORIENTED_EDGE('',*,*,#4539,.F.);
#2976=ORIENTED_EDGE('',*,*,#4541,.F.);
#2977=ORIENTED_EDGE('',*,*,#4543,.F.);
#2978=ORIENTED_EDGE('',*,*,#4546,.F.);
#2979=ORIENTED_EDGE('',*,*,#4486,.F.);
#2980=ORIENTED_EDGE('',*,*,#4490,.F.);
#2981=ORIENTED_EDGE('',*,*,#4493,.F.);
#2982=ORIENTED_EDGE('',*,*,#4496,.F.);
#2983=ORIENTED_EDGE('',*,*,#4499,.F.);
#2984=ORIENTED_EDGE('',*,*,#4502,.F.);
#2985=ORIENTED_EDGE('',*,*,#4545,.F.);
#2986=ORIENTED_EDGE('',*,*,#4455,.F.);
#2987=ORIENTED_EDGE('',*,*,#4459,.F.);
#2988=ORIENTED_EDGE('',*,*,#4462,.F.);
#2989=ORIENTED_EDGE('',*,*,#4465,.F.);
#2990=ORIENTED_EDGE('',*,*,#4468,.F.);
#2991=ORIENTED_EDGE('',*,*,#4471,.F.);
#2992=ORIENTED_EDGE('',*,*,#4474,.F.);
#2993=ORIENTED_EDGE('',*,*,#4477,.F.);
#2994=ORIENTED_EDGE('',*,*,#4480,.F.);
#2995=ORIENTED_EDGE('',*,*,#4483,.F.);
#2996=ORIENTED_EDGE('',*,*,#4548,.F.);
#2997=ORIENTED_EDGE('',*,*,#4484,.T.);
#2998=ORIENTED_EDGE('',*,*,#4544,.T.);
#2999=ORIENTED_EDGE('',*,*,#4500,.T.);
#3000=ORIENTED_EDGE('',*,*,#4497,.T.);
#3001=ORIENTED_EDGE('',*,*,#4494,.T.);
#3002=ORIENTED_EDGE('',*,*,#4491,.T.);
#3003=ORIENTED_EDGE('',*,*,#4488,.T.);
#3004=ORIENTED_EDGE('',*,*,#3437,.F.);
#3005=ORIENTED_EDGE('',*,*,#4549,.F.);
#3006=ORIENTED_EDGE('',*,*,#4550,.T.);
#3007=ORIENTED_EDGE('',*,*,#4551,.T.);
#3008=ORIENTED_EDGE('',*,*,#3481,.F.);
#3009=ORIENTED_EDGE('',*,*,#4552,.F.);
#3010=ORIENTED_EDGE('',*,*,#4553,.T.);
#3011=ORIENTED_EDGE('',*,*,#4549,.T.);
#3012=ORIENTED_EDGE('',*,*,#3480,.F.);
#3013=ORIENTED_EDGE('',*,*,#4554,.F.);
#3014=ORIENTED_EDGE('',*,*,#4555,.T.);
#3015=ORIENTED_EDGE('',*,*,#4552,.T.);
#3016=ORIENTED_EDGE('',*,*,#3479,.F.);
#3017=ORIENTED_EDGE('',*,*,#4556,.F.);
#3018=ORIENTED_EDGE('',*,*,#4557,.T.);
#3019=ORIENTED_EDGE('',*,*,#4554,.T.);
#3020=ORIENTED_EDGE('',*,*,#3478,.F.);
#3021=ORIENTED_EDGE('',*,*,#4558,.F.);
#3022=ORIENTED_EDGE('',*,*,#4559,.T.);
#3023=ORIENTED_EDGE('',*,*,#4556,.T.);
#3024=ORIENTED_EDGE('',*,*,#3477,.F.);
#3025=ORIENTED_EDGE('',*,*,#4560,.F.);
#3026=ORIENTED_EDGE('',*,*,#4561,.T.);
#3027=ORIENTED_EDGE('',*,*,#4558,.T.);
#3028=ORIENTED_EDGE('',*,*,#3476,.F.);
#3029=ORIENTED_EDGE('',*,*,#4562,.F.);
#3030=ORIENTED_EDGE('',*,*,#4563,.T.);
#3031=ORIENTED_EDGE('',*,*,#4560,.T.);
#3032=ORIENTED_EDGE('',*,*,#3475,.F.);
#3033=ORIENTED_EDGE('',*,*,#4564,.F.);
#3034=ORIENTED_EDGE('',*,*,#4565,.T.);
#3035=ORIENTED_EDGE('',*,*,#4562,.T.);
#3036=ORIENTED_EDGE('',*,*,#3474,.F.);
#3037=ORIENTED_EDGE('',*,*,#4566,.F.);
#3038=ORIENTED_EDGE('',*,*,#4567,.T.);
#3039=ORIENTED_EDGE('',*,*,#4564,.T.);
#3040=ORIENTED_EDGE('',*,*,#3473,.F.);
#3041=ORIENTED_EDGE('',*,*,#4568,.F.);
#3042=ORIENTED_EDGE('',*,*,#4569,.T.);
#3043=ORIENTED_EDGE('',*,*,#4566,.T.);
#3044=ORIENTED_EDGE('',*,*,#3472,.F.);
#3045=ORIENTED_EDGE('',*,*,#4570,.F.);
#3046=ORIENTED_EDGE('',*,*,#4571,.T.);
#3047=ORIENTED_EDGE('',*,*,#4568,.T.);
#3048=ORIENTED_EDGE('',*,*,#3471,.F.);
#3049=ORIENTED_EDGE('',*,*,#4572,.F.);
#3050=ORIENTED_EDGE('',*,*,#4573,.T.);
#3051=ORIENTED_EDGE('',*,*,#4570,.T.);
#3052=ORIENTED_EDGE('',*,*,#3470,.F.);
#3053=ORIENTED_EDGE('',*,*,#4574,.F.);
#3054=ORIENTED_EDGE('',*,*,#4575,.T.);
#3055=ORIENTED_EDGE('',*,*,#4572,.T.);
#3056=ORIENTED_EDGE('',*,*,#3469,.F.);
#3057=ORIENTED_EDGE('',*,*,#4576,.F.);
#3058=ORIENTED_EDGE('',*,*,#4577,.T.);
#3059=ORIENTED_EDGE('',*,*,#4574,.T.);
#3060=ORIENTED_EDGE('',*,*,#3468,.F.);
#3061=ORIENTED_EDGE('',*,*,#4578,.F.);
#3062=ORIENTED_EDGE('',*,*,#4579,.T.);
#3063=ORIENTED_EDGE('',*,*,#4576,.T.);
#3064=ORIENTED_EDGE('',*,*,#3467,.F.);
#3065=ORIENTED_EDGE('',*,*,#4580,.F.);
#3066=ORIENTED_EDGE('',*,*,#4581,.T.);
#3067=ORIENTED_EDGE('',*,*,#4578,.T.);
#3068=ORIENTED_EDGE('',*,*,#3466,.F.);
#3069=ORIENTED_EDGE('',*,*,#4582,.F.);
#3070=ORIENTED_EDGE('',*,*,#4583,.T.);
#3071=ORIENTED_EDGE('',*,*,#4580,.T.);
#3072=ORIENTED_EDGE('',*,*,#3465,.F.);
#3073=ORIENTED_EDGE('',*,*,#4584,.F.);
#3074=ORIENTED_EDGE('',*,*,#4585,.T.);
#3075=ORIENTED_EDGE('',*,*,#4582,.T.);
#3076=ORIENTED_EDGE('',*,*,#3464,.F.);
#3077=ORIENTED_EDGE('',*,*,#4586,.F.);
#3078=ORIENTED_EDGE('',*,*,#4587,.T.);
#3079=ORIENTED_EDGE('',*,*,#4584,.T.);
#3080=ORIENTED_EDGE('',*,*,#3463,.F.);
#3081=ORIENTED_EDGE('',*,*,#4588,.F.);
#3082=ORIENTED_EDGE('',*,*,#4589,.T.);
#3083=ORIENTED_EDGE('',*,*,#4586,.T.);
#3084=ORIENTED_EDGE('',*,*,#3462,.F.);
#3085=ORIENTED_EDGE('',*,*,#4590,.F.);
#3086=ORIENTED_EDGE('',*,*,#4591,.T.);
#3087=ORIENTED_EDGE('',*,*,#4588,.T.);
#3088=ORIENTED_EDGE('',*,*,#3461,.F.);
#3089=ORIENTED_EDGE('',*,*,#4592,.F.);
#3090=ORIENTED_EDGE('',*,*,#4593,.T.);
#3091=ORIENTED_EDGE('',*,*,#4590,.T.);
#3092=ORIENTED_EDGE('',*,*,#3460,.F.);
#3093=ORIENTED_EDGE('',*,*,#4594,.F.);
#3094=ORIENTED_EDGE('',*,*,#4595,.T.);
#3095=ORIENTED_EDGE('',*,*,#4592,.T.);
#3096=ORIENTED_EDGE('',*,*,#3459,.F.);
#3097=ORIENTED_EDGE('',*,*,#4596,.F.);
#3098=ORIENTED_EDGE('',*,*,#4597,.T.);
#3099=ORIENTED_EDGE('',*,*,#4594,.T.);
#3100=ORIENTED_EDGE('',*,*,#3458,.F.);
#3101=ORIENTED_EDGE('',*,*,#4598,.F.);
#3102=ORIENTED_EDGE('',*,*,#4599,.T.);
#3103=ORIENTED_EDGE('',*,*,#4596,.T.);
#3104=ORIENTED_EDGE('',*,*,#3457,.F.);
#3105=ORIENTED_EDGE('',*,*,#4600,.F.);
#3106=ORIENTED_EDGE('',*,*,#4601,.T.);
#3107=ORIENTED_EDGE('',*,*,#4598,.T.);
#3108=ORIENTED_EDGE('',*,*,#3456,.F.);
#3109=ORIENTED_EDGE('',*,*,#4602,.F.);
#3110=ORIENTED_EDGE('',*,*,#4603,.T.);
#3111=ORIENTED_EDGE('',*,*,#4600,.T.);
#3112=ORIENTED_EDGE('',*,*,#3455,.F.);
#3113=ORIENTED_EDGE('',*,*,#4604,.F.);
#3114=ORIENTED_EDGE('',*,*,#4605,.T.);
#3115=ORIENTED_EDGE('',*,*,#4602,.T.);
#3116=ORIENTED_EDGE('',*,*,#3454,.F.);
#3117=ORIENTED_EDGE('',*,*,#4606,.F.);
#3118=ORIENTED_EDGE('',*,*,#4607,.T.);
#3119=ORIENTED_EDGE('',*,*,#4604,.T.);
#3120=ORIENTED_EDGE('',*,*,#3453,.F.);
#3121=ORIENTED_EDGE('',*,*,#4608,.F.);
#3122=ORIENTED_EDGE('',*,*,#4609,.T.);
#3123=ORIENTED_EDGE('',*,*,#4606,.T.);
#3124=ORIENTED_EDGE('',*,*,#3452,.F.);
#3125=ORIENTED_EDGE('',*,*,#4610,.F.);
#3126=ORIENTED_EDGE('',*,*,#4611,.T.);
#3127=ORIENTED_EDGE('',*,*,#4608,.T.);
#3128=ORIENTED_EDGE('',*,*,#3451,.F.);
#3129=ORIENTED_EDGE('',*,*,#4612,.F.);
#3130=ORIENTED_EDGE('',*,*,#4613,.T.);
#3131=ORIENTED_EDGE('',*,*,#4610,.T.);
#3132=ORIENTED_EDGE('',*,*,#3450,.F.);
#3133=ORIENTED_EDGE('',*,*,#4614,.F.);
#3134=ORIENTED_EDGE('',*,*,#4615,.T.);
#3135=ORIENTED_EDGE('',*,*,#4612,.T.);
#3136=ORIENTED_EDGE('',*,*,#3449,.F.);
#3137=ORIENTED_EDGE('',*,*,#4616,.F.);
#3138=ORIENTED_EDGE('',*,*,#4617,.T.);
#3139=ORIENTED_EDGE('',*,*,#4614,.T.);
#3140=ORIENTED_EDGE('',*,*,#3448,.F.);
#3141=ORIENTED_EDGE('',*,*,#4618,.F.);
#3142=ORIENTED_EDGE('',*,*,#4619,.T.);
#3143=ORIENTED_EDGE('',*,*,#4616,.T.);
#3144=ORIENTED_EDGE('',*,*,#3447,.F.);
#3145=ORIENTED_EDGE('',*,*,#4620,.F.);
#3146=ORIENTED_EDGE('',*,*,#4621,.T.);
#3147=ORIENTED_EDGE('',*,*,#4618,.T.);
#3148=ORIENTED_EDGE('',*,*,#3446,.F.);
#3149=ORIENTED_EDGE('',*,*,#4622,.F.);
#3150=ORIENTED_EDGE('',*,*,#4623,.T.);
#3151=ORIENTED_EDGE('',*,*,#4620,.T.);
#3152=ORIENTED_EDGE('',*,*,#3445,.F.);
#3153=ORIENTED_EDGE('',*,*,#4624,.F.);
#3154=ORIENTED_EDGE('',*,*,#4625,.T.);
#3155=ORIENTED_EDGE('',*,*,#4622,.T.);
#3156=ORIENTED_EDGE('',*,*,#3444,.F.);
#3157=ORIENTED_EDGE('',*,*,#4626,.F.);
#3158=ORIENTED_EDGE('',*,*,#4627,.T.);
#3159=ORIENTED_EDGE('',*,*,#4624,.T.);
#3160=ORIENTED_EDGE('',*,*,#3443,.F.);
#3161=ORIENTED_EDGE('',*,*,#4628,.F.);
#3162=ORIENTED_EDGE('',*,*,#4629,.T.);
#3163=ORIENTED_EDGE('',*,*,#4626,.T.);
#3164=ORIENTED_EDGE('',*,*,#3442,.F.);
#3165=ORIENTED_EDGE('',*,*,#4630,.F.);
#3166=ORIENTED_EDGE('',*,*,#4631,.T.);
#3167=ORIENTED_EDGE('',*,*,#4628,.T.);
#3168=ORIENTED_EDGE('',*,*,#3441,.F.);
#3169=ORIENTED_EDGE('',*,*,#4632,.F.);
#3170=ORIENTED_EDGE('',*,*,#4633,.T.);
#3171=ORIENTED_EDGE('',*,*,#4630,.T.);
#3172=ORIENTED_EDGE('',*,*,#3440,.F.);
#3173=ORIENTED_EDGE('',*,*,#4634,.F.);
#3174=ORIENTED_EDGE('',*,*,#4635,.T.);
#3175=ORIENTED_EDGE('',*,*,#4632,.T.);
#3176=ORIENTED_EDGE('',*,*,#3439,.F.);
#3177=ORIENTED_EDGE('',*,*,#4636,.F.);
#3178=ORIENTED_EDGE('',*,*,#4637,.T.);
#3179=ORIENTED_EDGE('',*,*,#4634,.T.);
#3180=ORIENTED_EDGE('',*,*,#3438,.F.);
#3181=ORIENTED_EDGE('',*,*,#4551,.F.);
#3182=ORIENTED_EDGE('',*,*,#4638,.T.);
#3183=ORIENTED_EDGE('',*,*,#4636,.T.);
#3184=ORIENTED_EDGE('',*,*,#4550,.F.);
#3185=ORIENTED_EDGE('',*,*,#4553,.F.);
#3186=ORIENTED_EDGE('',*,*,#4555,.F.);
#3187=ORIENTED_EDGE('',*,*,#4557,.F.);
#3188=ORIENTED_EDGE('',*,*,#4559,.F.);
#3189=ORIENTED_EDGE('',*,*,#4561,.F.);
#3190=ORIENTED_EDGE('',*,*,#4563,.F.);
#3191=ORIENTED_EDGE('',*,*,#4565,.F.);
#3192=ORIENTED_EDGE('',*,*,#4567,.F.);
#3193=ORIENTED_EDGE('',*,*,#4569,.F.);
#3194=ORIENTED_EDGE('',*,*,#4571,.F.);
#3195=ORIENTED_EDGE('',*,*,#4573,.F.);
#3196=ORIENTED_EDGE('',*,*,#4575,.F.);
#3197=ORIENTED_EDGE('',*,*,#4577,.F.);
#3198=ORIENTED_EDGE('',*,*,#4579,.F.);
#3199=ORIENTED_EDGE('',*,*,#4581,.F.);
#3200=ORIENTED_EDGE('',*,*,#4583,.F.);
#3201=ORIENTED_EDGE('',*,*,#4585,.F.);
#3202=ORIENTED_EDGE('',*,*,#4587,.F.);
#3203=ORIENTED_EDGE('',*,*,#4589,.F.);
#3204=ORIENTED_EDGE('',*,*,#4591,.F.);
#3205=ORIENTED_EDGE('',*,*,#4593,.F.);
#3206=ORIENTED_EDGE('',*,*,#4595,.F.);
#3207=ORIENTED_EDGE('',*,*,#4597,.F.);
#3208=ORIENTED_EDGE('',*,*,#4599,.F.);
#3209=ORIENTED_EDGE('',*,*,#4601,.F.);
#3210=ORIENTED_EDGE('',*,*,#4603,.F.);
#3211=ORIENTED_EDGE('',*,*,#4605,.F.);
#3212=ORIENTED_EDGE('',*,*,#4607,.F.);
#3213=ORIENTED_EDGE('',*,*,#4609,.F.);
#3214=ORIENTED_EDGE('',*,*,#4611,.F.);
#3215=ORIENTED_EDGE('',*,*,#4613,.F.);
#3216=ORIENTED_EDGE('',*,*,#4615,.F.);
#3217=ORIENTED_EDGE('',*,*,#4617,.F.);
#3218=ORIENTED_EDGE('',*,*,#4619,.F.);
#3219=ORIENTED_EDGE('',*,*,#4621,.F.);
#3220=ORIENTED_EDGE('',*,*,#4623,.F.);
#3221=ORIENTED_EDGE('',*,*,#4625,.F.);
#3222=ORIENTED_EDGE('',*,*,#4627,.F.);
#3223=ORIENTED_EDGE('',*,*,#4629,.F.);
#3224=ORIENTED_EDGE('',*,*,#4631,.F.);
#3225=ORIENTED_EDGE('',*,*,#4633,.F.);
#3226=ORIENTED_EDGE('',*,*,#4635,.F.);
#3227=ORIENTED_EDGE('',*,*,#4637,.F.);
#3228=ORIENTED_EDGE('',*,*,#4638,.F.);
#3229=ORIENTED_EDGE('',*,*,#4180,.T.);
#3230=ORIENTED_EDGE('',*,*,#4294,.T.);
#3231=ORIENTED_EDGE('',*,*,#4223,.T.);
#3232=ORIENTED_EDGE('',*,*,#4220,.T.);
#3233=ORIENTED_EDGE('',*,*,#4217,.T.);
#3234=ORIENTED_EDGE('',*,*,#4214,.T.);
#3235=ORIENTED_EDGE('',*,*,#4211,.T.);
#3236=ORIENTED_EDGE('',*,*,#4208,.T.);
#3237=ORIENTED_EDGE('',*,*,#4205,.T.);
#3238=ORIENTED_EDGE('',*,*,#4202,.T.);
#3239=ORIENTED_EDGE('',*,*,#4199,.T.);
#3240=ORIENTED_EDGE('',*,*,#4196,.T.);
#3241=ORIENTED_EDGE('',*,*,#4193,.T.);
#3242=ORIENTED_EDGE('',*,*,#4190,.T.);
#3243=ORIENTED_EDGE('',*,*,#4187,.T.);
#3244=ORIENTED_EDGE('',*,*,#4184,.T.);
#3245=ORIENTED_EDGE('',*,*,#4296,.T.);
#3246=ORIENTED_EDGE('',*,*,#4369,.T.);
#3247=ORIENTED_EDGE('',*,*,#4318,.T.);
#3248=ORIENTED_EDGE('',*,*,#4315,.T.);
#3249=ORIENTED_EDGE('',*,*,#4312,.T.);
#3250=ORIENTED_EDGE('',*,*,#4309,.T.);
#3251=ORIENTED_EDGE('',*,*,#4306,.T.);
#3252=ORIENTED_EDGE('',*,*,#4303,.T.);
#3253=ORIENTED_EDGE('',*,*,#4300,.T.);
#3254=ORIENTED_EDGE('',*,*,#4453,.T.);
#3255=ORIENTED_EDGE('',*,*,#4547,.T.);
#3256=ORIENTED_EDGE('',*,*,#4481,.T.);
#3257=ORIENTED_EDGE('',*,*,#4478,.T.);
#3258=ORIENTED_EDGE('',*,*,#4475,.T.);
#3259=ORIENTED_EDGE('',*,*,#4472,.T.);
#3260=ORIENTED_EDGE('',*,*,#4469,.T.);
#3261=ORIENTED_EDGE('',*,*,#4466,.T.);
#3262=ORIENTED_EDGE('',*,*,#4463,.T.);
#3263=ORIENTED_EDGE('',*,*,#4460,.T.);
#3264=ORIENTED_EDGE('',*,*,#4457,.T.);
#3265=ORIENTED_EDGE('',*,*,#3718,.F.);
#3266=ORIENTED_EDGE('',*,*,#4639,.F.);
#3267=ORIENTED_EDGE('',*,*,#4640,.T.);
#3268=ORIENTED_EDGE('',*,*,#4641,.T.);
#3269=ORIENTED_EDGE('',*,*,#3725,.F.);
#3270=ORIENTED_EDGE('',*,*,#4642,.F.);
#3271=ORIENTED_EDGE('',*,*,#4643,.T.);
#3272=ORIENTED_EDGE('',*,*,#4639,.T.);
#3273=ORIENTED_EDGE('',*,*,#3724,.F.);
#3274=ORIENTED_EDGE('',*,*,#4644,.F.);
#3275=ORIENTED_EDGE('',*,*,#4645,.T.);
#3276=ORIENTED_EDGE('',*,*,#4642,.T.);
#3277=ORIENTED_EDGE('',*,*,#3723,.F.);
#3278=ORIENTED_EDGE('',*,*,#4646,.F.);
#3279=ORIENTED_EDGE('',*,*,#4647,.T.);
#3280=ORIENTED_EDGE('',*,*,#4644,.T.);
#3281=ORIENTED_EDGE('',*,*,#3722,.F.);
#3282=ORIENTED_EDGE('',*,*,#4648,.F.);
#3283=ORIENTED_EDGE('',*,*,#4649,.T.);
#3284=ORIENTED_EDGE('',*,*,#4646,.T.);
#3285=ORIENTED_EDGE('',*,*,#3721,.F.);
#3286=ORIENTED_EDGE('',*,*,#4650,.F.);
#3287=ORIENTED_EDGE('',*,*,#4651,.T.);
#3288=ORIENTED_EDGE('',*,*,#4648,.T.);
#3289=ORIENTED_EDGE('',*,*,#3720,.F.);
#3290=ORIENTED_EDGE('',*,*,#4652,.F.);
#3291=ORIENTED_EDGE('',*,*,#4653,.T.);
#3292=ORIENTED_EDGE('',*,*,#4650,.T.);
#3293=ORIENTED_EDGE('',*,*,#3719,.F.);
#3294=ORIENTED_EDGE('',*,*,#4641,.F.);
#3295=ORIENTED_EDGE('',*,*,#4654,.T.);
#3296=ORIENTED_EDGE('',*,*,#4652,.T.);
#3297=ORIENTED_EDGE('',*,*,#4640,.F.);
#3298=ORIENTED_EDGE('',*,*,#4643,.F.);
#3299=ORIENTED_EDGE('',*,*,#4645,.F.);
#3300=ORIENTED_EDGE('',*,*,#4647,.F.);
#3301=ORIENTED_EDGE('',*,*,#4649,.F.);
#3302=ORIENTED_EDGE('',*,*,#4651,.F.);
#3303=ORIENTED_EDGE('',*,*,#4653,.F.);
#3304=ORIENTED_EDGE('',*,*,#4654,.F.);
#3305=ORIENTED_EDGE('',*,*,#3430,.F.);
#3306=ORIENTED_EDGE('',*,*,#4655,.F.);
#3307=ORIENTED_EDGE('',*,*,#4656,.T.);
#3308=ORIENTED_EDGE('',*,*,#4657,.T.);
#3309=ORIENTED_EDGE('',*,*,#3436,.F.);
#3310=ORIENTED_EDGE('',*,*,#4658,.F.);
#3311=ORIENTED_EDGE('',*,*,#4659,.T.);
#3312=ORIENTED_EDGE('',*,*,#4655,.T.);
#3313=ORIENTED_EDGE('',*,*,#3435,.F.);
#3314=ORIENTED_EDGE('',*,*,#4660,.F.);
#3315=ORIENTED_EDGE('',*,*,#4661,.T.);
#3316=ORIENTED_EDGE('',*,*,#4658,.T.);
#3317=ORIENTED_EDGE('',*,*,#3434,.F.);
#3318=ORIENTED_EDGE('',*,*,#4662,.F.);
#3319=ORIENTED_EDGE('',*,*,#4663,.T.);
#3320=ORIENTED_EDGE('',*,*,#4660,.T.);
#3321=ORIENTED_EDGE('',*,*,#3433,.F.);
#3322=ORIENTED_EDGE('',*,*,#4664,.F.);
#3323=ORIENTED_EDGE('',*,*,#4665,.T.);
#3324=ORIENTED_EDGE('',*,*,#4662,.T.);
#3325=ORIENTED_EDGE('',*,*,#3432,.F.);
#3326=ORIENTED_EDGE('',*,*,#4666,.F.);
#3327=ORIENTED_EDGE('',*,*,#4667,.T.);
#3328=ORIENTED_EDGE('',*,*,#4664,.T.);
#3329=ORIENTED_EDGE('',*,*,#3431,.F.);
#3330=ORIENTED_EDGE('',*,*,#4657,.F.);
#3331=ORIENTED_EDGE('',*,*,#4668,.T.);
#3332=ORIENTED_EDGE('',*,*,#4666,.T.);
#3333=ORIENTED_EDGE('',*,*,#4656,.F.);
#3334=ORIENTED_EDGE('',*,*,#4659,.F.);
#3335=ORIENTED_EDGE('',*,*,#4661,.F.);
#3336=ORIENTED_EDGE('',*,*,#4663,.F.);
#3337=ORIENTED_EDGE('',*,*,#4665,.F.);
#3338=ORIENTED_EDGE('',*,*,#4667,.F.);
#3339=ORIENTED_EDGE('',*,*,#4668,.F.);
#3340=ORIENTED_EDGE('',*,*,#3726,.F.);
#3341=ORIENTED_EDGE('',*,*,#4669,.F.);
#3342=ORIENTED_EDGE('',*,*,#4670,.T.);
#3343=ORIENTED_EDGE('',*,*,#4671,.T.);
#3344=ORIENTED_EDGE('',*,*,#3732,.F.);
#3345=ORIENTED_EDGE('',*,*,#4672,.F.);
#3346=ORIENTED_EDGE('',*,*,#4673,.T.);
#3347=ORIENTED_EDGE('',*,*,#4669,.T.);
#3348=ORIENTED_EDGE('',*,*,#3731,.F.);
#3349=ORIENTED_EDGE('',*,*,#4674,.F.);
#3350=ORIENTED_EDGE('',*,*,#4675,.T.);
#3351=ORIENTED_EDGE('',*,*,#4672,.T.);
#3352=ORIENTED_EDGE('',*,*,#3730,.F.);
#3353=ORIENTED_EDGE('',*,*,#4676,.F.);
#3354=ORIENTED_EDGE('',*,*,#4677,.T.);
#3355=ORIENTED_EDGE('',*,*,#4674,.T.);
#3356=ORIENTED_EDGE('',*,*,#3729,.F.);
#3357=ORIENTED_EDGE('',*,*,#4678,.F.);
#3358=ORIENTED_EDGE('',*,*,#4679,.T.);
#3359=ORIENTED_EDGE('',*,*,#4676,.T.);
#3360=ORIENTED_EDGE('',*,*,#3728,.F.);
#3361=ORIENTED_EDGE('',*,*,#4680,.F.);
#3362=ORIENTED_EDGE('',*,*,#4681,.T.);
#3363=ORIENTED_EDGE('',*,*,#4678,.T.);
#3364=ORIENTED_EDGE('',*,*,#3727,.F.);
#3365=ORIENTED_EDGE('',*,*,#4671,.F.);
#3366=ORIENTED_EDGE('',*,*,#4682,.T.);
#3367=ORIENTED_EDGE('',*,*,#4680,.T.);
#3368=ORIENTED_EDGE('',*,*,#4670,.F.);
#3369=ORIENTED_EDGE('',*,*,#4673,.F.);
#3370=ORIENTED_EDGE('',*,*,#4675,.F.);
#3371=ORIENTED_EDGE('',*,*,#4677,.F.);
#3372=ORIENTED_EDGE('',*,*,#4679,.F.);
#3373=ORIENTED_EDGE('',*,*,#4681,.F.);
#3374=ORIENTED_EDGE('',*,*,#4682,.F.);
#3375=ORIENTED_EDGE('',*,*,#4683,.F.);
#3376=ORIENTED_EDGE('',*,*,#3420,.F.);
#3377=ORIENTED_EDGE('',*,*,#3788,.F.);
#3378=ORIENTED_EDGE('',*,*,#3878,.F.);
#3379=ORIENTED_EDGE('',*,*,#3421,.F.);
#3380=ORIENTED_EDGE('',*,*,#4683,.T.);
#3381=ORIENTED_EDGE('',*,*,#3877,.F.);
#3382=ORIENTED_EDGE('',*,*,#3835,.F.);
#3383=ORIENTED_EDGE('',*,*,#3428,.F.);
#3384=ORIENTED_EDGE('',*,*,#3880,.F.);
#3385=ORIENTED_EDGE('',*,*,#3791,.T.);
#3386=ORIENTED_EDGE('',*,*,#4684,.T.);
#3387=ORIENTED_EDGE('',*,*,#4685,.T.);
#3388=ORIENTED_EDGE('',*,*,#3832,.F.);
#3389=ORIENTED_EDGE('',*,*,#3422,.T.);
#3390=ORIENTED_EDGE('',*,*,#3790,.F.);
#3391=ORIENTED_EDGE('',*,*,#3409,.F.);
#3392=ORIENTED_EDGE('',*,*,#4686,.F.);
#3393=ORIENTED_EDGE('',*,*,#4684,.F.);
#3394=ORIENTED_EDGE('',*,*,#3408,.F.);
#3395=ORIENTED_EDGE('',*,*,#3833,.F.);
#3396=ORIENTED_EDGE('',*,*,#4685,.F.);
#3397=ORIENTED_EDGE('',*,*,#4686,.T.);
#3398=ORIENTED_EDGE('',*,*,#3418,.T.);
#3399=ORIENTED_EDGE('',*,*,#3415,.T.);
#3400=ORIENTED_EDGE('',*,*,#3411,.F.);
#3401=ORIENTED_EDGE('',*,*,#3789,.F.);
#3402=ORIENTED_EDGE('',*,*,#3414,.F.);
#3403=ORIENTED_EDGE('',*,*,#3417,.F.);
#3404=ORIENTED_EDGE('',*,*,#3834,.T.);
#3405=ORIENTED_EDGE('',*,*,#3406,.T.);
#3406=EDGE_CURVE('',#4687,#4688,#5549,.T.);
#3407=EDGE_CURVE('',#4689,#4687,#5550,.T.);
#3408=EDGE_CURVE('',#4689,#4690,#495,.T.);
#3409=EDGE_CURVE('',#4690,#4691,#496,.T.);
#3410=EDGE_CURVE('',#4692,#4691,#5551,.T.);
#3411=EDGE_CURVE('',#4692,#4693,#5552,.T.);
#3412=EDGE_CURVE('',#4693,#4688,#5553,.T.);
#3413=EDGE_CURVE('',#4694,#4695,#5554,.T.);
#3414=EDGE_CURVE('',#4695,#4688,#5555,.T.);
#3415=EDGE_CURVE('',#4694,#4693,#5556,.T.);
#3416=EDGE_CURVE('',#4696,#4697,#5557,.T.);
#3417=EDGE_CURVE('',#4697,#4695,#5558,.T.);
#3418=EDGE_CURVE('',#4698,#4694,#5559,.T.);
#3419=EDGE_CURVE('',#4699,#4698,#5560,.T.);
#3420=EDGE_CURVE('',#4699,#4700,#497,.T.);
#3421=EDGE_CURVE('',#4700,#4696,#498,.T.);
#3422=EDGE_CURVE('',#4701,#4702,#5561,.T.);
#3423=EDGE_CURVE('',#4703,#4701,#5562,.T.);
#3424=EDGE_CURVE('',#4703,#4704,#5563,.T.);
#3425=EDGE_CURVE('',#4704,#4705,#499,.T.);
#3426=EDGE_CURVE('',#4702,#4705,#5564,.T.);
#3427=EDGE_CURVE('',#4706,#4707,#5565,.T.);
#3428=EDGE_CURVE('',#4707,#4702,#5566,.T.);
#3429=EDGE_CURVE('',#4705,#4706,#5567,.F.);
#3430=EDGE_CURVE('',#4708,#4709,#5568,.T.);
#3431=EDGE_CURVE('',#4709,#4710,#5569,.T.);
#3432=EDGE_CURVE('',#4710,#4711,#5570,.T.);
#3433=EDGE_CURVE('',#4711,#4712,#5571,.T.);
#3434=EDGE_CURVE('',#4712,#4713,#5572,.T.);
#3435=EDGE_CURVE('',#4713,#4714,#5573,.T.);
#3436=EDGE_CURVE('',#4714,#4708,#5574,.T.);
#3437=EDGE_CURVE('',#4715,#4716,#500,.F.);
#3438=EDGE_CURVE('',#4716,#4717,#501,.F.);
#3439=EDGE_CURVE('',#4717,#4718,#291,.T.);
#3440=EDGE_CURVE('',#4718,#4719,#292,.T.);
#3441=EDGE_CURVE('',#4719,#4720,#502,.F.);
#3442=EDGE_CURVE('',#4720,#4721,#503,.F.);
#3443=EDGE_CURVE('',#4721,#4722,#504,.F.);
#3444=EDGE_CURVE('',#4722,#4723,#505,.F.);
#3445=EDGE_CURVE('',#4723,#4724,#5575,.T.);
#3446=EDGE_CURVE('',#4724,#4725,#293,.T.);
#3447=EDGE_CURVE('',#4725,#4726,#506,.T.);
#3448=EDGE_CURVE('',#4726,#4727,#507,.T.);
#3449=EDGE_CURVE('',#4727,#4728,#508,.T.);
#3450=EDGE_CURVE('',#4728,#4729,#294,.T.);
#3451=EDGE_CURVE('',#4729,#4730,#295,.T.);
#3452=EDGE_CURVE('',#4730,#4731,#296,.T.);
#3453=EDGE_CURVE('',#4731,#4732,#297,.T.);
#3454=EDGE_CURVE('',#4732,#4733,#509,.T.);
#3455=EDGE_CURVE('',#4733,#4734,#510,.F.);
#3456=EDGE_CURVE('',#4734,#4735,#511,.F.);
#3457=EDGE_CURVE('',#4735,#4736,#298,.T.);
#3458=EDGE_CURVE('',#4736,#4737,#299,.T.);
#3459=EDGE_CURVE('',#4737,#4738,#512,.F.);
#3460=EDGE_CURVE('',#4738,#4739,#300,.T.);
#3461=EDGE_CURVE('',#4739,#4740,#513,.F.);
#3462=EDGE_CURVE('',#4740,#4741,#514,.F.);
#3463=EDGE_CURVE('',#4741,#4742,#301,.T.);
#3464=EDGE_CURVE('',#4742,#4743,#515,.F.);
#3465=EDGE_CURVE('',#4743,#4744,#5576,.T.);
#3466=EDGE_CURVE('',#4744,#4745,#516,.F.);
#3467=EDGE_CURVE('',#4745,#4746,#302,.T.);
#3468=EDGE_CURVE('',#4746,#4747,#517,.F.);
#3469=EDGE_CURVE('',#4747,#4748,#303,.T.);
#3470=EDGE_CURVE('',#4748,#4749,#304,.T.);
#3471=EDGE_CURVE('',#4749,#4750,#305,.T.);
#3472=EDGE_CURVE('',#4750,#4751,#518,.T.);
#3473=EDGE_CURVE('',#4751,#4752,#519,.T.);
#3474=EDGE_CURVE('',#4752,#4753,#520,.T.);
#3475=EDGE_CURVE('',#4753,#4754,#306,.T.);
#3476=EDGE_CURVE('',#4754,#4755,#307,.T.);
#3477=EDGE_CURVE('',#4755,#4756,#308,.T.);
#3478=EDGE_CURVE('',#4756,#4757,#521,.T.);
#3479=EDGE_CURVE('',#4757,#4758,#522,.F.);
#3480=EDGE_CURVE('',#4758,#4759,#523,.F.);
#3481=EDGE_CURVE('',#4759,#4715,#309,.T.);
#3482=EDGE_CURVE('',#4760,#4761,#310,.T.);
#3483=EDGE_CURVE('',#4761,#4762,#524,.T.);
#3484=EDGE_CURVE('',#4762,#4763,#311,.T.);
#3485=EDGE_CURVE('',#4763,#4764,#5577,.T.);
#3486=EDGE_CURVE('',#4764,#4765,#5578,.T.);
#3487=EDGE_CURVE('',#4765,#4766,#5579,.T.);
#3488=EDGE_CURVE('',#4766,#4767,#5580,.T.);
#3489=EDGE_CURVE('',#4767,#4768,#5581,.T.);
#3490=EDGE_CURVE('',#4768,#4769,#525,.F.);
#3491=EDGE_CURVE('',#4769,#4770,#526,.F.);
#3492=EDGE_CURVE('',#4770,#4771,#312,.T.);
#3493=EDGE_CURVE('',#4771,#4772,#313,.T.);
#3494=EDGE_CURVE('',#4772,#4760,#5582,.T.);
#3495=EDGE_CURVE('',#4773,#4774,#314,.T.);
#3496=EDGE_CURVE('',#4774,#4775,#315,.T.);
#3497=EDGE_CURVE('',#4775,#4776,#316,.T.);
#3498=EDGE_CURVE('',#4776,#4777,#317,.T.);
#3499=EDGE_CURVE('',#4777,#4778,#5583,.T.);
#3500=EDGE_CURVE('',#4778,#4779,#318,.T.);
#3501=EDGE_CURVE('',#4779,#4780,#527,.T.);
#3502=EDGE_CURVE('',#4780,#4781,#528,.T.);
#3503=EDGE_CURVE('',#4781,#4782,#319,.T.);
#3504=EDGE_CURVE('',#4782,#4783,#529,.T.);
#3505=EDGE_CURVE('',#4783,#4784,#530,.T.);
#3506=EDGE_CURVE('',#4784,#4785,#531,.T.);
#3507=EDGE_CURVE('',#4785,#4786,#532,.T.);
#3508=EDGE_CURVE('',#4786,#4787,#5584,.T.);
#3509=EDGE_CURVE('',#4787,#4788,#320,.T.);
#3510=EDGE_CURVE('',#4788,#4789,#321,.T.);
#3511=EDGE_CURVE('',#4789,#4790,#322,.T.);
#3512=EDGE_CURVE('',#4790,#4791,#533,.F.);
#3513=EDGE_CURVE('',#4791,#4792,#323,.T.);
#3514=EDGE_CURVE('',#4792,#4793,#324,.T.);
#3515=EDGE_CURVE('',#4793,#4794,#325,.T.);
#3516=EDGE_CURVE('',#4794,#4795,#326,.T.);
#3517=EDGE_CURVE('',#4795,#4796,#534,.F.);
#3518=EDGE_CURVE('',#4796,#4773,#535,.F.);
#3519=EDGE_CURVE('',#4797,#4798,#327,.T.);
#3520=EDGE_CURVE('',#4798,#4799,#328,.T.);
#3521=EDGE_CURVE('',#4799,#4800,#536,.T.);
#3522=EDGE_CURVE('',#4800,#4801,#537,.T.);
#3523=EDGE_CURVE('',#4801,#4802,#5585,.T.);
#3524=EDGE_CURVE('',#4802,#4803,#538,.F.);
#3525=EDGE_CURVE('',#4803,#4804,#539,.F.);
#3526=EDGE_CURVE('',#4804,#4805,#540,.F.);
#3527=EDGE_CURVE('',#4805,#4806,#541,.F.);
#3528=EDGE_CURVE('',#4806,#4807,#542,.F.);
#3529=EDGE_CURVE('',#4807,#4808,#329,.T.);
#3530=EDGE_CURVE('',#4808,#4809,#543,.F.);
#3531=EDGE_CURVE('',#4809,#4810,#544,.F.);
#3532=EDGE_CURVE('',#4810,#4811,#545,.F.);
#3533=EDGE_CURVE('',#4811,#4812,#5586,.T.);
#3534=EDGE_CURVE('',#4812,#4813,#5587,.T.);
#3535=EDGE_CURVE('',#4813,#4814,#5588,.T.);
#3536=EDGE_CURVE('',#4814,#4815,#5589,.T.);
#3537=EDGE_CURVE('',#4815,#4816,#5590,.T.);
#3538=EDGE_CURVE('',#4816,#4817,#5591,.T.);
#3539=EDGE_CURVE('',#4817,#4818,#5592,.T.);
#3540=EDGE_CURVE('',#4818,#4819,#5593,.T.);
#3541=EDGE_CURVE('',#4819,#4820,#5594,.T.);
#3542=EDGE_CURVE('',#4820,#4821,#5595,.T.);
#3543=EDGE_CURVE('',#4821,#4797,#5596,.T.);
#3544=EDGE_CURVE('',#4822,#4823,#5597,.T.);
#3545=EDGE_CURVE('',#4823,#4824,#5598,.T.);
#3546=EDGE_CURVE('',#4824,#4825,#5599,.T.);
#3547=EDGE_CURVE('',#4825,#4826,#546,.T.);
#3548=EDGE_CURVE('',#4826,#4827,#330,.T.);
#3549=EDGE_CURVE('',#4827,#4828,#547,.T.);
#3550=EDGE_CURVE('',#4828,#4829,#331,.T.);
#3551=EDGE_CURVE('',#4829,#4830,#548,.T.);
#3552=EDGE_CURVE('',#4830,#4831,#549,.T.);
#3553=EDGE_CURVE('',#4831,#4832,#550,.T.);
#3554=EDGE_CURVE('',#4832,#4833,#332,.T.);
#3555=EDGE_CURVE('',#4833,#4834,#5600,.T.);
#3556=EDGE_CURVE('',#4834,#4835,#5601,.T.);
#3557=EDGE_CURVE('',#4835,#4836,#5602,.T.);
#3558=EDGE_CURVE('',#4836,#4837,#5603,.T.);
#3559=EDGE_CURVE('',#4837,#4838,#5604,.T.);
#3560=EDGE_CURVE('',#4838,#4839,#551,.F.);
#3561=EDGE_CURVE('',#4839,#4840,#552,.F.);
#3562=EDGE_CURVE('',#4840,#4841,#553,.F.);
#3563=EDGE_CURVE('',#4841,#4842,#554,.F.);
#3564=EDGE_CURVE('',#4842,#4843,#333,.T.);
#3565=EDGE_CURVE('',#4843,#4844,#555,.F.);
#3566=EDGE_CURVE('',#4844,#4845,#556,.F.);
#3567=EDGE_CURVE('',#4845,#4846,#557,.F.);
#3568=EDGE_CURVE('',#4846,#4847,#558,.F.);
#3569=EDGE_CURVE('',#4847,#4848,#559,.F.);
#3570=EDGE_CURVE('',#4848,#4849,#560,.F.);
#3571=EDGE_CURVE('',#4849,#4822,#561,.F.);
#3572=EDGE_CURVE('',#4850,#4851,#5605,.T.);
#3573=EDGE_CURVE('',#4852,#4851,#5606,.T.);
#3574=EDGE_CURVE('',#4852,#4853,#5607,.T.);
#3575=EDGE_CURVE('',#4854,#4853,#5608,.T.);
#3576=EDGE_CURVE('',#4854,#4855,#5609,.T.);
#3577=EDGE_CURVE('',#4856,#4855,#5610,.T.);
#3578=EDGE_CURVE('',#4857,#4856,#5611,.T.);
#3579=EDGE_CURVE('',#4857,#4858,#5612,.T.);
#3580=EDGE_CURVE('',#4858,#4859,#562,.F.);
#3581=EDGE_CURVE('',#4859,#4860,#563,.T.);
#3582=EDGE_CURVE('',#4861,#4860,#5613,.T.);
#3583=EDGE_CURVE('',#4861,#4850,#5614,.T.);
#3584=EDGE_CURVE('',#4862,#4863,#5615,.T.);
#3585=EDGE_CURVE('',#4863,#4864,#5616,.T.);
#3586=EDGE_CURVE('',#4864,#4865,#564,.T.);
#3587=EDGE_CURVE('',#4865,#4866,#334,.T.);
#3588=EDGE_CURVE('',#4866,#4867,#335,.T.);
#3589=EDGE_CURVE('',#4867,#4868,#336,.T.);
#3590=EDGE_CURVE('',#4868,#4869,#337,.T.);
#3591=EDGE_CURVE('',#4869,#4870,#565,.T.);
#3592=EDGE_CURVE('',#4870,#4871,#566,.T.);
#3593=EDGE_CURVE('',#4871,#4872,#338,.T.);
#3594=EDGE_CURVE('',#4872,#4873,#5617,.T.);
#3595=EDGE_CURVE('',#4873,#4874,#5618,.T.);
#3596=EDGE_CURVE('',#4874,#4875,#5619,.T.);
#3597=EDGE_CURVE('',#4875,#4876,#5620,.T.);
#3598=EDGE_CURVE('',#4876,#4877,#5621,.T.);
#3599=EDGE_CURVE('',#4877,#4878,#339,.T.);
#3600=EDGE_CURVE('',#4878,#4879,#567,.F.);
#3601=EDGE_CURVE('',#4879,#4880,#568,.F.);
#3602=EDGE_CURVE('',#4880,#4881,#569,.F.);
#3603=EDGE_CURVE('',#4881,#4882,#340,.T.);
#3604=EDGE_CURVE('',#4882,#4883,#341,.T.);
#3605=EDGE_CURVE('',#4883,#4884,#570,.F.);
#3606=EDGE_CURVE('',#4884,#4885,#571,.F.);
#3607=EDGE_CURVE('',#4885,#4886,#572,.F.);
#3608=EDGE_CURVE('',#4886,#4887,#573,.F.);
#3609=EDGE_CURVE('',#4887,#4862,#5622,.T.);
#3610=EDGE_CURVE('',#4888,#4889,#342,.T.);
#3611=EDGE_CURVE('',#4889,#4890,#343,.T.);
#3612=EDGE_CURVE('',#4890,#4891,#574,.T.);
#3613=EDGE_CURVE('',#4891,#4892,#575,.T.);
#3614=EDGE_CURVE('',#4892,#4893,#5623,.T.);
#3615=EDGE_CURVE('',#4893,#4894,#576,.F.);
#3616=EDGE_CURVE('',#4894,#4895,#577,.F.);
#3617=EDGE_CURVE('',#4895,#4896,#578,.F.);
#3618=EDGE_CURVE('',#4896,#4897,#579,.F.);
#3619=EDGE_CURVE('',#4897,#4898,#580,.F.);
#3620=EDGE_CURVE('',#4898,#4899,#344,.T.);
#3621=EDGE_CURVE('',#4899,#4900,#581,.F.);
#3622=EDGE_CURVE('',#4900,#4901,#582,.F.);
#3623=EDGE_CURVE('',#4901,#4902,#583,.F.);
#3624=EDGE_CURVE('',#4902,#4903,#5624,.T.);
#3625=EDGE_CURVE('',#4903,#4904,#5625,.T.);
#3626=EDGE_CURVE('',#4904,#4905,#5626,.T.);
#3627=EDGE_CURVE('',#4905,#4906,#5627,.T.);
#3628=EDGE_CURVE('',#4906,#4907,#5628,.T.);
#3629=EDGE_CURVE('',#4907,#4908,#5629,.T.);
#3630=EDGE_CURVE('',#4908,#4909,#5630,.T.);
#3631=EDGE_CURVE('',#4909,#4910,#5631,.T.);
#3632=EDGE_CURVE('',#4910,#4911,#5632,.T.);
#3633=EDGE_CURVE('',#4911,#4912,#5633,.T.);
#3634=EDGE_CURVE('',#4912,#4888,#5634,.T.);
#3635=EDGE_CURVE('',#4913,#4914,#584,.T.);
#3636=EDGE_CURVE('',#4914,#4915,#585,.T.);
#3637=EDGE_CURVE('',#4915,#4916,#586,.T.);
#3638=EDGE_CURVE('',#4916,#4917,#587,.T.);
#3639=EDGE_CURVE('',#4917,#4918,#345,.T.);
#3640=EDGE_CURVE('',#4918,#4919,#346,.T.);
#3641=EDGE_CURVE('',#4919,#4920,#5635,.T.);
#3642=EDGE_CURVE('',#4920,#4921,#5636,.T.);
#3643=EDGE_CURVE('',#4921,#4922,#588,.T.);
#3644=EDGE_CURVE('',#4922,#4923,#589,.F.);
#3645=EDGE_CURVE('',#4923,#4924,#347,.T.);
#3646=EDGE_CURVE('',#4924,#4925,#348,.T.);
#3647=EDGE_CURVE('',#4925,#4926,#349,.T.);
#3648=EDGE_CURVE('',#4926,#4927,#590,.F.);
#3649=EDGE_CURVE('',#4927,#4928,#350,.T.);
#3650=EDGE_CURVE('',#4928,#4929,#591,.F.);
#3651=EDGE_CURVE('',#4929,#4930,#351,.T.);
#3652=EDGE_CURVE('',#4930,#4931,#592,.F.);
#3653=EDGE_CURVE('',#4931,#4932,#352,.T.);
#3654=EDGE_CURVE('',#4932,#4933,#353,.T.);
#3655=EDGE_CURVE('',#4933,#4934,#354,.T.);
#3656=EDGE_CURVE('',#4934,#4935,#355,.T.);
#3657=EDGE_CURVE('',#4935,#4936,#356,.T.);
#3658=EDGE_CURVE('',#4936,#4937,#357,.T.);
#3659=EDGE_CURVE('',#4937,#4938,#5637,.T.);
#3660=EDGE_CURVE('',#4938,#4939,#5638,.T.);
#3661=EDGE_CURVE('',#4939,#4940,#5639,.T.);
#3662=EDGE_CURVE('',#4940,#4941,#358,.T.);
#3663=EDGE_CURVE('',#4941,#4942,#359,.T.);
#3664=EDGE_CURVE('',#4942,#4943,#593,.F.);
#3665=EDGE_CURVE('',#4943,#4944,#360,.T.);
#3666=EDGE_CURVE('',#4944,#4945,#594,.F.);
#3667=EDGE_CURVE('',#4945,#4946,#595,.F.);
#3668=EDGE_CURVE('',#4946,#4913,#5640,.T.);
#3669=EDGE_CURVE('',#4947,#4948,#5641,.T.);
#3670=EDGE_CURVE('',#4948,#4949,#5642,.T.);
#3671=EDGE_CURVE('',#4949,#4950,#5643,.T.);
#3672=EDGE_CURVE('',#4950,#4951,#596,.T.);
#3673=EDGE_CURVE('',#4951,#4952,#361,.T.);
#3674=EDGE_CURVE('',#4952,#4953,#597,.T.);
#3675=EDGE_CURVE('',#4953,#4954,#362,.T.);
#3676=EDGE_CURVE('',#4954,#4955,#598,.T.);
#3677=EDGE_CURVE('',#4955,#4956,#599,.T.);
#3678=EDGE_CURVE('',#4956,#4957,#600,.T.);
#3679=EDGE_CURVE('',#4957,#4958,#363,.T.);
#3680=EDGE_CURVE('',#4958,#4959,#5644,.T.);
#3681=EDGE_CURVE('',#4959,#4960,#5645,.T.);
#3682=EDGE_CURVE('',#4960,#4961,#5646,.T.);
#3683=EDGE_CURVE('',#4961,#4962,#5647,.T.);
#3684=EDGE_CURVE('',#4962,#4963,#5648,.T.);
#3685=EDGE_CURVE('',#4963,#4964,#601,.F.);
#3686=EDGE_CURVE('',#4964,#4965,#602,.F.);
#3687=EDGE_CURVE('',#4965,#4966,#603,.F.);
#3688=EDGE_CURVE('',#4966,#4967,#604,.F.);
#3689=EDGE_CURVE('',#4967,#4968,#364,.T.);
#3690=EDGE_CURVE('',#4968,#4969,#605,.F.);
#3691=EDGE_CURVE('',#4969,#4970,#606,.F.);
#3692=EDGE_CURVE('',#4970,#4971,#607,.F.);
#3693=EDGE_CURVE('',#4971,#4972,#608,.F.);
#3694=EDGE_CURVE('',#4972,#4973,#609,.F.);
#3695=EDGE_CURVE('',#4973,#4974,#610,.F.);
#3696=EDGE_CURVE('',#4974,#4947,#611,.F.);
#3697=EDGE_CURVE('',#4975,#4976,#365,.T.);
#3698=EDGE_CURVE('',#4976,#4977,#612,.F.);
#3699=EDGE_CURVE('',#4977,#4978,#366,.T.);
#3700=EDGE_CURVE('',#4978,#4979,#367,.T.);
#3701=EDGE_CURVE('',#4979,#4980,#368,.T.);
#3702=EDGE_CURVE('',#4980,#4981,#369,.T.);
#3703=EDGE_CURVE('',#4981,#4982,#613,.F.);
#3704=EDGE_CURVE('',#4982,#4983,#614,.F.);
#3705=EDGE_CURVE('',#4983,#4984,#370,.T.);
#3706=EDGE_CURVE('',#4984,#4985,#615,.F.);
#3707=EDGE_CURVE('',#4985,#4986,#5649,.T.);
#3708=EDGE_CURVE('',#4986,#4987,#5650,.T.);
#3709=EDGE_CURVE('',#4987,#4988,#5651,.T.);
#3710=EDGE_CURVE('',#4988,#4989,#616,.F.);
#3711=EDGE_CURVE('',#4989,#4990,#371,.T.);
#3712=EDGE_CURVE('',#4990,#4991,#617,.F.);
#3713=EDGE_CURVE('',#4991,#4992,#372,.T.);
#3714=EDGE_CURVE('',#4992,#4993,#373,.T.);
#3715=EDGE_CURVE('',#4993,#4994,#618,.F.);
#3716=EDGE_CURVE('',#4994,#4995,#619,.F.);
#3717=EDGE_CURVE('',#4995,#4975,#374,.T.);
#3718=EDGE_CURVE('',#4996,#4997,#620,.F.);
#3719=EDGE_CURVE('',#4997,#4998,#621,.F.);
#3720=EDGE_CURVE('',#4998,#4999,#622,.F.);
#3721=EDGE_CURVE('',#4999,#5000,#623,.F.);
#3722=EDGE_CURVE('',#5000,#5001,#624,.F.);
#3723=EDGE_CURVE('',#5001,#5002,#625,.F.);
#3724=EDGE_CURVE('',#5002,#5003,#626,.F.);
#3725=EDGE_CURVE('',#5003,#4996,#627,.F.);
#3726=EDGE_CURVE('',#5004,#5005,#5652,.T.);
#3727=EDGE_CURVE('',#5005,#5006,#5653,.T.);
#3728=EDGE_CURVE('',#5006,#5007,#5654,.T.);
#3729=EDGE_CURVE('',#5007,#5008,#5655,.T.);
#3730=EDGE_CURVE('',#5008,#5009,#5656,.T.);
#3731=EDGE_CURVE('',#5009,#5010,#5657,.T.);
#3732=EDGE_CURVE('',#5010,#5004,#5658,.T.);
#3733=EDGE_CURVE('',#5011,#5012,#5659,.T.);
#3734=EDGE_CURVE('',#5012,#5013,#5660,.T.);
#3735=EDGE_CURVE('',#5014,#5013,#5661,.T.);
#3736=EDGE_CURVE('',#5011,#5014,#5662,.T.);
#3737=EDGE_CURVE('',#5015,#4854,#5663,.T.);
#3738=EDGE_CURVE('',#5015,#5016,#5664,.T.);
#3739=EDGE_CURVE('',#5016,#4855,#5665,.T.);
#3740=EDGE_CURVE('',#5017,#4852,#5666,.T.);
#3741=EDGE_CURVE('',#5017,#5018,#5667,.T.);
#3742=EDGE_CURVE('',#5018,#4853,#5668,.T.);
#3743=EDGE_CURVE('',#5019,#4857,#5669,.T.);
#3744=EDGE_CURVE('',#5019,#5020,#5670,.T.);
#3745=EDGE_CURVE('',#5020,#4858,#5671,.F.);
#3746=EDGE_CURVE('',#5021,#4861,#5672,.T.);
#3747=EDGE_CURVE('',#5021,#5022,#5673,.T.);
#3748=EDGE_CURVE('',#5022,#4850,#5674,.T.);
#3749=EDGE_CURVE('',#5023,#5024,#5675,.T.);
#3750=EDGE_CURVE('',#5024,#5025,#5676,.T.);
#3751=EDGE_CURVE('',#5025,#4851,#5677,.T.);
#3752=EDGE_CURVE('',#5022,#5026,#5678,.T.);
#3753=EDGE_CURVE('',#5027,#5026,#5679,.T.);
#3754=EDGE_CURVE('',#5027,#5023,#5680,.T.);
#3755=EDGE_CURVE('',#5028,#5028,#628,.T.);
#3756=EDGE_CURVE('',#5029,#5029,#629,.T.);
#3757=EDGE_CURVE('',#5030,#5030,#630,.T.);
#3758=EDGE_CURVE('',#5031,#5031,#631,.T.);
#3759=EDGE_CURVE('',#5032,#5032,#632,.T.);
#3760=EDGE_CURVE('',#5033,#5033,#633,.T.);
#3761=EDGE_CURVE('',#5034,#5035,#5681,.T.);
#3762=EDGE_CURVE('',#5034,#5036,#5682,.T.);
#3763=EDGE_CURVE('',#5036,#5037,#5683,.T.);
#3764=EDGE_CURVE('',#5035,#5037,#5684,.T.);
#3765=EDGE_CURVE('',#5021,#5038,#5685,.T.);
#3766=EDGE_CURVE('',#4860,#5038,#5686,.F.);
#3767=EDGE_CURVE('',#5038,#5039,#634,.F.);
#3768=EDGE_CURVE('',#4859,#5039,#5687,.F.);
#3769=EDGE_CURVE('',#5034,#5040,#5688,.T.);
#3770=EDGE_CURVE('',#5040,#5041,#5689,.T.);
#3771=EDGE_CURVE('',#5041,#5036,#5690,.T.);
#3772=EDGE_CURVE('',#5035,#5042,#5691,.T.);
#3773=EDGE_CURVE('',#5037,#5043,#5692,.T.);
#3774=EDGE_CURVE('',#5042,#5043,#5693,.T.);
#3775=EDGE_CURVE('',#5044,#5044,#635,.T.);
#3776=EDGE_CURVE('',#5045,#5045,#636,.T.);
#3777=EDGE_CURVE('',#5046,#5046,#637,.T.);
#3778=EDGE_CURVE('',#5047,#5048,#5694,.T.);
#3779=EDGE_CURVE('',#5049,#5047,#5695,.T.);
#3780=EDGE_CURVE('',#5050,#5049,#5696,.T.);
#3781=EDGE_CURVE('',#5051,#5050,#5697,.T.);
#3782=EDGE_CURVE('',#5052,#5051,#5698,.T.);
#3783=EDGE_CURVE('',#5053,#5052,#5699,.T.);
#3784=EDGE_CURVE('',#5053,#5054,#5700,.T.);
#3785=EDGE_CURVE('',#5054,#5055,#5701,.T.);
#3786=EDGE_CURVE('',#5055,#5056,#638,.F.);
#3787=EDGE_CURVE('',#5056,#5057,#5702,.T.);
#3788=EDGE_CURVE('',#5057,#4699,#5703,.T.);
#3789=EDGE_CURVE('',#4698,#4692,#5704,.T.);
#3790=EDGE_CURVE('',#4691,#5058,#5705,.T.);
#3791=EDGE_CURVE('',#5059,#5058,#5706,.F.);
#3792=EDGE_CURVE('',#5060,#5059,#5707,.T.);
#3793=EDGE_CURVE('',#5061,#5060,#5708,.T.);
#3794=EDGE_CURVE('',#5062,#5061,#5709,.T.);
#3795=EDGE_CURVE('',#5062,#5063,#5710,.T.);
#3796=EDGE_CURVE('',#5064,#5063,#5711,.T.);
#3797=EDGE_CURVE('',#5064,#5065,#5712,.T.);
#3798=EDGE_CURVE('',#5065,#5066,#5713,.T.);
#3799=EDGE_CURVE('',#5066,#5067,#5714,.T.);
#3800=EDGE_CURVE('',#5068,#5067,#5715,.T.);
#3801=EDGE_CURVE('',#5069,#5068,#5716,.T.);
#3802=EDGE_CURVE('',#5070,#5069,#5717,.T.);
#3803=EDGE_CURVE('',#5070,#5071,#5718,.T.);
#3804=EDGE_CURVE('',#5071,#5072,#639,.T.);
#3805=EDGE_CURVE('',#5072,#5073,#5719,.T.);
#3806=EDGE_CURVE('',#5074,#5073,#5720,.T.);
#3807=EDGE_CURVE('',#5075,#5074,#5721,.T.);
#3808=EDGE_CURVE('',#5075,#5076,#640,.F.);
#3809=EDGE_CURVE('',#5076,#5048,#5722,.T.);
#3810=EDGE_CURVE('',#5077,#5077,#641,.T.);
#3811=EDGE_CURVE('',#5078,#5078,#642,.T.);
#3812=EDGE_CURVE('',#5079,#5079,#643,.T.);
#3813=EDGE_CURVE('',#5080,#5081,#5723,.T.);
#3814=EDGE_CURVE('',#5082,#5080,#5724,.T.);
#3815=EDGE_CURVE('',#5082,#5083,#644,.F.);
#3816=EDGE_CURVE('',#5083,#5084,#5725,.T.);
#3817=EDGE_CURVE('',#5084,#5085,#5726,.T.);
#3818=EDGE_CURVE('',#5085,#5086,#5727,.T.);
#3819=EDGE_CURVE('',#5086,#5087,#645,.T.);
#3820=EDGE_CURVE('',#5088,#5087,#5728,.T.);
#3821=EDGE_CURVE('',#5089,#5088,#5729,.T.);
#3822=EDGE_CURVE('',#5089,#5090,#5730,.T.);
#3823=EDGE_CURVE('',#5090,#5091,#5731,.T.);
#3824=EDGE_CURVE('',#5091,#5092,#5732,.T.);
#3825=EDGE_CURVE('',#5093,#5092,#5733,.T.);
#3826=EDGE_CURVE('',#5093,#5094,#646,.T.);
#3827=EDGE_CURVE('',#5094,#5095,#5734,.T.);
#3828=EDGE_CURVE('',#5096,#5095,#5735,.T.);
#3829=EDGE_CURVE('',#5096,#5097,#5736,.T.);
#3830=EDGE_CURVE('',#5098,#5097,#5737,.T.);
#3831=EDGE_CURVE('',#5098,#4703,#647,.T.);
#3832=EDGE_CURVE('',#4701,#5099,#5738,.T.);
#3833=EDGE_CURVE('',#5099,#4689,#5739,.F.);
#3834=EDGE_CURVE('',#4697,#4687,#5740,.T.);
#3835=EDGE_CURVE('',#4696,#5100,#5741,.F.);
#3836=EDGE_CURVE('',#5101,#5100,#5742,.T.);
#3837=EDGE_CURVE('',#5101,#5102,#648,.F.);
#3838=EDGE_CURVE('',#5014,#5102,#5743,.T.);
#3839=EDGE_CURVE('',#5103,#5013,#5744,.T.);
#3840=EDGE_CURVE('',#5104,#5103,#5745,.T.);
#3841=EDGE_CURVE('',#5104,#5105,#5746,.T.);
#3842=EDGE_CURVE('',#5081,#5105,#649,.T.);
#3843=EDGE_CURVE('',#5069,#5106,#5747,.T.);
#3844=EDGE_CURVE('',#5106,#5107,#5748,.T.);
#3845=EDGE_CURVE('',#5070,#5107,#5749,.T.);
#3846=EDGE_CURVE('',#5088,#5108,#5750,.T.);
#3847=EDGE_CURVE('',#5108,#5109,#5751,.T.);
#3848=EDGE_CURVE('',#5089,#5109,#5752,.T.);
#3849=EDGE_CURVE('',#5110,#5111,#5753,.T.);
#3850=EDGE_CURVE('',#5110,#5112,#5754,.T.);
#3851=EDGE_CURVE('',#5112,#5113,#5755,.T.);
#3852=EDGE_CURVE('',#5111,#5113,#5756,.T.);
#3853=EDGE_CURVE('',#5114,#5115,#5757,.T.);
#3854=EDGE_CURVE('',#5115,#5116,#5758,.T.);
#3855=EDGE_CURVE('',#5117,#5116,#5759,.T.);
#3856=EDGE_CURVE('',#5117,#5114,#5760,.T.);
#3857=EDGE_CURVE('',#5118,#5119,#5761,.T.);
#3858=EDGE_CURVE('',#5119,#5120,#650,.T.);
#3859=EDGE_CURVE('',#5120,#5121,#5762,.T.);
#3860=EDGE_CURVE('',#5121,#5122,#651,.T.);
#3861=EDGE_CURVE('',#5123,#5122,#5763,.T.);
#3862=EDGE_CURVE('',#5123,#5118,#5764,.T.);
#3863=EDGE_CURVE('',#5124,#5124,#652,.T.);
#3864=EDGE_CURVE('',#5125,#5125,#653,.T.);
#3865=EDGE_CURVE('',#5126,#5126,#654,.T.);
#3866=EDGE_CURVE('',#5127,#5127,#655,.T.);
#3867=EDGE_CURVE('',#5128,#5128,#656,.T.);
#3868=EDGE_CURVE('',#5129,#5129,#657,.T.);
#3869=EDGE_CURVE('',#5042,#5040,#5765,.T.);
#3870=EDGE_CURVE('',#5043,#5041,#5766,.T.);
#3871=EDGE_CURVE('',#5014,#5118,#5767,.T.);
#3872=EDGE_CURVE('',#5054,#5123,#5768,.T.);
#3873=EDGE_CURVE('',#5130,#5054,#5769,.T.);
#3874=EDGE_CURVE('',#5130,#5011,#5770,.T.);
#3875=EDGE_CURVE('',#5122,#5055,#5771,.F.);
#3876=EDGE_CURVE('',#5120,#5101,#5772,.F.);
#3877=EDGE_CURVE('',#5100,#5131,#658,.T.);
#3878=EDGE_CURVE('',#5131,#5057,#659,.T.);
#3879=EDGE_CURVE('',#5056,#5121,#5773,.T.);
#3880=EDGE_CURVE('',#5059,#4707,#5774,.T.);
#3881=EDGE_CURVE('',#4706,#5132,#660,.F.);
#3882=EDGE_CURVE('',#5060,#5132,#5775,.T.);
#3883=EDGE_CURVE('',#5132,#5133,#114,.F.);
#3884=EDGE_CURVE('',#5133,#5134,#115,.T.);
#3885=EDGE_CURVE('',#5135,#5134,#5776,.T.);
#3886=EDGE_CURVE('',#5061,#5135,#5777,.T.);
#3887=EDGE_CURVE('',#5062,#5117,#5778,.T.);
#3888=EDGE_CURVE('',#5135,#5136,#5779,.T.);
#3889=EDGE_CURVE('',#5097,#5136,#5780,.T.);
#3890=EDGE_CURVE('',#5096,#5114,#5781,.T.);
#3891=EDGE_CURVE('',#5063,#5116,#5782,.T.);
#3892=EDGE_CURVE('',#5095,#5115,#5783,.T.);
#3893=EDGE_CURVE('',#5094,#5137,#5784,.T.);
#3894=EDGE_CURVE('',#5137,#5138,#5785,.T.);
#3895=EDGE_CURVE('',#5064,#5138,#5786,.T.);
#3896=EDGE_CURVE('',#5138,#5139,#5787,.T.);
#3897=EDGE_CURVE('',#5065,#5139,#5788,.T.);
#3898=EDGE_CURVE('',#5139,#5140,#5789,.T.);
#3899=EDGE_CURVE('',#5066,#5140,#5790,.T.);
#3900=EDGE_CURVE('',#5140,#5141,#5791,.T.);
#3901=EDGE_CURVE('',#5092,#5141,#5792,.T.);
#3902=EDGE_CURVE('',#5091,#5111,#5793,.T.);
#3903=EDGE_CURVE('',#5067,#5113,#5794,.T.);
#3904=EDGE_CURVE('',#5068,#5112,#5795,.T.);
#3905=EDGE_CURVE('',#5090,#5110,#5796,.T.);
#3906=EDGE_CURVE('',#5109,#5106,#5797,.T.);
#3907=EDGE_CURVE('',#5087,#5071,#661,.T.);
#3908=EDGE_CURVE('',#5107,#5108,#5798,.T.);
#3909=EDGE_CURVE('',#5142,#5080,#5799,.T.);
#3910=EDGE_CURVE('',#5142,#5019,#5800,.T.);
#3911=EDGE_CURVE('',#5143,#4856,#5801,.T.);
#3912=EDGE_CURVE('',#5144,#5143,#5802,.T.);
#3913=EDGE_CURVE('',#5144,#5048,#5803,.T.);
#3914=EDGE_CURVE('',#5076,#5082,#662,.T.);
#3915=EDGE_CURVE('',#5016,#5143,#5804,.T.);
#3916=EDGE_CURVE('',#5018,#5015,#5805,.T.);
#3917=EDGE_CURVE('',#5025,#5017,#5806,.T.);
#3918=EDGE_CURVE('',#5145,#5141,#5807,.T.);
#3919=EDGE_CURVE('',#5145,#5093,#5808,.F.);
#3920=EDGE_CURVE('',#5146,#5147,#116,.T.);
#3921=EDGE_CURVE('',#5147,#5098,#5809,.F.);
#3922=EDGE_CURVE('',#5146,#5136,#5810,.T.);
#3923=EDGE_CURVE('',#5102,#5119,#5811,.T.);
#3924=EDGE_CURVE('',#5134,#5146,#5812,.F.);
#3925=EDGE_CURVE('',#5133,#5148,#5813,.F.);
#3926=EDGE_CURVE('',#5148,#5147,#375,.T.);
#3927=EDGE_CURVE('',#4704,#5148,#376,.T.);
#3928=EDGE_CURVE('',#5137,#5145,#663,.F.);
#3929=EDGE_CURVE('',#5149,#5149,#377,.T.);
#3930=EDGE_CURVE('',#5083,#5075,#664,.F.);
#3931=EDGE_CURVE('',#5084,#5074,#665,.T.);
#3932=EDGE_CURVE('',#5150,#5150,#378,.T.);
#3933=EDGE_CURVE('',#5072,#5086,#666,.F.);
#3934=EDGE_CURVE('',#5085,#5073,#667,.T.);
#3935=EDGE_CURVE('',#5039,#5020,#668,.T.);
#3936=EDGE_CURVE('',#5012,#5151,#5814,.T.);
#3937=EDGE_CURVE('',#5151,#5130,#5815,.T.);
#3938=EDGE_CURVE('',#5151,#5053,#5816,.T.);
#3939=EDGE_CURVE('',#5152,#5081,#5817,.T.);
#3940=EDGE_CURVE('',#5142,#5152,#5818,.T.);
#3941=EDGE_CURVE('',#5153,#5105,#5819,.T.);
#3942=EDGE_CURVE('',#5152,#5153,#669,.T.);
#3943=EDGE_CURVE('',#5154,#5104,#5820,.T.);
#3944=EDGE_CURVE('',#5154,#5153,#5821,.T.);
#3945=EDGE_CURVE('',#5155,#5103,#5822,.T.);
#3946=EDGE_CURVE('',#5154,#5155,#5823,.T.);
#3947=EDGE_CURVE('',#5156,#5052,#5824,.T.);
#3948=EDGE_CURVE('',#5157,#5156,#5825,.T.);
#3949=EDGE_CURVE('',#5158,#5157,#5826,.T.);
#3950=EDGE_CURVE('',#5159,#5158,#5827,.T.);
#3951=EDGE_CURVE('',#5159,#5160,#5828,.T.);
#3952=EDGE_CURVE('',#5155,#5160,#5829,.T.);
#3953=EDGE_CURVE('',#5160,#5026,#5830,.T.);
#3954=EDGE_CURVE('',#5161,#5144,#5831,.T.);
#3955=EDGE_CURVE('',#5161,#5047,#5832,.T.);
#3956=EDGE_CURVE('',#5162,#5051,#5833,.T.);
#3957=EDGE_CURVE('',#5156,#5162,#5834,.T.);
#3958=EDGE_CURVE('',#5163,#5050,#5835,.T.);
#3959=EDGE_CURVE('',#5162,#5163,#5836,.T.);
#3960=EDGE_CURVE('',#5164,#5049,#5837,.T.);
#3961=EDGE_CURVE('',#5163,#5164,#5838,.T.);
#3962=EDGE_CURVE('',#5164,#5161,#5839,.T.);
#3963=EDGE_CURVE('',#5157,#5024,#5840,.T.);
#3964=EDGE_CURVE('',#5158,#5023,#5841,.T.);
#3965=EDGE_CURVE('',#5159,#5027,#5842,.T.);
#3966=EDGE_CURVE('',#5165,#5165,#670,.T.);
#3967=EDGE_CURVE('',#5166,#5166,#671,.T.);
#3968=EDGE_CURVE('',#5167,#5167,#672,.T.);
#3969=EDGE_CURVE('',#5168,#5168,#673,.T.);
#3970=EDGE_CURVE('',#5169,#5169,#674,.T.);
#3971=EDGE_CURVE('',#5170,#5170,#675,.T.);
#3972=EDGE_CURVE('',#5171,#4862,#5843,.T.);
#3973=EDGE_CURVE('',#5171,#5172,#5844,.T.);
#3974=EDGE_CURVE('',#5172,#4863,#5845,.T.);
#3975=EDGE_CURVE('',#5173,#4887,#5846,.T.);
#3976=EDGE_CURVE('',#5173,#5171,#5847,.T.);
#3977=EDGE_CURVE('',#5174,#4886,#5848,.T.);
#3978=EDGE_CURVE('',#5174,#5173,#676,.F.);
#3979=EDGE_CURVE('',#5175,#4885,#5849,.T.);
#3980=EDGE_CURVE('',#5175,#5174,#677,.F.);
#3981=EDGE_CURVE('',#5176,#4884,#5850,.T.);
#3982=EDGE_CURVE('',#5176,#5175,#678,.F.);
#3983=EDGE_CURVE('',#5177,#4883,#5851,.T.);
#3984=EDGE_CURVE('',#5177,#5176,#679,.F.);
#3985=EDGE_CURVE('',#5178,#4882,#5852,.T.);
#3986=EDGE_CURVE('',#5178,#5177,#379,.T.);
#3987=EDGE_CURVE('',#5179,#4881,#5853,.T.);
#3988=EDGE_CURVE('',#5179,#5178,#380,.T.);
#3989=EDGE_CURVE('',#5180,#4880,#5854,.T.);
#3990=EDGE_CURVE('',#5180,#5179,#680,.F.);
#3991=EDGE_CURVE('',#5181,#4879,#5855,.T.);
#3992=EDGE_CURVE('',#5181,#5180,#681,.F.);
#3993=EDGE_CURVE('',#5182,#4878,#5856,.T.);
#3994=EDGE_CURVE('',#5182,#5181,#682,.F.);
#3995=EDGE_CURVE('',#5183,#4877,#5857,.T.);
#3996=EDGE_CURVE('',#5183,#5182,#381,.T.);
#3997=EDGE_CURVE('',#5184,#4876,#5858,.T.);
#3998=EDGE_CURVE('',#5184,#5183,#5859,.T.);
#3999=EDGE_CURVE('',#5185,#4875,#5860,.T.);
#4000=EDGE_CURVE('',#5185,#5184,#5861,.T.);
#4001=EDGE_CURVE('',#5186,#4874,#5862,.T.);
#4002=EDGE_CURVE('',#5186,#5185,#5863,.T.);
#4003=EDGE_CURVE('',#5187,#4873,#5864,.T.);
#4004=EDGE_CURVE('',#5187,#5186,#5865,.T.);
#4005=EDGE_CURVE('',#5188,#4872,#5866,.T.);
#4006=EDGE_CURVE('',#5188,#5187,#5867,.T.);
#4007=EDGE_CURVE('',#5189,#4871,#5868,.T.);
#4008=EDGE_CURVE('',#5189,#5188,#382,.T.);
#4009=EDGE_CURVE('',#5190,#4870,#5869,.T.);
#4010=EDGE_CURVE('',#5190,#5189,#683,.T.);
#4011=EDGE_CURVE('',#5191,#4869,#5870,.T.);
#4012=EDGE_CURVE('',#5191,#5190,#684,.T.);
#4013=EDGE_CURVE('',#5192,#4868,#5871,.T.);
#4014=EDGE_CURVE('',#5192,#5191,#383,.T.);
#4015=EDGE_CURVE('',#5193,#4867,#5872,.T.);
#4016=EDGE_CURVE('',#5193,#5192,#384,.T.);
#4017=EDGE_CURVE('',#5194,#4866,#5873,.T.);
#4018=EDGE_CURVE('',#5194,#5193,#385,.T.);
#4019=EDGE_CURVE('',#5195,#4865,#5874,.T.);
#4020=EDGE_CURVE('',#5195,#5194,#386,.T.);
#4021=EDGE_CURVE('',#5196,#4864,#5875,.T.);
#4022=EDGE_CURVE('',#5196,#5195,#685,.T.);
#4023=EDGE_CURVE('',#5172,#5196,#5876,.T.);
#4024=EDGE_CURVE('',#5197,#4822,#5877,.T.);
#4025=EDGE_CURVE('',#5197,#5198,#5878,.T.);
#4026=EDGE_CURVE('',#5198,#4823,#5879,.T.);
#4027=EDGE_CURVE('',#5199,#4849,#5880,.T.);
#4028=EDGE_CURVE('',#5199,#5197,#686,.F.);
#4029=EDGE_CURVE('',#5200,#4848,#5881,.T.);
#4030=EDGE_CURVE('',#5200,#5199,#687,.F.);
#4031=EDGE_CURVE('',#5201,#4847,#5882,.T.);
#4032=EDGE_CURVE('',#5201,#5200,#688,.F.);
#4033=EDGE_CURVE('',#5202,#4846,#5883,.T.);
#4034=EDGE_CURVE('',#5202,#5201,#689,.F.);
#4035=EDGE_CURVE('',#5203,#4845,#5884,.T.);
#4036=EDGE_CURVE('',#5203,#5202,#690,.F.);
#4037=EDGE_CURVE('',#5204,#4844,#5885,.T.);
#4038=EDGE_CURVE('',#5204,#5203,#691,.F.);
#4039=EDGE_CURVE('',#5205,#4843,#5886,.T.);
#4040=EDGE_CURVE('',#5205,#5204,#692,.F.);
#4041=EDGE_CURVE('',#5206,#4842,#5887,.T.);
#4042=EDGE_CURVE('',#5206,#5205,#387,.T.);
#4043=EDGE_CURVE('',#5207,#4841,#5888,.T.);
#4044=EDGE_CURVE('',#5207,#5206,#693,.F.);
#4045=EDGE_CURVE('',#5208,#4840,#5889,.T.);
#4046=EDGE_CURVE('',#5208,#5207,#694,.F.);
#4047=EDGE_CURVE('',#5209,#4839,#5890,.T.);
#4048=EDGE_CURVE('',#5209,#5208,#695,.F.);
#4049=EDGE_CURVE('',#5210,#4838,#5891,.T.);
#4050=EDGE_CURVE('',#5210,#5209,#696,.F.);
#4051=EDGE_CURVE('',#5211,#4837,#5892,.T.);
#4052=EDGE_CURVE('',#5211,#5210,#5893,.T.);
#4053=EDGE_CURVE('',#5212,#4836,#5894,.T.);
#4054=EDGE_CURVE('',#5212,#5211,#5895,.T.);
#4055=EDGE_CURVE('',#5213,#4835,#5896,.T.);
#4056=EDGE_CURVE('',#5213,#5212,#5897,.T.);
#4057=EDGE_CURVE('',#5214,#4834,#5898,.T.);
#4058=EDGE_CURVE('',#5214,#5213,#5899,.T.);
#4059=EDGE_CURVE('',#5215,#4833,#5900,.T.);
#4060=EDGE_CURVE('',#5215,#5214,#5901,.T.);
#4061=EDGE_CURVE('',#5216,#4832,#5902,.T.);
#4062=EDGE_CURVE('',#5216,#5215,#388,.T.);
#4063=EDGE_CURVE('',#5217,#4831,#5903,.T.);
#4064=EDGE_CURVE('',#5217,#5216,#697,.T.);
#4065=EDGE_CURVE('',#5218,#4830,#5904,.T.);
#4066=EDGE_CURVE('',#5218,#5217,#698,.T.);
#4067=EDGE_CURVE('',#5219,#4829,#5905,.T.);
#4068=EDGE_CURVE('',#5219,#5218,#699,.T.);
#4069=EDGE_CURVE('',#5220,#4828,#5906,.T.);
#4070=EDGE_CURVE('',#5220,#5219,#389,.T.);
#4071=EDGE_CURVE('',#5221,#4827,#5907,.T.);
#4072=EDGE_CURVE('',#5221,#5220,#700,.T.);
#4073=EDGE_CURVE('',#5222,#4826,#5908,.T.);
#4074=EDGE_CURVE('',#5222,#5221,#390,.T.);
#4075=EDGE_CURVE('',#5223,#4825,#5909,.T.);
#4076=EDGE_CURVE('',#5223,#5222,#701,.T.);
#4077=EDGE_CURVE('',#5224,#4824,#5910,.T.);
#4078=EDGE_CURVE('',#5224,#5223,#5911,.T.);
#4079=EDGE_CURVE('',#5198,#5224,#5912,.T.);
#4080=EDGE_CURVE('',#5225,#4888,#5913,.T.);
#4081=EDGE_CURVE('',#5225,#5226,#391,.T.);
#4082=EDGE_CURVE('',#5226,#4889,#5914,.T.);
#4083=EDGE_CURVE('',#5227,#4912,#5915,.T.);
#4084=EDGE_CURVE('',#5227,#5225,#5916,.T.);
#4085=EDGE_CURVE('',#5228,#4911,#5917,.T.);
#4086=EDGE_CURVE('',#5228,#5227,#5918,.T.);
#4087=EDGE_CURVE('',#5229,#4910,#5919,.T.);
#4088=EDGE_CURVE('',#5229,#5228,#5920,.T.);
#4089=EDGE_CURVE('',#5230,#4909,#5921,.T.);
#4090=EDGE_CURVE('',#5230,#5229,#5922,.T.);
#4091=EDGE_CURVE('',#5231,#4908,#5923,.T.);
#4092=EDGE_CURVE('',#5231,#5230,#5924,.T.);
#4093=EDGE_CURVE('',#5232,#4907,#5925,.T.);
#4094=EDGE_CURVE('',#5232,#5231,#5926,.T.);
#4095=EDGE_CURVE('',#5233,#4906,#5927,.T.);
#4096=EDGE_CURVE('',#5233,#5232,#5928,.T.);
#4097=EDGE_CURVE('',#5234,#4905,#5929,.T.);
#4098=EDGE_CURVE('',#5234,#5233,#5930,.T.);
#4099=EDGE_CURVE('',#5235,#4904,#5931,.T.);
#4100=EDGE_CURVE('',#5235,#5234,#5932,.T.);
#4101=EDGE_CURVE('',#5236,#4903,#5933,.T.);
#4102=EDGE_CURVE('',#5236,#5235,#5934,.T.);
#4103=EDGE_CURVE('',#5237,#4902,#5935,.T.);
#4104=EDGE_CURVE('',#5237,#5236,#5936,.T.);
#4105=EDGE_CURVE('',#5238,#4901,#5937,.T.);
#4106=EDGE_CURVE('',#5238,#5237,#702,.F.);
#4107=EDGE_CURVE('',#5239,#4900,#5938,.T.);
#4108=EDGE_CURVE('',#5239,#5238,#703,.F.);
#4109=EDGE_CURVE('',#5240,#4899,#5939,.T.);
#4110=EDGE_CURVE('',#5240,#5239,#704,.F.);
#4111=EDGE_CURVE('',#5241,#4898,#5940,.T.);
#4112=EDGE_CURVE('',#5241,#5240,#392,.T.);
#4113=EDGE_CURVE('',#5242,#4897,#5941,.T.);
#4114=EDGE_CURVE('',#5242,#5241,#705,.F.);
#4115=EDGE_CURVE('',#5243,#4896,#5942,.T.);
#4116=EDGE_CURVE('',#5243,#5242,#706,.F.);
#4117=EDGE_CURVE('',#5244,#4895,#5943,.T.);
#4118=EDGE_CURVE('',#5244,#5243,#707,.F.);
#4119=EDGE_CURVE('',#5245,#4894,#5944,.T.);
#4120=EDGE_CURVE('',#5245,#5244,#708,.F.);
#4121=EDGE_CURVE('',#5246,#4893,#5945,.T.);
#4122=EDGE_CURVE('',#5246,#5245,#709,.F.);
#4123=EDGE_CURVE('',#5247,#4892,#5946,.T.);
#4124=EDGE_CURVE('',#5247,#5246,#5947,.T.);
#4125=EDGE_CURVE('',#5248,#4891,#5948,.T.);
#4126=EDGE_CURVE('',#5248,#5247,#710,.T.);
#4127=EDGE_CURVE('',#5249,#4890,#5949,.T.);
#4128=EDGE_CURVE('',#5249,#5248,#711,.T.);
#4129=EDGE_CURVE('',#5226,#5249,#393,.T.);
#4130=EDGE_CURVE('',#5250,#4797,#5950,.T.);
#4131=EDGE_CURVE('',#5250,#5251,#394,.T.);
#4132=EDGE_CURVE('',#5251,#4798,#5951,.T.);
#4133=EDGE_CURVE('',#5252,#4821,#5952,.T.);
#4134=EDGE_CURVE('',#5252,#5250,#5953,.T.);
#4135=EDGE_CURVE('',#5253,#4820,#5954,.T.);
#4136=EDGE_CURVE('',#5253,#5252,#5955,.T.);
#4137=EDGE_CURVE('',#5254,#4819,#5956,.T.);
#4138=EDGE_CURVE('',#5254,#5253,#5957,.T.);
#4139=EDGE_CURVE('',#5255,#4818,#5958,.T.);
#4140=EDGE_CURVE('',#5255,#5254,#5959,.T.);
#4141=EDGE_CURVE('',#5256,#4817,#5960,.T.);
#4142=EDGE_CURVE('',#5256,#5255,#5961,.T.);
#4143=EDGE_CURVE('',#5257,#4816,#5962,.T.);
#4144=EDGE_CURVE('',#5257,#5256,#5963,.T.);
#4145=EDGE_CURVE('',#5258,#4815,#5964,.T.);
#4146=EDGE_CURVE('',#5258,#5257,#5965,.T.);
#4147=EDGE_CURVE('',#5259,#4814,#5966,.T.);
#4148=EDGE_CURVE('',#5259,#5258,#5967,.T.);
#4149=EDGE_CURVE('',#5260,#4813,#5968,.T.);
#4150=EDGE_CURVE('',#5260,#5259,#5969,.T.);
#4151=EDGE_CURVE('',#5261,#4812,#5970,.T.);
#4152=EDGE_CURVE('',#5261,#5260,#5971,.T.);
#4153=EDGE_CURVE('',#5262,#4811,#5972,.T.);
#4154=EDGE_CURVE('',#5262,#5261,#5973,.T.);
#4155=EDGE_CURVE('',#5263,#4810,#5974,.T.);
#4156=EDGE_CURVE('',#5263,#5262,#712,.F.);
#4157=EDGE_CURVE('',#5264,#4809,#5975,.T.);
#4158=EDGE_CURVE('',#5264,#5263,#713,.F.);
#4159=EDGE_CURVE('',#5265,#4808,#5976,.T.);
#4160=EDGE_CURVE('',#5265,#5264,#714,.F.);
#4161=EDGE_CURVE('',#5266,#4807,#5977,.T.);
#4162=EDGE_CURVE('',#5266,#5265,#395,.T.);
#4163=EDGE_CURVE('',#5267,#4806,#5978,.T.);
#4164=EDGE_CURVE('',#5267,#5266,#715,.F.);
#4165=EDGE_CURVE('',#5268,#4805,#5979,.T.);
#4166=EDGE_CURVE('',#5268,#5267,#716,.F.);
#4167=EDGE_CURVE('',#5269,#4804,#5980,.T.);
#4168=EDGE_CURVE('',#5269,#5268,#717,.F.);
#4169=EDGE_CURVE('',#5270,#4803,#5981,.T.);
#4170=EDGE_CURVE('',#5270,#5269,#718,.F.);
#4171=EDGE_CURVE('',#5271,#4802,#5982,.T.);
#4172=EDGE_CURVE('',#5271,#5270,#719,.F.);
#4173=EDGE_CURVE('',#5272,#4801,#5983,.T.);
#4174=EDGE_CURVE('',#5272,#5271,#5984,.T.);
#4175=EDGE_CURVE('',#5273,#4800,#5985,.T.);
#4176=EDGE_CURVE('',#5273,#5272,#720,.T.);
#4177=EDGE_CURVE('',#5274,#4799,#5986,.T.);
#4178=EDGE_CURVE('',#5274,#5273,#721,.T.);
#4179=EDGE_CURVE('',#5251,#5274,#396,.T.);
#4180=EDGE_CURVE('',#5275,#5276,#397,.T.);
#4181=EDGE_CURVE('',#5277,#5275,#5987,.T.);
#4182=EDGE_CURVE('',#5277,#5278,#398,.T.);
#4183=EDGE_CURVE('',#5278,#5276,#5988,.T.);
#4184=EDGE_CURVE('',#5279,#5275,#722,.T.);
#4185=EDGE_CURVE('',#5280,#5279,#5989,.T.);
#4186=EDGE_CURVE('',#5280,#5277,#723,.T.);
#4187=EDGE_CURVE('',#5281,#5279,#399,.T.);
#4188=EDGE_CURVE('',#5282,#5281,#5990,.T.);
#4189=EDGE_CURVE('',#5282,#5280,#400,.T.);
#4190=EDGE_CURVE('',#5283,#5281,#401,.T.);
#4191=EDGE_CURVE('',#5284,#5283,#5991,.T.);
#4192=EDGE_CURVE('',#5284,#5282,#402,.T.);
#4193=EDGE_CURVE('',#5285,#5283,#403,.T.);
#4194=EDGE_CURVE('',#5286,#5285,#5992,.T.);
#4195=EDGE_CURVE('',#5286,#5284,#404,.T.);
#4196=EDGE_CURVE('',#5287,#5285,#724,.T.);
#4197=EDGE_CURVE('',#5288,#5287,#5993,.T.);
#4198=EDGE_CURVE('',#5288,#5286,#725,.T.);
#4199=EDGE_CURVE('',#5289,#5287,#726,.T.);
#4200=EDGE_CURVE('',#5290,#5289,#5994,.T.);
#4201=EDGE_CURVE('',#5290,#5288,#727,.T.);
#4202=EDGE_CURVE('',#5291,#5289,#405,.T.);
#4203=EDGE_CURVE('',#5292,#5291,#5995,.T.);
#4204=EDGE_CURVE('',#5292,#5290,#406,.T.);
#4205=EDGE_CURVE('',#5293,#5291,#728,.T.);
#4206=EDGE_CURVE('',#5294,#5293,#5996,.T.);
#4207=EDGE_CURVE('',#5294,#5292,#729,.T.);
#4208=EDGE_CURVE('',#5295,#5293,#730,.T.);
#4209=EDGE_CURVE('',#5296,#5295,#5997,.T.);
#4210=EDGE_CURVE('',#5296,#5294,#731,.T.);
#4211=EDGE_CURVE('',#5297,#5295,#407,.T.);
#4212=EDGE_CURVE('',#5298,#5297,#5998,.T.);
#4213=EDGE_CURVE('',#5298,#5296,#408,.T.);
#4214=EDGE_CURVE('',#5299,#5297,#732,.T.);
#4215=EDGE_CURVE('',#5300,#5299,#5999,.T.);
#4216=EDGE_CURVE('',#5300,#5298,#733,.T.);
#4217=EDGE_CURVE('',#5301,#5299,#734,.T.);
#4218=EDGE_CURVE('',#5302,#5301,#6000,.T.);
#4219=EDGE_CURVE('',#5302,#5300,#735,.T.);
#4220=EDGE_CURVE('',#5303,#5301,#736,.T.);
#4221=EDGE_CURVE('',#5304,#5303,#6001,.T.);
#4222=EDGE_CURVE('',#5304,#5302,#737,.T.);
#4223=EDGE_CURVE('',#5305,#5303,#738,.T.);
#4224=EDGE_CURVE('',#5306,#5305,#6002,.T.);
#4225=EDGE_CURVE('',#5306,#5304,#739,.T.);
#4226=EDGE_CURVE('',#5307,#4913,#6003,.T.);
#4227=EDGE_CURVE('',#5307,#5308,#740,.T.);
#4228=EDGE_CURVE('',#5308,#4914,#6004,.T.);
#4229=EDGE_CURVE('',#5309,#4946,#6005,.T.);
#4230=EDGE_CURVE('',#5309,#5307,#6006,.T.);
#4231=EDGE_CURVE('',#5310,#4945,#6007,.T.);
#4232=EDGE_CURVE('',#5310,#5309,#741,.F.);
#4233=EDGE_CURVE('',#5311,#4944,#6008,.T.);
#4234=EDGE_CURVE('',#5311,#5310,#742,.F.);
#4235=EDGE_CURVE('',#5312,#4943,#6009,.T.);
#4236=EDGE_CURVE('',#5312,#5311,#409,.T.);
#4237=EDGE_CURVE('',#5313,#4942,#6010,.T.);
#4238=EDGE_CURVE('',#5313,#5312,#743,.F.);
#4239=EDGE_CURVE('',#5314,#4941,#6011,.T.);
#4240=EDGE_CURVE('',#5314,#5313,#410,.T.);
#4241=EDGE_CURVE('',#5315,#4940,#6012,.T.);
#4242=EDGE_CURVE('',#5315,#5314,#411,.T.);
#4243=EDGE_CURVE('',#5316,#4939,#6013,.T.);
#4244=EDGE_CURVE('',#5316,#5315,#6014,.T.);
#4245=EDGE_CURVE('',#5317,#4938,#6015,.T.);
#4246=EDGE_CURVE('',#5317,#5316,#6016,.T.);
#4247=EDGE_CURVE('',#5318,#4937,#6017,.T.);
#4248=EDGE_CURVE('',#5318,#5317,#6018,.T.);
#4249=EDGE_CURVE('',#5319,#4936,#6019,.T.);
#4250=EDGE_CURVE('',#5319,#5318,#412,.T.);
#4251=EDGE_CURVE('',#5320,#4935,#6020,.T.);
#4252=EDGE_CURVE('',#5320,#5319,#413,.T.);
#4253=EDGE_CURVE('',#5321,#4934,#6021,.T.);
#4254=EDGE_CURVE('',#5321,#5320,#414,.T.);
#4255=EDGE_CURVE('',#5322,#4933,#6022,.T.);
#4256=EDGE_CURVE('',#5322,#5321,#415,.T.);
#4257=EDGE_CURVE('',#5323,#4932,#6023,.T.);
#4258=EDGE_CURVE('',#5323,#5322,#416,.T.);
#4259=EDGE_CURVE('',#5324,#4931,#6024,.T.);
#4260=EDGE_CURVE('',#5324,#5323,#417,.T.);
#4261=EDGE_CURVE('',#5325,#4930,#6025,.T.);
#4262=EDGE_CURVE('',#5325,#5324,#744,.F.);
#4263=EDGE_CURVE('',#5326,#4929,#6026,.T.);
#4264=EDGE_CURVE('',#5326,#5325,#418,.T.);
#4265=EDGE_CURVE('',#5327,#4928,#6027,.T.);
#4266=EDGE_CURVE('',#5327,#5326,#745,.F.);
#4267=EDGE_CURVE('',#5328,#4927,#6028,.T.);
#4268=EDGE_CURVE('',#5328,#5327,#419,.T.);
#4269=EDGE_CURVE('',#5329,#4926,#6029,.T.);
#4270=EDGE_CURVE('',#5329,#5328,#746,.F.);
#4271=EDGE_CURVE('',#5330,#4925,#6030,.T.);
#4272=EDGE_CURVE('',#5330,#5329,#420,.T.);
#4273=EDGE_CURVE('',#5331,#4924,#6031,.T.);
#4274=EDGE_CURVE('',#5331,#5330,#421,.T.);
#4275=EDGE_CURVE('',#5332,#4923,#6032,.T.);
#4276=EDGE_CURVE('',#5332,#5331,#422,.T.);
#4277=EDGE_CURVE('',#5333,#4922,#6033,.T.);
#4278=EDGE_CURVE('',#5333,#5332,#747,.F.);
#4279=EDGE_CURVE('',#5334,#4921,#6034,.T.);
#4280=EDGE_CURVE('',#5334,#5333,#748,.T.);
#4281=EDGE_CURVE('',#5335,#4920,#6035,.T.);
#4282=EDGE_CURVE('',#5335,#5334,#6036,.T.);
#4283=EDGE_CURVE('',#5336,#4919,#6037,.T.);
#4284=EDGE_CURVE('',#5336,#5335,#6038,.T.);
#4285=EDGE_CURVE('',#5337,#4918,#6039,.T.);
#4286=EDGE_CURVE('',#5337,#5336,#423,.T.);
#4287=EDGE_CURVE('',#5338,#4917,#6040,.T.);
#4288=EDGE_CURVE('',#5338,#5337,#424,.T.);
#4289=EDGE_CURVE('',#5339,#4916,#6041,.T.);
#4290=EDGE_CURVE('',#5339,#5338,#749,.T.);
#4291=EDGE_CURVE('',#5340,#4915,#6042,.T.);
#4292=EDGE_CURVE('',#5340,#5339,#750,.T.);
#4293=EDGE_CURVE('',#5308,#5340,#751,.T.);
#4294=EDGE_CURVE('',#5276,#5305,#425,.T.);
#4295=EDGE_CURVE('',#5278,#5306,#426,.T.);
#4296=EDGE_CURVE('',#5341,#5342,#752,.T.);
#4297=EDGE_CURVE('',#5343,#5341,#6043,.T.);
#4298=EDGE_CURVE('',#5343,#5344,#753,.T.);
#4299=EDGE_CURVE('',#5344,#5342,#6044,.T.);
#4300=EDGE_CURVE('',#5345,#5341,#6045,.T.);
#4301=EDGE_CURVE('',#5346,#5345,#6046,.T.);
#4302=EDGE_CURVE('',#5346,#5343,#6047,.T.);
#4303=EDGE_CURVE('',#5347,#5345,#754,.T.);
#4304=EDGE_CURVE('',#5348,#5347,#6048,.T.);
#4305=EDGE_CURVE('',#5348,#5346,#755,.T.);
#4306=EDGE_CURVE('',#5349,#5347,#756,.T.);
#4307=EDGE_CURVE('',#5350,#5349,#6049,.T.);
#4308=EDGE_CURVE('',#5350,#5348,#757,.T.);
#4309=EDGE_CURVE('',#5351,#5349,#758,.T.);
#4310=EDGE_CURVE('',#5352,#5351,#6050,.T.);
#4311=EDGE_CURVE('',#5352,#5350,#759,.T.);
#4312=EDGE_CURVE('',#5353,#5351,#427,.T.);
#4313=EDGE_CURVE('',#5354,#5353,#6051,.T.);
#4314=EDGE_CURVE('',#5354,#5352,#428,.T.);
#4315=EDGE_CURVE('',#5355,#5353,#760,.T.);
#4316=EDGE_CURVE('',#5356,#5355,#6052,.T.);
#4317=EDGE_CURVE('',#5356,#5354,#761,.T.);
#4318=EDGE_CURVE('',#5357,#5355,#762,.T.);
#4319=EDGE_CURVE('',#5358,#5357,#6053,.T.);
#4320=EDGE_CURVE('',#5358,#5356,#763,.T.);
#4321=EDGE_CURVE('',#5359,#4773,#6054,.T.);
#4322=EDGE_CURVE('',#5359,#5360,#429,.T.);
#4323=EDGE_CURVE('',#5360,#4774,#6055,.T.);
#4324=EDGE_CURVE('',#5361,#4796,#6056,.T.);
#4325=EDGE_CURVE('',#5361,#5359,#764,.F.);
#4326=EDGE_CURVE('',#5362,#4795,#6057,.T.);
#4327=EDGE_CURVE('',#5362,#5361,#765,.F.);
#4328=EDGE_CURVE('',#5363,#4794,#6058,.T.);
#4329=EDGE_CURVE('',#5363,#5362,#430,.T.);
#4330=EDGE_CURVE('',#5364,#4793,#6059,.T.);
#4331=EDGE_CURVE('',#5364,#5363,#431,.T.);
#4332=EDGE_CURVE('',#5365,#4792,#6060,.T.);
#4333=EDGE_CURVE('',#5365,#5364,#432,.T.);
#4334=EDGE_CURVE('',#5366,#4791,#6061,.T.);
#4335=EDGE_CURVE('',#5366,#5365,#433,.T.);
#4336=EDGE_CURVE('',#5367,#4790,#6062,.T.);
#4337=EDGE_CURVE('',#5367,#5366,#766,.F.);
#4338=EDGE_CURVE('',#5368,#4789,#6063,.T.);
#4339=EDGE_CURVE('',#5368,#5367,#434,.T.);
#4340=EDGE_CURVE('',#5369,#4788,#6064,.T.);
#4341=EDGE_CURVE('',#5369,#5368,#435,.T.);
#4342=EDGE_CURVE('',#5370,#4787,#6065,.T.);
#4343=EDGE_CURVE('',#5370,#5369,#436,.T.);
#4344=EDGE_CURVE('',#5371,#4786,#6066,.T.);
#4345=EDGE_CURVE('',#5371,#5370,#6067,.T.);
#4346=EDGE_CURVE('',#5372,#4785,#6068,.T.);
#4347=EDGE_CURVE('',#5372,#5371,#767,.T.);
#4348=EDGE_CURVE('',#5373,#4784,#6069,.T.);
#4349=EDGE_CURVE('',#5373,#5372,#768,.T.);
#4350=EDGE_CURVE('',#5374,#4783,#6070,.T.);
#4351=EDGE_CURVE('',#5374,#5373,#769,.T.);
#4352=EDGE_CURVE('',#5375,#4782,#6071,.T.);
#4353=EDGE_CURVE('',#5375,#5374,#770,.T.);
#4354=EDGE_CURVE('',#5376,#4781,#6072,.T.);
#4355=EDGE_CURVE('',#5376,#5375,#437,.T.);
#4356=EDGE_CURVE('',#5377,#4780,#6073,.T.);
#4357=EDGE_CURVE('',#5377,#5376,#771,.T.);
#4358=EDGE_CURVE('',#5378,#4779,#6074,.T.);
#4359=EDGE_CURVE('',#5378,#5377,#772,.T.);
#4360=EDGE_CURVE('',#5379,#4778,#6075,.T.);
#4361=EDGE_CURVE('',#5379,#5378,#438,.T.);
#4362=EDGE_CURVE('',#5380,#4777,#6076,.T.);
#4363=EDGE_CURVE('',#5380,#5379,#6077,.T.);
#4364=EDGE_CURVE('',#5381,#4776,#6078,.T.);
#4365=EDGE_CURVE('',#5381,#5380,#439,.T.);
#4366=EDGE_CURVE('',#5382,#4775,#6079,.T.);
#4367=EDGE_CURVE('',#5382,#5381,#440,.T.);
#4368=EDGE_CURVE('',#5360,#5382,#441,.T.);
#4369=EDGE_CURVE('',#5342,#5357,#773,.T.);
#4370=EDGE_CURVE('',#5344,#5358,#774,.T.);
#4371=EDGE_CURVE('',#5383,#4947,#6080,.T.);
#4372=EDGE_CURVE('',#5383,#5384,#6081,.T.);
#4373=EDGE_CURVE('',#5384,#4948,#6082,.T.);
#4374=EDGE_CURVE('',#5385,#4974,#6083,.T.);
#4375=EDGE_CURVE('',#5385,#5383,#775,.F.);
#4376=EDGE_CURVE('',#5386,#4973,#6084,.T.);
#4377=EDGE_CURVE('',#5386,#5385,#776,.F.);
#4378=EDGE_CURVE('',#5387,#4972,#6085,.T.);
#4379=EDGE_CURVE('',#5387,#5386,#777,.F.);
#4380=EDGE_CURVE('',#5388,#4971,#6086,.T.);
#4381=EDGE_CURVE('',#5388,#5387,#778,.F.);
#4382=EDGE_CURVE('',#5389,#4970,#6087,.T.);
#4383=EDGE_CURVE('',#5389,#5388,#779,.F.);
#4384=EDGE_CURVE('',#5390,#4969,#6088,.T.);
#4385=EDGE_CURVE('',#5390,#5389,#780,.F.);
#4386=EDGE_CURVE('',#5391,#4968,#6089,.T.);
#4387=EDGE_CURVE('',#5391,#5390,#781,.F.);
#4388=EDGE_CURVE('',#5392,#4967,#6090,.T.);
#4389=EDGE_CURVE('',#5392,#5391,#442,.T.);
#4390=EDGE_CURVE('',#5393,#4966,#6091,.T.);
#4391=EDGE_CURVE('',#5393,#5392,#782,.F.);
#4392=EDGE_CURVE('',#5394,#4965,#6092,.T.);
#4393=EDGE_CURVE('',#5394,#5393,#783,.F.);
#4394=EDGE_CURVE('',#5395,#4964,#6093,.T.);
#4395=EDGE_CURVE('',#5395,#5394,#784,.F.);
#4396=EDGE_CURVE('',#5396,#4963,#6094,.T.);
#4397=EDGE_CURVE('',#5396,#5395,#785,.F.);
#4398=EDGE_CURVE('',#5397,#4962,#6095,.T.);
#4399=EDGE_CURVE('',#5397,#5396,#6096,.T.);
#4400=EDGE_CURVE('',#5398,#4961,#6097,.T.);
#4401=EDGE_CURVE('',#5398,#5397,#6098,.T.);
#4402=EDGE_CURVE('',#5399,#4960,#6099,.T.);
#4403=EDGE_CURVE('',#5399,#5398,#6100,.T.);
#4404=EDGE_CURVE('',#5400,#4959,#6101,.T.);
#4405=EDGE_CURVE('',#5400,#5399,#6102,.T.);
#4406=EDGE_CURVE('',#5401,#4958,#6103,.T.);
#4407=EDGE_CURVE('',#5401,#5400,#6104,.T.);
#4408=EDGE_CURVE('',#5402,#4957,#6105,.T.);
#4409=EDGE_CURVE('',#5402,#5401,#443,.T.);
#4410=EDGE_CURVE('',#5403,#4956,#6106,.T.);
#4411=EDGE_CURVE('',#5403,#5402,#786,.T.);
#4412=EDGE_CURVE('',#5404,#4955,#6107,.T.);
#4413=EDGE_CURVE('',#5404,#5403,#787,.T.);
#4414=EDGE_CURVE('',#5405,#4954,#6108,.T.);
#4415=EDGE_CURVE('',#5405,#5404,#788,.T.);
#4416=EDGE_CURVE('',#5406,#4953,#6109,.T.);
#4417=EDGE_CURVE('',#5406,#5405,#444,.T.);
#4418=EDGE_CURVE('',#5407,#4952,#6110,.T.);
#4419=EDGE_CURVE('',#5407,#5406,#789,.T.);
#4420=EDGE_CURVE('',#5408,#4951,#6111,.T.);
#4421=EDGE_CURVE('',#5408,#5407,#445,.T.);
#4422=EDGE_CURVE('',#5409,#4950,#6112,.T.);
#4423=EDGE_CURVE('',#5409,#5408,#790,.T.);
#4424=EDGE_CURVE('',#5410,#4949,#6113,.T.);
#4425=EDGE_CURVE('',#5410,#5409,#6114,.T.);
#4426=EDGE_CURVE('',#5384,#5410,#6115,.T.);
#4427=EDGE_CURVE('',#5411,#4760,#6116,.T.);
#4428=EDGE_CURVE('',#5411,#5412,#446,.T.);
#4429=EDGE_CURVE('',#5412,#4761,#6117,.T.);
#4430=EDGE_CURVE('',#5413,#4772,#6118,.T.);
#4431=EDGE_CURVE('',#5413,#5411,#6119,.T.);
#4432=EDGE_CURVE('',#5414,#4771,#6120,.T.);
#4433=EDGE_CURVE('',#5414,#5413,#447,.T.);
#4434=EDGE_CURVE('',#5415,#4770,#6121,.T.);
#4435=EDGE_CURVE('',#5415,#5414,#448,.T.);
#4436=EDGE_CURVE('',#5416,#4769,#6122,.T.);
#4437=EDGE_CURVE('',#5416,#5415,#791,.F.);
#4438=EDGE_CURVE('',#5417,#4768,#6123,.T.);
#4439=EDGE_CURVE('',#5417,#5416,#792,.F.);
#4440=EDGE_CURVE('',#5418,#4767,#6124,.T.);
#4441=EDGE_CURVE('',#5418,#5417,#6125,.T.);
#4442=EDGE_CURVE('',#5419,#4766,#6126,.T.);
#4443=EDGE_CURVE('',#5419,#5418,#6127,.T.);
#4444=EDGE_CURVE('',#5420,#4765,#6128,.T.);
#4445=EDGE_CURVE('',#5420,#5419,#6129,.T.);
#4446=EDGE_CURVE('',#5421,#4764,#6130,.T.);
#4447=EDGE_CURVE('',#5421,#5420,#6131,.T.);
#4448=EDGE_CURVE('',#5422,#4763,#6132,.T.);
#4449=EDGE_CURVE('',#5422,#5421,#6133,.T.);
#4450=EDGE_CURVE('',#5423,#4762,#6134,.T.);
#4451=EDGE_CURVE('',#5423,#5422,#449,.T.);
#4452=EDGE_CURVE('',#5412,#5423,#793,.T.);
#4453=EDGE_CURVE('',#5424,#5425,#794,.T.);
#4454=EDGE_CURVE('',#5426,#5424,#6135,.T.);
#4455=EDGE_CURVE('',#5426,#5427,#795,.T.);
#4456=EDGE_CURVE('',#5427,#5425,#6136,.T.);
#4457=EDGE_CURVE('',#5428,#5424,#6137,.T.);
#4458=EDGE_CURVE('',#5429,#5428,#6138,.T.);
#4459=EDGE_CURVE('',#5429,#5426,#6139,.T.);
#4460=EDGE_CURVE('',#5430,#5428,#6140,.T.);
#4461=EDGE_CURVE('',#5431,#5430,#6141,.T.);
#4462=EDGE_CURVE('',#5431,#5429,#6142,.T.);
#4463=EDGE_CURVE('',#5432,#5430,#6143,.T.);
#4464=EDGE_CURVE('',#5433,#5432,#6144,.T.);
#4465=EDGE_CURVE('',#5433,#5431,#6145,.T.);
#4466=EDGE_CURVE('',#5434,#5432,#450,.T.);
#4467=EDGE_CURVE('',#5435,#5434,#6146,.T.);
#4468=EDGE_CURVE('',#5435,#5433,#451,.T.);
#4469=EDGE_CURVE('',#5436,#5434,#452,.T.);
#4470=EDGE_CURVE('',#5437,#5436,#6147,.T.);
#4471=EDGE_CURVE('',#5437,#5435,#453,.T.);
#4472=EDGE_CURVE('',#5438,#5436,#796,.T.);
#4473=EDGE_CURVE('',#5439,#5438,#6148,.T.);
#4474=EDGE_CURVE('',#5439,#5437,#797,.T.);
#4475=EDGE_CURVE('',#5440,#5438,#798,.T.);
#4476=EDGE_CURVE('',#5441,#5440,#6149,.T.);
#4477=EDGE_CURVE('',#5441,#5439,#799,.T.);
#4478=EDGE_CURVE('',#5442,#5440,#454,.T.);
#4479=EDGE_CURVE('',#5443,#5442,#6150,.T.);
#4480=EDGE_CURVE('',#5443,#5441,#455,.T.);
#4481=EDGE_CURVE('',#5444,#5442,#456,.T.);
#4482=EDGE_CURVE('',#5445,#5444,#6151,.T.);
#4483=EDGE_CURVE('',#5445,#5443,#457,.T.);
#4484=EDGE_CURVE('',#5446,#5447,#458,.T.);
#4485=EDGE_CURVE('',#5448,#5446,#6152,.T.);
#4486=EDGE_CURVE('',#5448,#5449,#459,.T.);
#4487=EDGE_CURVE('',#5449,#5447,#6153,.T.);
#4488=EDGE_CURVE('',#5450,#5446,#6154,.T.);
#4489=EDGE_CURVE('',#5451,#5450,#6155,.T.);
#4490=EDGE_CURVE('',#5451,#5448,#6156,.T.);
#4491=EDGE_CURVE('',#5452,#5450,#6157,.T.);
#4492=EDGE_CURVE('',#5453,#5452,#6158,.T.);
#4493=EDGE_CURVE('',#5453,#5451,#6159,.T.);
#4494=EDGE_CURVE('',#5454,#5452,#6160,.T.);
#4495=EDGE_CURVE('',#5455,#5454,#6161,.T.);
#4496=EDGE_CURVE('',#5455,#5453,#6162,.T.);
#4497=EDGE_CURVE('',#5456,#5454,#460,.T.);
#4498=EDGE_CURVE('',#5457,#5456,#6163,.T.);
#4499=EDGE_CURVE('',#5457,#5455,#461,.T.);
#4500=EDGE_CURVE('',#5458,#5456,#462,.T.);
#4501=EDGE_CURVE('',#5459,#5458,#6164,.T.);
#4502=EDGE_CURVE('',#5459,#5457,#463,.T.);
#4503=EDGE_CURVE('',#5460,#4975,#6165,.T.);
#4504=EDGE_CURVE('',#5460,#5461,#464,.T.);
#4505=EDGE_CURVE('',#5461,#4976,#6166,.T.);
#4506=EDGE_CURVE('',#5462,#4995,#6167,.T.);
#4507=EDGE_CURVE('',#5462,#5460,#465,.T.);
#4508=EDGE_CURVE('',#5463,#4994,#6168,.T.);
#4509=EDGE_CURVE('',#5463,#5462,#800,.F.);
#4510=EDGE_CURVE('',#5464,#4993,#6169,.T.);
#4511=EDGE_CURVE('',#5464,#5463,#801,.F.);
#4512=EDGE_CURVE('',#5465,#4992,#6170,.T.);
#4513=EDGE_CURVE('',#5465,#5464,#466,.T.);
#4514=EDGE_CURVE('',#5466,#4991,#6171,.T.);
#4515=EDGE_CURVE('',#5466,#5465,#467,.T.);
#4516=EDGE_CURVE('',#5467,#4990,#6172,.T.);
#4517=EDGE_CURVE('',#5467,#5466,#802,.F.);
#4518=EDGE_CURVE('',#5468,#4989,#6173,.T.);
#4519=EDGE_CURVE('',#5468,#5467,#468,.T.);
#4520=EDGE_CURVE('',#5469,#4988,#6174,.T.);
#4521=EDGE_CURVE('',#5469,#5468,#803,.F.);
#4522=EDGE_CURVE('',#5470,#4987,#6175,.T.);
#4523=EDGE_CURVE('',#5470,#5469,#6176,.T.);
#4524=EDGE_CURVE('',#5471,#4986,#6177,.T.);
#4525=EDGE_CURVE('',#5471,#5470,#6178,.T.);
#4526=EDGE_CURVE('',#5472,#4985,#6179,.T.);
#4527=EDGE_CURVE('',#5472,#5471,#6180,.T.);
#4528=EDGE_CURVE('',#5473,#4984,#6181,.T.);
#4529=EDGE_CURVE('',#5473,#5472,#804,.F.);
#4530=EDGE_CURVE('',#5474,#4983,#6182,.T.);
#4531=EDGE_CURVE('',#5474,#5473,#469,.T.);
#4532=EDGE_CURVE('',#5475,#4982,#6183,.T.);
#4533=EDGE_CURVE('',#5475,#5474,#805,.F.);
#4534=EDGE_CURVE('',#5476,#4981,#6184,.T.);
#4535=EDGE_CURVE('',#5476,#5475,#806,.F.);
#4536=EDGE_CURVE('',#5477,#4980,#6185,.T.);
#4537=EDGE_CURVE('',#5477,#5476,#470,.T.);
#4538=EDGE_CURVE('',#5478,#4979,#6186,.T.);
#4539=EDGE_CURVE('',#5478,#5477,#471,.T.);
#4540=EDGE_CURVE('',#5479,#4978,#6187,.T.);
#4541=EDGE_CURVE('',#5479,#5478,#472,.T.);
#4542=EDGE_CURVE('',#5480,#4977,#6188,.T.);
#4543=EDGE_CURVE('',#5480,#5479,#473,.T.);
#4544=EDGE_CURVE('',#5447,#5458,#474,.T.);
#4545=EDGE_CURVE('',#5449,#5459,#475,.T.);
#4546=EDGE_CURVE('',#5461,#5480,#807,.F.);
#4547=EDGE_CURVE('',#5425,#5444,#808,.T.);
#4548=EDGE_CURVE('',#5427,#5445,#809,.T.);
#4549=EDGE_CURVE('',#5481,#4715,#6189,.T.);
#4550=EDGE_CURVE('',#5481,#5482,#810,.F.);
#4551=EDGE_CURVE('',#5482,#4716,#6190,.T.);
#4552=EDGE_CURVE('',#5483,#4759,#6191,.T.);
#4553=EDGE_CURVE('',#5483,#5481,#476,.T.);
#4554=EDGE_CURVE('',#5484,#4758,#6192,.T.);
#4555=EDGE_CURVE('',#5484,#5483,#811,.F.);
#4556=EDGE_CURVE('',#5485,#4757,#6193,.T.);
#4557=EDGE_CURVE('',#5485,#5484,#812,.F.);
#4558=EDGE_CURVE('',#5486,#4756,#6194,.T.);
#4559=EDGE_CURVE('',#5486,#5485,#813,.T.);
#4560=EDGE_CURVE('',#5487,#4755,#6195,.T.);
#4561=EDGE_CURVE('',#5487,#5486,#477,.T.);
#4562=EDGE_CURVE('',#5488,#4754,#6196,.T.);
#4563=EDGE_CURVE('',#5488,#5487,#478,.T.);
#4564=EDGE_CURVE('',#5489,#4753,#6197,.T.);
#4565=EDGE_CURVE('',#5489,#5488,#479,.T.);
#4566=EDGE_CURVE('',#5490,#4752,#6198,.T.);
#4567=EDGE_CURVE('',#5490,#5489,#814,.T.);
#4568=EDGE_CURVE('',#5491,#4751,#6199,.T.);
#4569=EDGE_CURVE('',#5491,#5490,#815,.T.);
#4570=EDGE_CURVE('',#5492,#4750,#6200,.T.);
#4571=EDGE_CURVE('',#5492,#5491,#816,.T.);
#4572=EDGE_CURVE('',#5493,#4749,#6201,.T.);
#4573=EDGE_CURVE('',#5493,#5492,#480,.T.);
#4574=EDGE_CURVE('',#5494,#4748,#6202,.T.);
#4575=EDGE_CURVE('',#5494,#5493,#481,.T.);
#4576=EDGE_CURVE('',#5495,#4747,#6203,.T.);
#4577=EDGE_CURVE('',#5495,#5494,#482,.T.);
#4578=EDGE_CURVE('',#5496,#4746,#6204,.T.);
#4579=EDGE_CURVE('',#5496,#5495,#817,.F.);
#4580=EDGE_CURVE('',#5497,#4745,#6205,.T.);
#4581=EDGE_CURVE('',#5497,#5496,#483,.T.);
#4582=EDGE_CURVE('',#5498,#4744,#6206,.T.);
#4583=EDGE_CURVE('',#5498,#5497,#818,.F.);
#4584=EDGE_CURVE('',#5499,#4743,#6207,.T.);
#4585=EDGE_CURVE('',#5499,#5498,#6208,.F.);
#4586=EDGE_CURVE('',#5500,#4742,#6209,.T.);
#4587=EDGE_CURVE('',#5500,#5499,#819,.F.);
#4588=EDGE_CURVE('',#5501,#4741,#6210,.T.);
#4589=EDGE_CURVE('',#5501,#5500,#484,.T.);
#4590=EDGE_CURVE('',#5502,#4740,#6211,.T.);
#4591=EDGE_CURVE('',#5502,#5501,#820,.F.);
#4592=EDGE_CURVE('',#5503,#4739,#6212,.T.);
#4593=EDGE_CURVE('',#5503,#5502,#821,.F.);
#4594=EDGE_CURVE('',#5504,#4738,#6213,.T.);
#4595=EDGE_CURVE('',#5504,#5503,#485,.T.);
#4596=EDGE_CURVE('',#5505,#4737,#6214,.T.);
#4597=EDGE_CURVE('',#5505,#5504,#822,.F.);
#4598=EDGE_CURVE('',#5506,#4736,#6215,.T.);
#4599=EDGE_CURVE('',#5506,#5505,#486,.T.);
#4600=EDGE_CURVE('',#5507,#4735,#6216,.T.);
#4601=EDGE_CURVE('',#5507,#5506,#487,.T.);
#4602=EDGE_CURVE('',#5508,#4734,#6217,.T.);
#4603=EDGE_CURVE('',#5508,#5507,#823,.F.);
#4604=EDGE_CURVE('',#5509,#4733,#6218,.T.);
#4605=EDGE_CURVE('',#5509,#5508,#824,.F.);
#4606=EDGE_CURVE('',#5510,#4732,#6219,.T.);
#4607=EDGE_CURVE('',#5510,#5509,#825,.T.);
#4608=EDGE_CURVE('',#5511,#4731,#6220,.T.);
#4609=EDGE_CURVE('',#5511,#5510,#488,.T.);
#4610=EDGE_CURVE('',#5512,#4730,#6221,.T.);
#4611=EDGE_CURVE('',#5512,#5511,#489,.T.);
#4612=EDGE_CURVE('',#5513,#4729,#6222,.T.);
#4613=EDGE_CURVE('',#5513,#5512,#490,.T.);
#4614=EDGE_CURVE('',#5514,#4728,#6223,.T.);
#4615=EDGE_CURVE('',#5514,#5513,#491,.T.);
#4616=EDGE_CURVE('',#5515,#4727,#6224,.T.);
#4617=EDGE_CURVE('',#5515,#5514,#826,.T.);
#4618=EDGE_CURVE('',#5516,#4726,#6225,.T.);
#4619=EDGE_CURVE('',#5516,#5515,#827,.T.);
#4620=EDGE_CURVE('',#5517,#4725,#6226,.T.);
#4621=EDGE_CURVE('',#5517,#5516,#828,.T.);
#4622=EDGE_CURVE('',#5518,#4724,#6227,.T.);
#4623=EDGE_CURVE('',#5518,#5517,#492,.T.);
#4624=EDGE_CURVE('',#5519,#4723,#6228,.T.);
#4625=EDGE_CURVE('',#5519,#5518,#6229,.T.);
#4626=EDGE_CURVE('',#5520,#4722,#6230,.T.);
#4627=EDGE_CURVE('',#5520,#5519,#829,.F.);
#4628=EDGE_CURVE('',#5521,#4721,#6231,.T.);
#4629=EDGE_CURVE('',#5521,#5520,#830,.F.);
#4630=EDGE_CURVE('',#5522,#4720,#6232,.T.);
#4631=EDGE_CURVE('',#5522,#5521,#831,.F.);
#4632=EDGE_CURVE('',#5523,#4719,#6233,.T.);
#4633=EDGE_CURVE('',#5523,#5522,#832,.F.);
#4634=EDGE_CURVE('',#5524,#4718,#6234,.T.);
#4635=EDGE_CURVE('',#5524,#5523,#493,.T.);
#4636=EDGE_CURVE('',#5525,#4717,#6235,.T.);
#4637=EDGE_CURVE('',#5525,#5524,#494,.T.);
#4638=EDGE_CURVE('',#5482,#5525,#833,.F.);
#4639=EDGE_CURVE('',#5526,#4996,#6236,.T.);
#4640=EDGE_CURVE('',#5526,#5527,#834,.F.);
#4641=EDGE_CURVE('',#5527,#4997,#6237,.T.);
#4642=EDGE_CURVE('',#5528,#5003,#6238,.T.);
#4643=EDGE_CURVE('',#5528,#5526,#835,.F.);
#4644=EDGE_CURVE('',#5529,#5002,#6239,.T.);
#4645=EDGE_CURVE('',#5529,#5528,#836,.F.);
#4646=EDGE_CURVE('',#5530,#5001,#6240,.T.);
#4647=EDGE_CURVE('',#5530,#5529,#837,.F.);
#4648=EDGE_CURVE('',#5531,#5000,#6241,.T.);
#4649=EDGE_CURVE('',#5531,#5530,#838,.F.);
#4650=EDGE_CURVE('',#5532,#4999,#6242,.T.);
#4651=EDGE_CURVE('',#5532,#5531,#839,.F.);
#4652=EDGE_CURVE('',#5533,#4998,#6243,.T.);
#4653=EDGE_CURVE('',#5533,#5532,#840,.F.);
#4654=EDGE_CURVE('',#5527,#5533,#841,.F.);
#4655=EDGE_CURVE('',#5534,#4708,#6244,.T.);
#4656=EDGE_CURVE('',#5534,#5535,#6245,.T.);
#4657=EDGE_CURVE('',#5535,#4709,#6246,.T.);
#4658=EDGE_CURVE('',#5536,#4714,#6247,.T.);
#4659=EDGE_CURVE('',#5536,#5534,#6248,.T.);
#4660=EDGE_CURVE('',#5537,#4713,#6249,.T.);
#4661=EDGE_CURVE('',#5537,#5536,#6250,.T.);
#4662=EDGE_CURVE('',#5538,#4712,#6251,.T.);
#4663=EDGE_CURVE('',#5538,#5537,#6252,.T.);
#4664=EDGE_CURVE('',#5539,#4711,#6253,.T.);
#4665=EDGE_CURVE('',#5539,#5538,#6254,.T.);
#4666=EDGE_CURVE('',#5540,#4710,#6255,.T.);
#4667=EDGE_CURVE('',#5540,#5539,#6256,.T.);
#4668=EDGE_CURVE('',#5535,#5540,#6257,.T.);
#4669=EDGE_CURVE('',#5541,#5004,#6258,.T.);
#4670=EDGE_CURVE('',#5541,#5542,#6259,.T.);
#4671=EDGE_CURVE('',#5542,#5005,#6260,.T.);
#4672=EDGE_CURVE('',#5543,#5010,#6261,.T.);
#4673=EDGE_CURVE('',#5543,#5541,#6262,.T.);
#4674=EDGE_CURVE('',#5544,#5009,#6263,.T.);
#4675=EDGE_CURVE('',#5544,#5543,#6264,.T.);
#4676=EDGE_CURVE('',#5545,#5008,#6265,.T.);
#4677=EDGE_CURVE('',#5545,#5544,#6266,.T.);
#4678=EDGE_CURVE('',#5546,#5007,#6267,.T.);
#4679=EDGE_CURVE('',#5546,#5545,#6268,.T.);
#4680=EDGE_CURVE('',#5547,#5006,#6269,.T.);
#4681=EDGE_CURVE('',#5547,#5546,#6270,.T.);
#4682=EDGE_CURVE('',#5542,#5547,#6271,.T.);
#4683=EDGE_CURVE('',#4700,#5131,#6272,.F.);
#4684=EDGE_CURVE('',#5058,#5548,#842,.F.);
#4685=EDGE_CURVE('',#5548,#5099,#843,.F.);
#4686=EDGE_CURVE('',#5548,#4690,#6273,.F.);
#4687=VERTEX_POINT('',#11525);
#4688=VERTEX_POINT('',#11526);
#4689=VERTEX_POINT('',#11528);
#4690=VERTEX_POINT('',#11530);
#4691=VERTEX_POINT('',#11532);
#4692=VERTEX_POINT('',#11534);
#4693=VERTEX_POINT('',#11536);
#4694=VERTEX_POINT('',#11540);
#4695=VERTEX_POINT('',#11541);
#4696=VERTEX_POINT('',#11546);
#4697=VERTEX_POINT('',#11547);
#4698=VERTEX_POINT('',#11550);
#4699=VERTEX_POINT('',#11552);
#4700=VERTEX_POINT('',#11554);
#4701=VERTEX_POINT('',#11558);
#4702=VERTEX_POINT('',#11559);
#4703=VERTEX_POINT('',#11561);
#4704=VERTEX_POINT('',#11563);
#4705=VERTEX_POINT('',#11565);
#4706=VERTEX_POINT('',#11569);
#4707=VERTEX_POINT('',#11570);
#4708=VERTEX_POINT('',#11575);
#4709=VERTEX_POINT('',#11576);
#4710=VERTEX_POINT('',#11578);
#4711=VERTEX_POINT('',#11580);
#4712=VERTEX_POINT('',#11582);
#4713=VERTEX_POINT('',#11584);
#4714=VERTEX_POINT('',#11586);
#4715=VERTEX_POINT('',#11589);
#4716=VERTEX_POINT('',#11590);
#4717=VERTEX_POINT('',#11592);
#4718=VERTEX_POINT('',#11596);
#4719=VERTEX_POINT('',#11600);
#4720=VERTEX_POINT('',#11602);
#4721=VERTEX_POINT('',#11604);
#4722=VERTEX_POINT('',#11606);
#4723=VERTEX_POINT('',#11608);
#4724=VERTEX_POINT('',#11610);
#4725=VERTEX_POINT('',#11614);
#4726=VERTEX_POINT('',#11616);
#4727=VERTEX_POINT('',#11618);
#4728=VERTEX_POINT('',#11620);
#4729=VERTEX_POINT('',#11624);
#4730=VERTEX_POINT('',#11628);
#4731=VERTEX_POINT('',#11632);
#4732=VERTEX_POINT('',#11636);
#4733=VERTEX_POINT('',#11638);
#4734=VERTEX_POINT('',#11640);
#4735=VERTEX_POINT('',#11642);
#4736=VERTEX_POINT('',#11646);
#4737=VERTEX_POINT('',#11650);
#4738=VERTEX_POINT('',#11652);
#4739=VERTEX_POINT('',#11656);
#4740=VERTEX_POINT('',#11658);
#4741=VERTEX_POINT('',#11660);
#4742=VERTEX_POINT('',#11664);
#4743=VERTEX_POINT('',#11666);
#4744=VERTEX_POINT('',#11668);
#4745=VERTEX_POINT('',#11670);
#4746=VERTEX_POINT('',#11674);
#4747=VERTEX_POINT('',#11676);
#4748=VERTEX_POINT('',#11680);
#4749=VERTEX_POINT('',#11684);
#4750=VERTEX_POINT('',#11688);
#4751=VERTEX_POINT('',#11690);
#4752=VERTEX_POINT('',#11692);
#4753=VERTEX_POINT('',#11694);
#4754=VERTEX_POINT('',#11698);
#4755=VERTEX_POINT('',#11702);
#4756=VERTEX_POINT('',#11706);
#4757=VERTEX_POINT('',#11708);
#4758=VERTEX_POINT('',#11710);
#4759=VERTEX_POINT('',#11712);
#4760=VERTEX_POINT('',#11719);
#4761=VERTEX_POINT('',#11720);
#4762=VERTEX_POINT('',#11722);
#4763=VERTEX_POINT('',#11726);
#4764=VERTEX_POINT('',#11728);
#4765=VERTEX_POINT('',#11730);
#4766=VERTEX_POINT('',#11732);
#4767=VERTEX_POINT('',#11734);
#4768=VERTEX_POINT('',#11736);
#4769=VERTEX_POINT('',#11738);
#4770=VERTEX_POINT('',#11740);
#4771=VERTEX_POINT('',#11744);
#4772=VERTEX_POINT('',#11748);
#4773=VERTEX_POINT('',#11753);
#4774=VERTEX_POINT('',#11754);
#4775=VERTEX_POINT('',#11758);
#4776=VERTEX_POINT('',#11762);
#4777=VERTEX_POINT('',#11766);
#4778=VERTEX_POINT('',#11768);
#4779=VERTEX_POINT('',#11772);
#4780=VERTEX_POINT('',#11774);
#4781=VERTEX_POINT('',#11776);
#4782=VERTEX_POINT('',#11780);
#4783=VERTEX_POINT('',#11782);
#4784=VERTEX_POINT('',#11784);
#4785=VERTEX_POINT('',#11786);
#4786=VERTEX_POINT('',#11788);
#4787=VERTEX_POINT('',#11790);
#4788=VERTEX_POINT('',#11794);
#4789=VERTEX_POINT('',#11798);
#4790=VERTEX_POINT('',#11802);
#4791=VERTEX_POINT('',#11804);
#4792=VERTEX_POINT('',#11808);
#4793=VERTEX_POINT('',#11812);
#4794=VERTEX_POINT('',#11816);
#4795=VERTEX_POINT('',#11820);
#4796=VERTEX_POINT('',#11822);
#4797=VERTEX_POINT('',#11827);
#4798=VERTEX_POINT('',#11828);
#4799=VERTEX_POINT('',#11832);
#4800=VERTEX_POINT('',#11834);
#4801=VERTEX_POINT('',#11836);
#4802=VERTEX_POINT('',#11838);
#4803=VERTEX_POINT('',#11840);
#4804=VERTEX_POINT('',#11842);
#4805=VERTEX_POINT('',#11844);
#4806=VERTEX_POINT('',#11846);
#4807=VERTEX_POINT('',#11848);
#4808=VERTEX_POINT('',#11852);
#4809=VERTEX_POINT('',#11854);
#4810=VERTEX_POINT('',#11856);
#4811=VERTEX_POINT('',#11858);
#4812=VERTEX_POINT('',#11860);
#4813=VERTEX_POINT('',#11862);
#4814=VERTEX_POINT('',#11864);
#4815=VERTEX_POINT('',#11866);
#4816=VERTEX_POINT('',#11868);
#4817=VERTEX_POINT('',#11870);
#4818=VERTEX_POINT('',#11872);
#4819=VERTEX_POINT('',#11874);
#4820=VERTEX_POINT('',#11876);
#4821=VERTEX_POINT('',#11878);
#4822=VERTEX_POINT('',#11881);
#4823=VERTEX_POINT('',#11882);
#4824=VERTEX_POINT('',#11884);
#4825=VERTEX_POINT('',#11886);
#4826=VERTEX_POINT('',#11888);
#4827=VERTEX_POINT('',#11892);
#4828=VERTEX_POINT('',#11894);
#4829=VERTEX_POINT('',#11898);
#4830=VERTEX_POINT('',#11900);
#4831=VERTEX_POINT('',#11902);
#4832=VERTEX_POINT('',#11904);
#4833=VERTEX_POINT('',#11908);
#4834=VERTEX_POINT('',#11910);
#4835=VERTEX_POINT('',#11912);
#4836=VERTEX_POINT('',#11914);
#4837=VERTEX_POINT('',#11916);
#4838=VERTEX_POINT('',#11918);
#4839=VERTEX_POINT('',#11920);
#4840=VERTEX_POINT('',#11922);
#4841=VERTEX_POINT('',#11924);
#4842=VERTEX_POINT('',#11926);
#4843=VERTEX_POINT('',#11930);
#4844=VERTEX_POINT('',#11932);
#4845=VERTEX_POINT('',#11934);
#4846=VERTEX_POINT('',#11936);
#4847=VERTEX_POINT('',#11938);
#4848=VERTEX_POINT('',#11940);
#4849=VERTEX_POINT('',#11942);
#4850=VERTEX_POINT('',#11945);
#4851=VERTEX_POINT('',#11946);
#4852=VERTEX_POINT('',#11948);
#4853=VERTEX_POINT('',#11950);
#4854=VERTEX_POINT('',#11952);
#4855=VERTEX_POINT('',#11954);
#4856=VERTEX_POINT('',#11956);
#4857=VERTEX_POINT('',#11958);
#4858=VERTEX_POINT('',#11960);
#4859=VERTEX_POINT('',#11962);
#4860=VERTEX_POINT('',#11964);
#4861=VERTEX_POINT('',#11966);
#4862=VERTEX_POINT('',#11969);
#4863=VERTEX_POINT('',#11970);
#4864=VERTEX_POINT('',#11972);
#4865=VERTEX_POINT('',#11974);
#4866=VERTEX_POINT('',#11978);
#4867=VERTEX_POINT('',#11982);
#4868=VERTEX_POINT('',#11986);
#4869=VERTEX_POINT('',#11990);
#4870=VERTEX_POINT('',#11992);
#4871=VERTEX_POINT('',#11994);
#4872=VERTEX_POINT('',#11998);
#4873=VERTEX_POINT('',#12000);
#4874=VERTEX_POINT('',#12002);
#4875=VERTEX_POINT('',#12004);
#4876=VERTEX_POINT('',#12006);
#4877=VERTEX_POINT('',#12008);
#4878=VERTEX_POINT('',#12012);
#4879=VERTEX_POINT('',#12014);
#4880=VERTEX_POINT('',#12016);
#4881=VERTEX_POINT('',#12018);
#4882=VERTEX_POINT('',#12022);
#4883=VERTEX_POINT('',#12026);
#4884=VERTEX_POINT('',#12028);
#4885=VERTEX_POINT('',#12030);
#4886=VERTEX_POINT('',#12032);
#4887=VERTEX_POINT('',#12034);
#4888=VERTEX_POINT('',#12039);
#4889=VERTEX_POINT('',#12040);
#4890=VERTEX_POINT('',#12044);
#4891=VERTEX_POINT('',#12046);
#4892=VERTEX_POINT('',#12048);
#4893=VERTEX_POINT('',#12050);
#4894=VERTEX_POINT('',#12052);
#4895=VERTEX_POINT('',#12054);
#4896=VERTEX_POINT('',#12056);
#4897=VERTEX_POINT('',#12058);
#4898=VERTEX_POINT('',#12060);
#4899=VERTEX_POINT('',#12064);
#4900=VERTEX_POINT('',#12066);
#4901=VERTEX_POINT('',#12068);
#4902=VERTEX_POINT('',#12070);
#4903=VERTEX_POINT('',#12072);
#4904=VERTEX_POINT('',#12074);
#4905=VERTEX_POINT('',#12076);
#4906=VERTEX_POINT('',#12078);
#4907=VERTEX_POINT('',#12080);
#4908=VERTEX_POINT('',#12082);
#4909=VERTEX_POINT('',#12084);
#4910=VERTEX_POINT('',#12086);
#4911=VERTEX_POINT('',#12088);
#4912=VERTEX_POINT('',#12090);
#4913=VERTEX_POINT('',#12093);
#4914=VERTEX_POINT('',#12094);
#4915=VERTEX_POINT('',#12096);
#4916=VERTEX_POINT('',#12098);
#4917=VERTEX_POINT('',#12100);
#4918=VERTEX_POINT('',#12104);
#4919=VERTEX_POINT('',#12108);
#4920=VERTEX_POINT('',#12110);
#4921=VERTEX_POINT('',#12112);
#4922=VERTEX_POINT('',#12114);
#4923=VERTEX_POINT('',#12116);
#4924=VERTEX_POINT('',#12120);
#4925=VERTEX_POINT('',#12124);
#4926=VERTEX_POINT('',#12128);
#4927=VERTEX_POINT('',#12130);
#4928=VERTEX_POINT('',#12134);
#4929=VERTEX_POINT('',#12136);
#4930=VERTEX_POINT('',#12140);
#4931=VERTEX_POINT('',#12142);
#4932=VERTEX_POINT('',#12146);
#4933=VERTEX_POINT('',#12150);
#4934=VERTEX_POINT('',#12154);
#4935=VERTEX_POINT('',#12158);
#4936=VERTEX_POINT('',#12162);
#4937=VERTEX_POINT('',#12166);
#4938=VERTEX_POINT('',#12168);
#4939=VERTEX_POINT('',#12170);
#4940=VERTEX_POINT('',#12172);
#4941=VERTEX_POINT('',#12176);
#4942=VERTEX_POINT('',#12180);
#4943=VERTEX_POINT('',#12182);
#4944=VERTEX_POINT('',#12186);
#4945=VERTEX_POINT('',#12188);
#4946=VERTEX_POINT('',#12190);
#4947=VERTEX_POINT('',#12193);
#4948=VERTEX_POINT('',#12194);
#4949=VERTEX_POINT('',#12196);
#4950=VERTEX_POINT('',#12198);
#4951=VERTEX_POINT('',#12200);
#4952=VERTEX_POINT('',#12204);
#4953=VERTEX_POINT('',#12206);
#4954=VERTEX_POINT('',#12210);
#4955=VERTEX_POINT('',#12212);
#4956=VERTEX_POINT('',#12214);
#4957=VERTEX_POINT('',#12216);
#4958=VERTEX_POINT('',#12220);
#4959=VERTEX_POINT('',#12222);
#4960=VERTEX_POINT('',#12224);
#4961=VERTEX_POINT('',#12226);
#4962=VERTEX_POINT('',#12228);
#4963=VERTEX_POINT('',#12230);
#4964=VERTEX_POINT('',#12232);
#4965=VERTEX_POINT('',#12234);
#4966=VERTEX_POINT('',#12236);
#4967=VERTEX_POINT('',#12238);
#4968=VERTEX_POINT('',#12242);
#4969=VERTEX_POINT('',#12244);
#4970=VERTEX_POINT('',#12246);
#4971=VERTEX_POINT('',#12248);
#4972=VERTEX_POINT('',#12250);
#4973=VERTEX_POINT('',#12252);
#4974=VERTEX_POINT('',#12254);
#4975=VERTEX_POINT('',#12259);
#4976=VERTEX_POINT('',#12260);
#4977=VERTEX_POINT('',#12262);
#4978=VERTEX_POINT('',#12266);
#4979=VERTEX_POINT('',#12270);
#4980=VERTEX_POINT('',#12274);
#4981=VERTEX_POINT('',#12278);
#4982=VERTEX_POINT('',#12280);
#4983=VERTEX_POINT('',#12282);
#4984=VERTEX_POINT('',#12286);
#4985=VERTEX_POINT('',#12288);
#4986=VERTEX_POINT('',#12290);
#4987=VERTEX_POINT('',#12292);
#4988=VERTEX_POINT('',#12294);
#4989=VERTEX_POINT('',#12296);
#4990=VERTEX_POINT('',#12300);
#4991=VERTEX_POINT('',#12302);
#4992=VERTEX_POINT('',#12306);
#4993=VERTEX_POINT('',#12310);
#4994=VERTEX_POINT('',#12312);
#4995=VERTEX_POINT('',#12314);
#4996=VERTEX_POINT('',#12319);
#4997=VERTEX_POINT('',#12320);
#4998=VERTEX_POINT('',#12322);
#4999=VERTEX_POINT('',#12324);
#5000=VERTEX_POINT('',#12326);
#5001=VERTEX_POINT('',#12328);
#5002=VERTEX_POINT('',#12330);
#5003=VERTEX_POINT('',#12332);
#5004=VERTEX_POINT('',#12335);
#5005=VERTEX_POINT('',#12336);
#5006=VERTEX_POINT('',#12338);
#5007=VERTEX_POINT('',#12340);
#5008=VERTEX_POINT('',#12342);
#5009=VERTEX_POINT('',#12344);
#5010=VERTEX_POINT('',#12346);
#5011=VERTEX_POINT('',#12350);
#5012=VERTEX_POINT('',#12351);
#5013=VERTEX_POINT('',#12353);
#5014=VERTEX_POINT('',#12355);
#5015=VERTEX_POINT('',#12359);
#5016=VERTEX_POINT('',#12361);
#5017=VERTEX_POINT('',#12365);
#5018=VERTEX_POINT('',#12367);
#5019=VERTEX_POINT('',#12371);
#5020=VERTEX_POINT('',#12373);
#5021=VERTEX_POINT('',#12377);
#5022=VERTEX_POINT('',#12379);
#5023=VERTEX_POINT('',#12383);
#5024=VERTEX_POINT('',#12384);
#5025=VERTEX_POINT('',#12386);
#5026=VERTEX_POINT('',#12389);
#5027=VERTEX_POINT('',#12391);
#5028=VERTEX_POINT('',#12394);
#5029=VERTEX_POINT('',#12396);
#5030=VERTEX_POINT('',#12398);
#5031=VERTEX_POINT('',#12400);
#5032=VERTEX_POINT('',#12402);
#5033=VERTEX_POINT('',#12404);
#5034=VERTEX_POINT('',#12406);
#5035=VERTEX_POINT('',#12407);
#5036=VERTEX_POINT('',#12409);
#5037=VERTEX_POINT('',#12411);
#5038=VERTEX_POINT('',#12415);
#5039=VERTEX_POINT('',#12419);
#5040=VERTEX_POINT('',#12423);
#5041=VERTEX_POINT('',#12425);
#5042=VERTEX_POINT('',#12429);
#5043=VERTEX_POINT('',#12431);
#5044=VERTEX_POINT('',#12435);
#5045=VERTEX_POINT('',#12437);
#5046=VERTEX_POINT('',#12439);
#5047=VERTEX_POINT('',#12441);
#5048=VERTEX_POINT('',#12442);
#5049=VERTEX_POINT('',#12444);
#5050=VERTEX_POINT('',#12446);
#5051=VERTEX_POINT('',#12448);
#5052=VERTEX_POINT('',#12450);
#5053=VERTEX_POINT('',#12452);
#5054=VERTEX_POINT('',#12454);
#5055=VERTEX_POINT('',#12456);
#5056=VERTEX_POINT('',#12458);
#5057=VERTEX_POINT('',#12460);
#5058=VERTEX_POINT('',#12464);
#5059=VERTEX_POINT('',#12466);
#5060=VERTEX_POINT('',#12468);
#5061=VERTEX_POINT('',#12470);
#5062=VERTEX_POINT('',#12472);
#5063=VERTEX_POINT('',#12474);
#5064=VERTEX_POINT('',#12476);
#5065=VERTEX_POINT('',#12478);
#5066=VERTEX_POINT('',#12480);
#5067=VERTEX_POINT('',#12482);
#5068=VERTEX_POINT('',#12484);
#5069=VERTEX_POINT('',#12486);
#5070=VERTEX_POINT('',#12488);
#5071=VERTEX_POINT('',#12490);
#5072=VERTEX_POINT('',#12492);
#5073=VERTEX_POINT('',#12494);
#5074=VERTEX_POINT('',#12496);
#5075=VERTEX_POINT('',#12498);
#5076=VERTEX_POINT('',#12500);
#5077=VERTEX_POINT('',#12504);
#5078=VERTEX_POINT('',#12506);
#5079=VERTEX_POINT('',#12508);
#5080=VERTEX_POINT('',#12510);
#5081=VERTEX_POINT('',#12511);
#5082=VERTEX_POINT('',#12513);
#5083=VERTEX_POINT('',#12515);
#5084=VERTEX_POINT('',#12517);
#5085=VERTEX_POINT('',#12519);
#5086=VERTEX_POINT('',#12521);
#5087=VERTEX_POINT('',#12523);
#5088=VERTEX_POINT('',#12525);
#5089=VERTEX_POINT('',#12527);
#5090=VERTEX_POINT('',#12529);
#5091=VERTEX_POINT('',#12531);
#5092=VERTEX_POINT('',#12533);
#5093=VERTEX_POINT('',#12535);
#5094=VERTEX_POINT('',#12537);
#5095=VERTEX_POINT('',#12539);
#5096=VERTEX_POINT('',#12541);
#5097=VERTEX_POINT('',#12543);
#5098=VERTEX_POINT('',#12545);
#5099=VERTEX_POINT('',#12548);
#5100=VERTEX_POINT('',#12552);
#5101=VERTEX_POINT('',#12554);
#5102=VERTEX_POINT('',#12556);
#5103=VERTEX_POINT('',#12559);
#5104=VERTEX_POINT('',#12561);
#5105=VERTEX_POINT('',#12563);
#5106=VERTEX_POINT('',#12567);
#5107=VERTEX_POINT('',#12569);
#5108=VERTEX_POINT('',#12573);
#5109=VERTEX_POINT('',#12575);
#5110=VERTEX_POINT('',#12579);
#5111=VERTEX_POINT('',#12580);
#5112=VERTEX_POINT('',#12582);
#5113=VERTEX_POINT('',#12584);
#5114=VERTEX_POINT('',#12588);
#5115=VERTEX_POINT('',#12589);
#5116=VERTEX_POINT('',#12591);
#5117=VERTEX_POINT('',#12593);
#5118=VERTEX_POINT('',#12597);
#5119=VERTEX_POINT('',#12598);
#5120=VERTEX_POINT('',#12600);
#5121=VERTEX_POINT('',#12602);
#5122=VERTEX_POINT('',#12604);
#5123=VERTEX_POINT('',#12606);
#5124=VERTEX_POINT('',#12610);
#5125=VERTEX_POINT('',#12612);
#5126=VERTEX_POINT('',#12614);
#5127=VERTEX_POINT('',#12616);
#5128=VERTEX_POINT('',#12618);
#5129=VERTEX_POINT('',#12620);
#5130=VERTEX_POINT('',#12626);
#5131=VERTEX_POINT('',#12633);
#5132=VERTEX_POINT('',#12639);
#5133=VERTEX_POINT('',#12643);
#5134=VERTEX_POINT('',#12645);
#5135=VERTEX_POINT('',#12647);
#5136=VERTEX_POINT('',#12652);
#5137=VERTEX_POINT('',#12660);
#5138=VERTEX_POINT('',#12662);
#5139=VERTEX_POINT('',#12666);
#5140=VERTEX_POINT('',#12670);
#5141=VERTEX_POINT('',#12674);
#5142=VERTEX_POINT('',#12688);
#5143=VERTEX_POINT('',#12691);
#5144=VERTEX_POINT('',#12693);
#5145=VERTEX_POINT('',#12705);
#5146=VERTEX_POINT('',#12710);
#5147=VERTEX_POINT('',#12711);
#5148=VERTEX_POINT('',#12720);
#5149=VERTEX_POINT('',#12747);
#5150=VERTEX_POINT('',#12762);
#5151=VERTEX_POINT('',#12772);
#5152=VERTEX_POINT('',#12788);
#5153=VERTEX_POINT('',#12792);
#5154=VERTEX_POINT('',#12796);
#5155=VERTEX_POINT('',#12800);
#5156=VERTEX_POINT('',#12804);
#5157=VERTEX_POINT('',#12806);
#5158=VERTEX_POINT('',#12808);
#5159=VERTEX_POINT('',#12810);
#5160=VERTEX_POINT('',#12812);
#5161=VERTEX_POINT('',#12818);
#5162=VERTEX_POINT('',#12822);
#5163=VERTEX_POINT('',#12826);
#5164=VERTEX_POINT('',#12830);
#5165=VERTEX_POINT('',#12844);
#5166=VERTEX_POINT('',#12848);
#5167=VERTEX_POINT('',#12852);
#5168=VERTEX_POINT('',#12856);
#5169=VERTEX_POINT('',#12860);
#5170=VERTEX_POINT('',#12864);
#5171=VERTEX_POINT('',#12868);
#5172=VERTEX_POINT('',#12870);
#5173=VERTEX_POINT('',#12874);
#5174=VERTEX_POINT('',#12878);
#5175=VERTEX_POINT('',#12882);
#5176=VERTEX_POINT('',#12886);
#5177=VERTEX_POINT('',#12890);
#5178=VERTEX_POINT('',#12901);
#5179=VERTEX_POINT('',#12914);
#5180=VERTEX_POINT('',#12920);
#5181=VERTEX_POINT('',#12924);
#5182=VERTEX_POINT('',#12928);
#5183=VERTEX_POINT('',#12939);
#5184=VERTEX_POINT('',#12945);
#5185=VERTEX_POINT('',#12949);
#5186=VERTEX_POINT('',#12953);
#5187=VERTEX_POINT('',#12957);
#5188=VERTEX_POINT('',#12961);
#5189=VERTEX_POINT('',#12972);
#5190=VERTEX_POINT('',#12978);
#5191=VERTEX_POINT('',#12982);
#5192=VERTEX_POINT('',#12993);
#5193=VERTEX_POINT('',#13006);
#5194=VERTEX_POINT('',#13019);
#5195=VERTEX_POINT('',#13032);
#5196=VERTEX_POINT('',#13038);
#5197=VERTEX_POINT('',#13045);
#5198=VERTEX_POINT('',#13047);
#5199=VERTEX_POINT('',#13051);
#5200=VERTEX_POINT('',#13055);
#5201=VERTEX_POINT('',#13059);
#5202=VERTEX_POINT('',#13063);
#5203=VERTEX_POINT('',#13067);
#5204=VERTEX_POINT('',#13071);
#5205=VERTEX_POINT('',#13075);
#5206=VERTEX_POINT('',#13086);
#5207=VERTEX_POINT('',#13092);
#5208=VERTEX_POINT('',#13096);
#5209=VERTEX_POINT('',#13100);
#5210=VERTEX_POINT('',#13104);
#5211=VERTEX_POINT('',#13108);
#5212=VERTEX_POINT('',#13112);
#5213=VERTEX_POINT('',#13116);
#5214=VERTEX_POINT('',#13120);
#5215=VERTEX_POINT('',#13124);
#5216=VERTEX_POINT('',#13135);
#5217=VERTEX_POINT('',#13141);
#5218=VERTEX_POINT('',#13145);
#5219=VERTEX_POINT('',#13149);
#5220=VERTEX_POINT('',#13160);
#5221=VERTEX_POINT('',#13166);
#5222=VERTEX_POINT('',#13177);
#5223=VERTEX_POINT('',#13183);
#5224=VERTEX_POINT('',#13187);
#5225=VERTEX_POINT('',#13201);
#5226=VERTEX_POINT('',#13205);
#5227=VERTEX_POINT('',#13209);
#5228=VERTEX_POINT('',#13213);
#5229=VERTEX_POINT('',#13217);
#5230=VERTEX_POINT('',#13221);
#5231=VERTEX_POINT('',#13225);
#5232=VERTEX_POINT('',#13229);
#5233=VERTEX_POINT('',#13233);
#5234=VERTEX_POINT('',#13237);
#5235=VERTEX_POINT('',#13241);
#5236=VERTEX_POINT('',#13245);
#5237=VERTEX_POINT('',#13249);
#5238=VERTEX_POINT('',#13253);
#5239=VERTEX_POINT('',#13257);
#5240=VERTEX_POINT('',#13261);
#5241=VERTEX_POINT('',#13272);
#5242=VERTEX_POINT('',#13278);
#5243=VERTEX_POINT('',#13282);
#5244=VERTEX_POINT('',#13286);
#5245=VERTEX_POINT('',#13290);
#5246=VERTEX_POINT('',#13294);
#5247=VERTEX_POINT('',#13298);
#5248=VERTEX_POINT('',#13302);
#5249=VERTEX_POINT('',#13306);
#5250=VERTEX_POINT('',#13329);
#5251=VERTEX_POINT('',#13333);
#5252=VERTEX_POINT('',#13337);
#5253=VERTEX_POINT('',#13341);
#5254=VERTEX_POINT('',#13345);
#5255=VERTEX_POINT('',#13349);
#5256=VERTEX_POINT('',#13353);
#5257=VERTEX_POINT('',#13357);
#5258=VERTEX_POINT('',#13361);
#5259=VERTEX_POINT('',#13365);
#5260=VERTEX_POINT('',#13369);
#5261=VERTEX_POINT('',#13373);
#5262=VERTEX_POINT('',#13377);
#5263=VERTEX_POINT('',#13381);
#5264=VERTEX_POINT('',#13385);
#5265=VERTEX_POINT('',#13389);
#5266=VERTEX_POINT('',#13400);
#5267=VERTEX_POINT('',#13406);
#5268=VERTEX_POINT('',#13410);
#5269=VERTEX_POINT('',#13414);
#5270=VERTEX_POINT('',#13418);
#5271=VERTEX_POINT('',#13422);
#5272=VERTEX_POINT('',#13426);
#5273=VERTEX_POINT('',#13430);
#5274=VERTEX_POINT('',#13434);
#5275=VERTEX_POINT('',#13459);
#5276=VERTEX_POINT('',#13460);
#5277=VERTEX_POINT('',#13462);
#5278=VERTEX_POINT('',#13466);
#5279=VERTEX_POINT('',#13470);
#5280=VERTEX_POINT('',#13472);
#5281=VERTEX_POINT('',#13485);
#5282=VERTEX_POINT('',#13487);
#5283=VERTEX_POINT('',#13502);
#5284=VERTEX_POINT('',#13504);
#5285=VERTEX_POINT('',#13519);
#5286=VERTEX_POINT('',#13521);
#5287=VERTEX_POINT('',#13527);
#5288=VERTEX_POINT('',#13529);
#5289=VERTEX_POINT('',#13533);
#5290=VERTEX_POINT('',#13535);
#5291=VERTEX_POINT('',#13548);
#5292=VERTEX_POINT('',#13550);
#5293=VERTEX_POINT('',#13556);
#5294=VERTEX_POINT('',#13558);
#5295=VERTEX_POINT('',#13562);
#5296=VERTEX_POINT('',#13564);
#5297=VERTEX_POINT('',#13577);
#5298=VERTEX_POINT('',#13579);
#5299=VERTEX_POINT('',#13585);
#5300=VERTEX_POINT('',#13587);
#5301=VERTEX_POINT('',#13591);
#5302=VERTEX_POINT('',#13593);
#5303=VERTEX_POINT('',#13597);
#5304=VERTEX_POINT('',#13599);
#5305=VERTEX_POINT('',#13603);
#5306=VERTEX_POINT('',#13605);
#5307=VERTEX_POINT('',#13609);
#5308=VERTEX_POINT('',#13611);
#5309=VERTEX_POINT('',#13615);
#5310=VERTEX_POINT('',#13619);
#5311=VERTEX_POINT('',#13623);
#5312=VERTEX_POINT('',#13634);
#5313=VERTEX_POINT('',#13640);
#5314=VERTEX_POINT('',#13651);
#5315=VERTEX_POINT('',#13664);
#5316=VERTEX_POINT('',#13670);
#5317=VERTEX_POINT('',#13674);
#5318=VERTEX_POINT('',#13678);
#5319=VERTEX_POINT('',#13689);
#5320=VERTEX_POINT('',#13702);
#5321=VERTEX_POINT('',#13715);
#5322=VERTEX_POINT('',#13728);
#5323=VERTEX_POINT('',#13741);
#5324=VERTEX_POINT('',#13754);
#5325=VERTEX_POINT('',#13760);
#5326=VERTEX_POINT('',#13771);
#5327=VERTEX_POINT('',#13777);
#5328=VERTEX_POINT('',#13788);
#5329=VERTEX_POINT('',#13794);
#5330=VERTEX_POINT('',#13805);
#5331=VERTEX_POINT('',#13818);
#5332=VERTEX_POINT('',#13831);
#5333=VERTEX_POINT('',#13837);
#5334=VERTEX_POINT('',#13841);
#5335=VERTEX_POINT('',#13845);
#5336=VERTEX_POINT('',#13849);
#5337=VERTEX_POINT('',#13860);
#5338=VERTEX_POINT('',#13873);
#5339=VERTEX_POINT('',#13879);
#5340=VERTEX_POINT('',#13883);
#5341=VERTEX_POINT('',#13904);
#5342=VERTEX_POINT('',#13905);
#5343=VERTEX_POINT('',#13907);
#5344=VERTEX_POINT('',#13909);
#5345=VERTEX_POINT('',#13913);
#5346=VERTEX_POINT('',#13915);
#5347=VERTEX_POINT('',#13919);
#5348=VERTEX_POINT('',#13921);
#5349=VERTEX_POINT('',#13925);
#5350=VERTEX_POINT('',#13927);
#5351=VERTEX_POINT('',#13931);
#5352=VERTEX_POINT('',#13933);
#5353=VERTEX_POINT('',#13946);
#5354=VERTEX_POINT('',#13948);
#5355=VERTEX_POINT('',#13954);
#5356=VERTEX_POINT('',#13956);
#5357=VERTEX_POINT('',#13960);
#5358=VERTEX_POINT('',#13962);
#5359=VERTEX_POINT('',#13973);
#5360=VERTEX_POINT('',#13977);
#5361=VERTEX_POINT('',#13981);
#5362=VERTEX_POINT('',#13985);
#5363=VERTEX_POINT('',#13996);
#5364=VERTEX_POINT('',#14009);
#5365=VERTEX_POINT('',#14022);
#5366=VERTEX_POINT('',#14035);
#5367=VERTEX_POINT('',#14041);
#5368=VERTEX_POINT('',#14052);
#5369=VERTEX_POINT('',#14065);
#5370=VERTEX_POINT('',#14078);
#5371=VERTEX_POINT('',#14084);
#5372=VERTEX_POINT('',#14088);
#5373=VERTEX_POINT('',#14092);
#5374=VERTEX_POINT('',#14096);
#5375=VERTEX_POINT('',#14100);
#5376=VERTEX_POINT('',#14111);
#5377=VERTEX_POINT('',#14117);
#5378=VERTEX_POINT('',#14121);
#5379=VERTEX_POINT('',#14132);
#5380=VERTEX_POINT('',#14138);
#5381=VERTEX_POINT('',#14149);
#5382=VERTEX_POINT('',#14162);
#5383=VERTEX_POINT('',#14183);
#5384=VERTEX_POINT('',#14185);
#5385=VERTEX_POINT('',#14189);
#5386=VERTEX_POINT('',#14193);
#5387=VERTEX_POINT('',#14197);
#5388=VERTEX_POINT('',#14201);
#5389=VERTEX_POINT('',#14205);
#5390=VERTEX_POINT('',#14209);
#5391=VERTEX_POINT('',#14213);
#5392=VERTEX_POINT('',#14224);
#5393=VERTEX_POINT('',#14230);
#5394=VERTEX_POINT('',#14234);
#5395=VERTEX_POINT('',#14238);
#5396=VERTEX_POINT('',#14242);
#5397=VERTEX_POINT('',#14246);
#5398=VERTEX_POINT('',#14250);
#5399=VERTEX_POINT('',#14254);
#5400=VERTEX_POINT('',#14258);
#5401=VERTEX_POINT('',#14262);
#5402=VERTEX_POINT('',#14273);
#5403=VERTEX_POINT('',#14279);
#5404=VERTEX_POINT('',#14283);
#5405=VERTEX_POINT('',#14287);
#5406=VERTEX_POINT('',#14298);
#5407=VERTEX_POINT('',#14304);
#5408=VERTEX_POINT('',#14315);
#5409=VERTEX_POINT('',#14321);
#5410=VERTEX_POINT('',#14325);
#5411=VERTEX_POINT('',#14339);
#5412=VERTEX_POINT('',#14343);
#5413=VERTEX_POINT('',#14347);
#5414=VERTEX_POINT('',#14358);
#5415=VERTEX_POINT('',#14371);
#5416=VERTEX_POINT('',#14377);
#5417=VERTEX_POINT('',#14381);
#5418=VERTEX_POINT('',#14385);
#5419=VERTEX_POINT('',#14389);
#5420=VERTEX_POINT('',#14393);
#5421=VERTEX_POINT('',#14397);
#5422=VERTEX_POINT('',#14401);
#5423=VERTEX_POINT('',#14412);
#5424=VERTEX_POINT('',#14421);
#5425=VERTEX_POINT('',#14422);
#5426=VERTEX_POINT('',#14424);
#5427=VERTEX_POINT('',#14426);
#5428=VERTEX_POINT('',#14430);
#5429=VERTEX_POINT('',#14432);
#5430=VERTEX_POINT('',#14436);
#5431=VERTEX_POINT('',#14438);
#5432=VERTEX_POINT('',#14442);
#5433=VERTEX_POINT('',#14444);
#5434=VERTEX_POINT('',#14457);
#5435=VERTEX_POINT('',#14459);
#5436=VERTEX_POINT('',#14474);
#5437=VERTEX_POINT('',#14476);
#5438=VERTEX_POINT('',#14482);
#5439=VERTEX_POINT('',#14484);
#5440=VERTEX_POINT('',#14488);
#5441=VERTEX_POINT('',#14490);
#5442=VERTEX_POINT('',#14503);
#5443=VERTEX_POINT('',#14505);
#5444=VERTEX_POINT('',#14520);
#5445=VERTEX_POINT('',#14522);
#5446=VERTEX_POINT('',#14537);
#5447=VERTEX_POINT('',#14538);
#5448=VERTEX_POINT('',#14540);
#5449=VERTEX_POINT('',#14544);
#5450=VERTEX_POINT('',#14548);
#5451=VERTEX_POINT('',#14550);
#5452=VERTEX_POINT('',#14554);
#5453=VERTEX_POINT('',#14556);
#5454=VERTEX_POINT('',#14560);
#5455=VERTEX_POINT('',#14562);
#5456=VERTEX_POINT('',#14575);
#5457=VERTEX_POINT('',#14577);
#5458=VERTEX_POINT('',#14592);
#5459=VERTEX_POINT('',#14594);
#5460=VERTEX_POINT('',#14607);
#5461=VERTEX_POINT('',#14611);
#5462=VERTEX_POINT('',#14622);
#5463=VERTEX_POINT('',#14628);
#5464=VERTEX_POINT('',#14632);
#5465=VERTEX_POINT('',#14643);
#5466=VERTEX_POINT('',#14656);
#5467=VERTEX_POINT('',#14662);
#5468=VERTEX_POINT('',#14673);
#5469=VERTEX_POINT('',#14679);
#5470=VERTEX_POINT('',#14683);
#5471=VERTEX_POINT('',#14687);
#5472=VERTEX_POINT('',#14691);
#5473=VERTEX_POINT('',#14695);
#5474=VERTEX_POINT('',#14706);
#5475=VERTEX_POINT('',#14712);
#5476=VERTEX_POINT('',#14716);
#5477=VERTEX_POINT('',#14727);
#5478=VERTEX_POINT('',#14740);
#5479=VERTEX_POINT('',#14753);
#5480=VERTEX_POINT('',#14766);
#5481=VERTEX_POINT('',#14793);
#5482=VERTEX_POINT('',#14795);
#5483=VERTEX_POINT('',#14806);
#5484=VERTEX_POINT('',#14812);
#5485=VERTEX_POINT('',#14816);
#5486=VERTEX_POINT('',#14820);
#5487=VERTEX_POINT('',#14831);
#5488=VERTEX_POINT('',#14844);
#5489=VERTEX_POINT('',#14857);
#5490=VERTEX_POINT('',#14863);
#5491=VERTEX_POINT('',#14867);
#5492=VERTEX_POINT('',#14871);
#5493=VERTEX_POINT('',#14882);
#5494=VERTEX_POINT('',#14895);
#5495=VERTEX_POINT('',#14908);
#5496=VERTEX_POINT('',#14914);
#5497=VERTEX_POINT('',#14925);
#5498=VERTEX_POINT('',#14931);
#5499=VERTEX_POINT('',#14935);
#5500=VERTEX_POINT('',#14939);
#5501=VERTEX_POINT('',#14950);
#5502=VERTEX_POINT('',#14956);
#5503=VERTEX_POINT('',#14960);
#5504=VERTEX_POINT('',#14971);
#5505=VERTEX_POINT('',#14977);
#5506=VERTEX_POINT('',#14988);
#5507=VERTEX_POINT('',#15001);
#5508=VERTEX_POINT('',#15007);
#5509=VERTEX_POINT('',#15011);
#5510=VERTEX_POINT('',#15015);
#5511=VERTEX_POINT('',#15026);
#5512=VERTEX_POINT('',#15039);
#5513=VERTEX_POINT('',#15052);
#5514=VERTEX_POINT('',#15065);
#5515=VERTEX_POINT('',#15071);
#5516=VERTEX_POINT('',#15075);
#5517=VERTEX_POINT('',#15079);
#5518=VERTEX_POINT('',#15090);
#5519=VERTEX_POINT('',#15096);
#5520=VERTEX_POINT('',#15100);
#5521=VERTEX_POINT('',#15104);
#5522=VERTEX_POINT('',#15108);
#5523=VERTEX_POINT('',#15112);
#5524=VERTEX_POINT('',#15123);
#5525=VERTEX_POINT('',#15136);
#5526=VERTEX_POINT('',#15148);
#5527=VERTEX_POINT('',#15150);
#5528=VERTEX_POINT('',#15154);
#5529=VERTEX_POINT('',#15158);
#5530=VERTEX_POINT('',#15162);
#5531=VERTEX_POINT('',#15166);
#5532=VERTEX_POINT('',#15170);
#5533=VERTEX_POINT('',#15174);
#5534=VERTEX_POINT('',#15181);
#5535=VERTEX_POINT('',#15183);
#5536=VERTEX_POINT('',#15187);
#5537=VERTEX_POINT('',#15191);
#5538=VERTEX_POINT('',#15195);
#5539=VERTEX_POINT('',#15199);
#5540=VERTEX_POINT('',#15203);
#5541=VERTEX_POINT('',#15210);
#5542=VERTEX_POINT('',#15212);
#5543=VERTEX_POINT('',#15216);
#5544=VERTEX_POINT('',#15220);
#5545=VERTEX_POINT('',#15224);
#5546=VERTEX_POINT('',#15228);
#5547=VERTEX_POINT('',#15232);
#5548=VERTEX_POINT('',#15242);
#5549=LINE('',#11524,#6274);
#5550=LINE('',#11527,#6275);
#5551=LINE('',#11533,#6276);
#5552=LINE('',#11535,#6277);
#5553=LINE('',#11537,#6278);
#5554=LINE('',#11539,#6279);
#5555=LINE('',#11542,#6280);
#5556=LINE('',#11543,#6281);
#5557=LINE('',#11545,#6282);
#5558=LINE('',#11548,#6283);
#5559=LINE('',#11549,#6284);
#5560=LINE('',#11551,#6285);
#5561=LINE('',#11557,#6286);
#5562=LINE('',#11560,#6287);
#5563=LINE('',#11562,#6288);
#5564=LINE('',#11566,#6289);
#5565=LINE('',#11568,#6290);
#5566=LINE('',#11571,#6291);
#5567=LINE('',#11572,#6292);
#5568=LINE('',#11574,#6293);
#5569=LINE('',#11577,#6294);
#5570=LINE('',#11579,#6295);
#5571=LINE('',#11581,#6296);
#5572=LINE('',#11583,#6297);
#5573=LINE('',#11585,#6298);
#5574=LINE('',#11587,#6299);
#5575=LINE('',#11609,#6300);
#5576=LINE('',#11667,#6301);
#5577=LINE('',#11727,#6302);
#5578=LINE('',#11729,#6303);
#5579=LINE('',#11731,#6304);
#5580=LINE('',#11733,#6305);
#5581=LINE('',#11735,#6306);
#5582=LINE('',#11749,#6307);
#5583=LINE('',#11767,#6308);
#5584=LINE('',#11789,#6309);
#5585=LINE('',#11837,#6310);
#5586=LINE('',#11859,#6311);
#5587=LINE('',#11861,#6312);
#5588=LINE('',#11863,#6313);
#5589=LINE('',#11865,#6314);
#5590=LINE('',#11867,#6315);
#5591=LINE('',#11869,#6316);
#5592=LINE('',#11871,#6317);
#5593=LINE('',#11873,#6318);
#5594=LINE('',#11875,#6319);
#5595=LINE('',#11877,#6320);
#5596=LINE('',#11879,#6321);
#5597=LINE('',#11880,#6322);
#5598=LINE('',#11883,#6323);
#5599=LINE('',#11885,#6324);
#5600=LINE('',#11909,#6325);
#5601=LINE('',#11911,#6326);
#5602=LINE('',#11913,#6327);
#5603=LINE('',#11915,#6328);
#5604=LINE('',#11917,#6329);
#5605=LINE('',#11944,#6330);
#5606=LINE('',#11947,#6331);
#5607=LINE('',#11949,#6332);
#5608=LINE('',#11951,#6333);
#5609=LINE('',#11953,#6334);
#5610=LINE('',#11955,#6335);
#5611=LINE('',#11957,#6336);
#5612=LINE('',#11959,#6337);
#5613=LINE('',#11965,#6338);
#5614=LINE('',#11967,#6339);
#5615=LINE('',#11968,#6340);
#5616=LINE('',#11971,#6341);
#5617=LINE('',#11999,#6342);
#5618=LINE('',#12001,#6343);
#5619=LINE('',#12003,#6344);
#5620=LINE('',#12005,#6345);
#5621=LINE('',#12007,#6346);
#5622=LINE('',#12035,#6347);
#5623=LINE('',#12049,#6348);
#5624=LINE('',#12071,#6349);
#5625=LINE('',#12073,#6350);
#5626=LINE('',#12075,#6351);
#5627=LINE('',#12077,#6352);
#5628=LINE('',#12079,#6353);
#5629=LINE('',#12081,#6354);
#5630=LINE('',#12083,#6355);
#5631=LINE('',#12085,#6356);
#5632=LINE('',#12087,#6357);
#5633=LINE('',#12089,#6358);
#5634=LINE('',#12091,#6359);
#5635=LINE('',#12109,#6360);
#5636=LINE('',#12111,#6361);
#5637=LINE('',#12167,#6362);
#5638=LINE('',#12169,#6363);
#5639=LINE('',#12171,#6364);
#5640=LINE('',#12191,#6365);
#5641=LINE('',#12192,#6366);
#5642=LINE('',#12195,#6367);
#5643=LINE('',#12197,#6368);
#5644=LINE('',#12221,#6369);
#5645=LINE('',#12223,#6370);
#5646=LINE('',#12225,#6371);
#5647=LINE('',#12227,#6372);
#5648=LINE('',#12229,#6373);
#5649=LINE('',#12289,#6374);
#5650=LINE('',#12291,#6375);
#5651=LINE('',#12293,#6376);
#5652=LINE('',#12334,#6377);
#5653=LINE('',#12337,#6378);
#5654=LINE('',#12339,#6379);
#5655=LINE('',#12341,#6380);
#5656=LINE('',#12343,#6381);
#5657=LINE('',#12345,#6382);
#5658=LINE('',#12347,#6383);
#5659=LINE('',#12349,#6384);
#5660=LINE('',#12352,#6385);
#5661=LINE('',#12354,#6386);
#5662=LINE('',#12356,#6387);
#5663=LINE('',#12358,#6388);
#5664=LINE('',#12360,#6389);
#5665=LINE('',#12362,#6390);
#5666=LINE('',#12364,#6391);
#5667=LINE('',#12366,#6392);
#5668=LINE('',#12368,#6393);
#5669=LINE('',#12370,#6394);
#5670=LINE('',#12372,#6395);
#5671=LINE('',#12374,#6396);
#5672=LINE('',#12376,#6397);
#5673=LINE('',#12378,#6398);
#5674=LINE('',#12380,#6399);
#5675=LINE('',#12382,#6400);
#5676=LINE('',#12385,#6401);
#5677=LINE('',#12387,#6402);
#5678=LINE('',#12388,#6403);
#5679=LINE('',#12390,#6404);
#5680=LINE('',#12392,#6405);
#5681=LINE('',#12405,#6406);
#5682=LINE('',#12408,#6407);
#5683=LINE('',#12410,#6408);
#5684=LINE('',#12412,#6409);
#5685=LINE('',#12414,#6410);
#5686=LINE('',#12416,#6411);
#5687=LINE('',#12420,#6412);
#5688=LINE('',#12422,#6413);
#5689=LINE('',#12424,#6414);
#5690=LINE('',#12426,#6415);
#5691=LINE('',#12428,#6416);
#5692=LINE('',#12430,#6417);
#5693=LINE('',#12432,#6418);
#5694=LINE('',#12440,#6419);
#5695=LINE('',#12443,#6420);
#5696=LINE('',#12445,#6421);
#5697=LINE('',#12447,#6422);
#5698=LINE('',#12449,#6423);
#5699=LINE('',#12451,#6424);
#5700=LINE('',#12453,#6425);
#5701=LINE('',#12455,#6426);
#5702=LINE('',#12459,#6427);
#5703=LINE('',#12461,#6428);
#5704=LINE('',#12462,#6429);
#5705=LINE('',#12463,#6430);
#5706=LINE('',#12465,#6431);
#5707=LINE('',#12467,#6432);
#5708=LINE('',#12469,#6433);
#5709=LINE('',#12471,#6434);
#5710=LINE('',#12473,#6435);
#5711=LINE('',#12475,#6436);
#5712=LINE('',#12477,#6437);
#5713=LINE('',#12479,#6438);
#5714=LINE('',#12481,#6439);
#5715=LINE('',#12483,#6440);
#5716=LINE('',#12485,#6441);
#5717=LINE('',#12487,#6442);
#5718=LINE('',#12489,#6443);
#5719=LINE('',#12493,#6444);
#5720=LINE('',#12495,#6445);
#5721=LINE('',#12497,#6446);
#5722=LINE('',#12501,#6447);
#5723=LINE('',#12509,#6448);
#5724=LINE('',#12512,#6449);
#5725=LINE('',#12516,#6450);
#5726=LINE('',#12518,#6451);
#5727=LINE('',#12520,#6452);
#5728=LINE('',#12524,#6453);
#5729=LINE('',#12526,#6454);
#5730=LINE('',#12528,#6455);
#5731=LINE('',#12530,#6456);
#5732=LINE('',#12532,#6457);
#5733=LINE('',#12534,#6458);
#5734=LINE('',#12538,#6459);
#5735=LINE('',#12540,#6460);
#5736=LINE('',#12542,#6461);
#5737=LINE('',#12544,#6462);
#5738=LINE('',#12547,#6463);
#5739=LINE('',#12549,#6464);
#5740=LINE('',#12550,#6465);
#5741=LINE('',#12551,#6466);
#5742=LINE('',#12553,#6467);
#5743=LINE('',#12557,#6468);
#5744=LINE('',#12558,#6469);
#5745=LINE('',#12560,#6470);
#5746=LINE('',#12562,#6471);
#5747=LINE('',#12566,#6472);
#5748=LINE('',#12568,#6473);
#5749=LINE('',#12570,#6474);
#5750=LINE('',#12572,#6475);
#5751=LINE('',#12574,#6476);
#5752=LINE('',#12576,#6477);
#5753=LINE('',#12578,#6478);
#5754=LINE('',#12581,#6479);
#5755=LINE('',#12583,#6480);
#5756=LINE('',#12585,#6481);
#5757=LINE('',#12587,#6482);
#5758=LINE('',#12590,#6483);
#5759=LINE('',#12592,#6484);
#5760=LINE('',#12594,#6485);
#5761=LINE('',#12596,#6486);
#5762=LINE('',#12601,#6487);
#5763=LINE('',#12605,#6488);
#5764=LINE('',#12607,#6489);
#5765=LINE('',#12621,#6490);
#5766=LINE('',#12622,#6491);
#5767=LINE('',#12623,#6492);
#5768=LINE('',#12624,#6493);
#5769=LINE('',#12625,#6494);
#5770=LINE('',#12627,#6495);
#5771=LINE('',#12629,#6496);
#5772=LINE('',#12631,#6497);
#5773=LINE('',#12635,#6498);
#5774=LINE('',#12637,#6499);
#5775=LINE('',#12640,#6500);
#5776=LINE('',#12646,#6501);
#5777=LINE('',#12648,#6502);
#5778=LINE('',#12650,#6503);
#5779=LINE('',#12651,#6504);
#5780=LINE('',#12653,#6505);
#5781=LINE('',#12654,#6506);
#5782=LINE('',#12656,#6507);
#5783=LINE('',#12658,#6508);
#5784=LINE('',#12659,#6509);
#5785=LINE('',#12661,#6510);
#5786=LINE('',#12663,#6511);
#5787=LINE('',#12665,#6512);
#5788=LINE('',#12667,#6513);
#5789=LINE('',#12669,#6514);
#5790=LINE('',#12671,#6515);
#5791=LINE('',#12673,#6516);
#5792=LINE('',#12675,#6517);
#5793=LINE('',#12676,#6518);
#5794=LINE('',#12677,#6519);
#5795=LINE('',#12679,#6520);
#5796=LINE('',#12681,#6521);
#5797=LINE('',#12682,#6522);
#5798=LINE('',#12685,#6523);
#5799=LINE('',#12687,#6524);
#5800=LINE('',#12689,#6525);
#5801=LINE('',#12690,#6526);
#5802=LINE('',#12692,#6527);
#5803=LINE('',#12694,#6528);
#5804=LINE('',#12697,#6529);
#5805=LINE('',#12699,#6530);
#5806=LINE('',#12701,#6531);
#5807=LINE('',#12704,#6532);
#5808=LINE('',#12706,#6533);
#5809=LINE('',#12712,#6534);
#5810=LINE('',#12713,#6535);
#5811=LINE('',#12715,#6536);
#5812=LINE('',#12717,#6537);
#5813=LINE('',#12719,#6538);
#5814=LINE('',#12771,#6539);
#5815=LINE('',#12773,#6540);
#5816=LINE('',#12775,#6541);
#5817=LINE('',#12787,#6542);
#5818=LINE('',#12789,#6543);
#5819=LINE('',#12791,#6544);
#5820=LINE('',#12795,#6545);
#5821=LINE('',#12797,#6546);
#5822=LINE('',#12799,#6547);
#5823=LINE('',#12801,#6548);
#5824=LINE('',#12803,#6549);
#5825=LINE('',#12805,#6550);
#5826=LINE('',#12807,#6551);
#5827=LINE('',#12809,#6552);
#5828=LINE('',#12811,#6553);
#5829=LINE('',#12813,#6554);
#5830=LINE('',#12815,#6555);
#5831=LINE('',#12817,#6556);
#5832=LINE('',#12819,#6557);
#5833=LINE('',#12821,#6558);
#5834=LINE('',#12823,#6559);
#5835=LINE('',#12825,#6560);
#5836=LINE('',#12827,#6561);
#5837=LINE('',#12829,#6562);
#5838=LINE('',#12831,#6563);
#5839=LINE('',#12833,#6564);
#5840=LINE('',#12835,#6565);
#5841=LINE('',#12837,#6566);
#5842=LINE('',#12839,#6567);
#5843=LINE('',#12867,#6568);
#5844=LINE('',#12869,#6569);
#5845=LINE('',#12871,#6570);
#5846=LINE('',#12873,#6571);
#5847=LINE('',#12875,#6572);
#5848=LINE('',#12877,#6573);
#5849=LINE('',#12881,#6574);
#5850=LINE('',#12885,#6575);
#5851=LINE('',#12889,#6576);
#5852=LINE('',#12900,#6577);
#5853=LINE('',#12913,#6578);
#5854=LINE('',#12919,#6579);
#5855=LINE('',#12923,#6580);
#5856=LINE('',#12927,#6581);
#5857=LINE('',#12938,#6582);
#5858=LINE('',#12944,#6583);
#5859=LINE('',#12946,#6584);
#5860=LINE('',#12948,#6585);
#5861=LINE('',#12950,#6586);
#5862=LINE('',#12952,#6587);
#5863=LINE('',#12954,#6588);
#5864=LINE('',#12956,#6589);
#5865=LINE('',#12958,#6590);
#5866=LINE('',#12960,#6591);
#5867=LINE('',#12962,#6592);
#5868=LINE('',#12971,#6593);
#5869=LINE('',#12977,#6594);
#5870=LINE('',#12981,#6595);
#5871=LINE('',#12992,#6596);
#5872=LINE('',#13005,#6597);
#5873=LINE('',#13018,#6598);
#5874=LINE('',#13031,#6599);
#5875=LINE('',#13037,#6600);
#5876=LINE('',#13041,#6601);
#5877=LINE('',#13044,#6602);
#5878=LINE('',#13046,#6603);
#5879=LINE('',#13048,#6604);
#5880=LINE('',#13050,#6605);
#5881=LINE('',#13054,#6606);
#5882=LINE('',#13058,#6607);
#5883=LINE('',#13062,#6608);
#5884=LINE('',#13066,#6609);
#5885=LINE('',#13070,#6610);
#5886=LINE('',#13074,#6611);
#5887=LINE('',#13085,#6612);
#5888=LINE('',#13091,#6613);
#5889=LINE('',#13095,#6614);
#5890=LINE('',#13099,#6615);
#5891=LINE('',#13103,#6616);
#5892=LINE('',#13107,#6617);
#5893=LINE('',#13109,#6618);
#5894=LINE('',#13111,#6619);
#5895=LINE('',#13113,#6620);
#5896=LINE('',#13115,#6621);
#5897=LINE('',#13117,#6622);
#5898=LINE('',#13119,#6623);
#5899=LINE('',#13121,#6624);
#5900=LINE('',#13123,#6625);
#5901=LINE('',#13125,#6626);
#5902=LINE('',#13134,#6627);
#5903=LINE('',#13140,#6628);
#5904=LINE('',#13144,#6629);
#5905=LINE('',#13148,#6630);
#5906=LINE('',#13159,#6631);
#5907=LINE('',#13165,#6632);
#5908=LINE('',#13176,#6633);
#5909=LINE('',#13182,#6634);
#5910=LINE('',#13186,#6635);
#5911=LINE('',#13188,#6636);
#5912=LINE('',#13190,#6637);
#5913=LINE('',#13200,#6638);
#5914=LINE('',#13206,#6639);
#5915=LINE('',#13208,#6640);
#5916=LINE('',#13210,#6641);
#5917=LINE('',#13212,#6642);
#5918=LINE('',#13214,#6643);
#5919=LINE('',#13216,#6644);
#5920=LINE('',#13218,#6645);
#5921=LINE('',#13220,#6646);
#5922=LINE('',#13222,#6647);
#5923=LINE('',#13224,#6648);
#5924=LINE('',#13226,#6649);
#5925=LINE('',#13228,#6650);
#5926=LINE('',#13230,#6651);
#5927=LINE('',#13232,#6652);
#5928=LINE('',#13234,#6653);
#5929=LINE('',#13236,#6654);
#5930=LINE('',#13238,#6655);
#5931=LINE('',#13240,#6656);
#5932=LINE('',#13242,#6657);
#5933=LINE('',#13244,#6658);
#5934=LINE('',#13246,#6659);
#5935=LINE('',#13248,#6660);
#5936=LINE('',#13250,#6661);
#5937=LINE('',#13252,#6662);
#5938=LINE('',#13256,#6663);
#5939=LINE('',#13260,#6664);
#5940=LINE('',#13271,#6665);
#5941=LINE('',#13277,#6666);
#5942=LINE('',#13281,#6667);
#5943=LINE('',#13285,#6668);
#5944=LINE('',#13289,#6669);
#5945=LINE('',#13293,#6670);
#5946=LINE('',#13297,#6671);
#5947=LINE('',#13299,#6672);
#5948=LINE('',#13301,#6673);
#5949=LINE('',#13305,#6674);
#5950=LINE('',#13328,#6675);
#5951=LINE('',#13334,#6676);
#5952=LINE('',#13336,#6677);
#5953=LINE('',#13338,#6678);
#5954=LINE('',#13340,#6679);
#5955=LINE('',#13342,#6680);
#5956=LINE('',#13344,#6681);
#5957=LINE('',#13346,#6682);
#5958=LINE('',#13348,#6683);
#5959=LINE('',#13350,#6684);
#5960=LINE('',#13352,#6685);
#5961=LINE('',#13354,#6686);
#5962=LINE('',#13356,#6687);
#5963=LINE('',#13358,#6688);
#5964=LINE('',#13360,#6689);
#5965=LINE('',#13362,#6690);
#5966=LINE('',#13364,#6691);
#5967=LINE('',#13366,#6692);
#5968=LINE('',#13368,#6693);
#5969=LINE('',#13370,#6694);
#5970=LINE('',#13372,#6695);
#5971=LINE('',#13374,#6696);
#5972=LINE('',#13376,#6697);
#5973=LINE('',#13378,#6698);
#5974=LINE('',#13380,#6699);
#5975=LINE('',#13384,#6700);
#5976=LINE('',#13388,#6701);
#5977=LINE('',#13399,#6702);
#5978=LINE('',#13405,#6703);
#5979=LINE('',#13409,#6704);
#5980=LINE('',#13413,#6705);
#5981=LINE('',#13417,#6706);
#5982=LINE('',#13421,#6707);
#5983=LINE('',#13425,#6708);
#5984=LINE('',#13427,#6709);
#5985=LINE('',#13429,#6710);
#5986=LINE('',#13433,#6711);
#5987=LINE('',#13461,#6712);
#5988=LINE('',#13467,#6713);
#5989=LINE('',#13471,#6714);
#5990=LINE('',#13486,#6715);
#5991=LINE('',#13503,#6716);
#5992=LINE('',#13520,#6717);
#5993=LINE('',#13528,#6718);
#5994=LINE('',#13534,#6719);
#5995=LINE('',#13549,#6720);
#5996=LINE('',#13557,#6721);
#5997=LINE('',#13563,#6722);
#5998=LINE('',#13578,#6723);
#5999=LINE('',#13586,#6724);
#6000=LINE('',#13592,#6725);
#6001=LINE('',#13598,#6726);
#6002=LINE('',#13604,#6727);
#6003=LINE('',#13608,#6728);
#6004=LINE('',#13612,#6729);
#6005=LINE('',#13614,#6730);
#6006=LINE('',#13616,#6731);
#6007=LINE('',#13618,#6732);
#6008=LINE('',#13622,#6733);
#6009=LINE('',#13633,#6734);
#6010=LINE('',#13639,#6735);
#6011=LINE('',#13650,#6736);
#6012=LINE('',#13663,#6737);
#6013=LINE('',#13669,#6738);
#6014=LINE('',#13671,#6739);
#6015=LINE('',#13673,#6740);
#6016=LINE('',#13675,#6741);
#6017=LINE('',#13677,#6742);
#6018=LINE('',#13679,#6743);
#6019=LINE('',#13688,#6744);
#6020=LINE('',#13701,#6745);
#6021=LINE('',#13714,#6746);
#6022=LINE('',#13727,#6747);
#6023=LINE('',#13740,#6748);
#6024=LINE('',#13753,#6749);
#6025=LINE('',#13759,#6750);
#6026=LINE('',#13770,#6751);
#6027=LINE('',#13776,#6752);
#6028=LINE('',#13787,#6753);
#6029=LINE('',#13793,#6754);
#6030=LINE('',#13804,#6755);
#6031=LINE('',#13817,#6756);
#6032=LINE('',#13830,#6757);
#6033=LINE('',#13836,#6758);
#6034=LINE('',#13840,#6759);
#6035=LINE('',#13844,#6760);
#6036=LINE('',#13846,#6761);
#6037=LINE('',#13848,#6762);
#6038=LINE('',#13850,#6763);
#6039=LINE('',#13859,#6764);
#6040=LINE('',#13872,#6765);
#6041=LINE('',#13878,#6766);
#6042=LINE('',#13882,#6767);
#6043=LINE('',#13906,#6768);
#6044=LINE('',#13910,#6769);
#6045=LINE('',#13912,#6770);
#6046=LINE('',#13914,#6771);
#6047=LINE('',#13916,#6772);
#6048=LINE('',#13920,#6773);
#6049=LINE('',#13926,#6774);
#6050=LINE('',#13932,#6775);
#6051=LINE('',#13947,#6776);
#6052=LINE('',#13955,#6777);
#6053=LINE('',#13961,#6778);
#6054=LINE('',#13972,#6779);
#6055=LINE('',#13978,#6780);
#6056=LINE('',#13980,#6781);
#6057=LINE('',#13984,#6782);
#6058=LINE('',#13995,#6783);
#6059=LINE('',#14008,#6784);
#6060=LINE('',#14021,#6785);
#6061=LINE('',#14034,#6786);
#6062=LINE('',#14040,#6787);
#6063=LINE('',#14051,#6788);
#6064=LINE('',#14064,#6789);
#6065=LINE('',#14077,#6790);
#6066=LINE('',#14083,#6791);
#6067=LINE('',#14085,#6792);
#6068=LINE('',#14087,#6793);
#6069=LINE('',#14091,#6794);
#6070=LINE('',#14095,#6795);
#6071=LINE('',#14099,#6796);
#6072=LINE('',#14110,#6797);
#6073=LINE('',#14116,#6798);
#6074=LINE('',#14120,#6799);
#6075=LINE('',#14131,#6800);
#6076=LINE('',#14137,#6801);
#6077=LINE('',#14139,#6802);
#6078=LINE('',#14148,#6803);
#6079=LINE('',#14161,#6804);
#6080=LINE('',#14182,#6805);
#6081=LINE('',#14184,#6806);
#6082=LINE('',#14186,#6807);
#6083=LINE('',#14188,#6808);
#6084=LINE('',#14192,#6809);
#6085=LINE('',#14196,#6810);
#6086=LINE('',#14200,#6811);
#6087=LINE('',#14204,#6812);
#6088=LINE('',#14208,#6813);
#6089=LINE('',#14212,#6814);
#6090=LINE('',#14223,#6815);
#6091=LINE('',#14229,#6816);
#6092=LINE('',#14233,#6817);
#6093=LINE('',#14237,#6818);
#6094=LINE('',#14241,#6819);
#6095=LINE('',#14245,#6820);
#6096=LINE('',#14247,#6821);
#6097=LINE('',#14249,#6822);
#6098=LINE('',#14251,#6823);
#6099=LINE('',#14253,#6824);
#6100=LINE('',#14255,#6825);
#6101=LINE('',#14257,#6826);
#6102=LINE('',#14259,#6827);
#6103=LINE('',#14261,#6828);
#6104=LINE('',#14263,#6829);
#6105=LINE('',#14272,#6830);
#6106=LINE('',#14278,#6831);
#6107=LINE('',#14282,#6832);
#6108=LINE('',#14286,#6833);
#6109=LINE('',#14297,#6834);
#6110=LINE('',#14303,#6835);
#6111=LINE('',#14314,#6836);
#6112=LINE('',#14320,#6837);
#6113=LINE('',#14324,#6838);
#6114=LINE('',#14326,#6839);
#6115=LINE('',#14328,#6840);
#6116=LINE('',#14338,#6841);
#6117=LINE('',#14344,#6842);
#6118=LINE('',#14346,#6843);
#6119=LINE('',#14348,#6844);
#6120=LINE('',#14357,#6845);
#6121=LINE('',#14370,#6846);
#6122=LINE('',#14376,#6847);
#6123=LINE('',#14380,#6848);
#6124=LINE('',#14384,#6849);
#6125=LINE('',#14386,#6850);
#6126=LINE('',#14388,#6851);
#6127=LINE('',#14390,#6852);
#6128=LINE('',#14392,#6853);
#6129=LINE('',#14394,#6854);
#6130=LINE('',#14396,#6855);
#6131=LINE('',#14398,#6856);
#6132=LINE('',#14400,#6857);
#6133=LINE('',#14402,#6858);
#6134=LINE('',#14411,#6859);
#6135=LINE('',#14423,#6860);
#6136=LINE('',#14427,#6861);
#6137=LINE('',#14429,#6862);
#6138=LINE('',#14431,#6863);
#6139=LINE('',#14433,#6864);
#6140=LINE('',#14435,#6865);
#6141=LINE('',#14437,#6866);
#6142=LINE('',#14439,#6867);
#6143=LINE('',#14441,#6868);
#6144=LINE('',#14443,#6869);
#6145=LINE('',#14445,#6870);
#6146=LINE('',#14458,#6871);
#6147=LINE('',#14475,#6872);
#6148=LINE('',#14483,#6873);
#6149=LINE('',#14489,#6874);
#6150=LINE('',#14504,#6875);
#6151=LINE('',#14521,#6876);
#6152=LINE('',#14539,#6877);
#6153=LINE('',#14545,#6878);
#6154=LINE('',#14547,#6879);
#6155=LINE('',#14549,#6880);
#6156=LINE('',#14551,#6881);
#6157=LINE('',#14553,#6882);
#6158=LINE('',#14555,#6883);
#6159=LINE('',#14557,#6884);
#6160=LINE('',#14559,#6885);
#6161=LINE('',#14561,#6886);
#6162=LINE('',#14563,#6887);
#6163=LINE('',#14576,#6888);
#6164=LINE('',#14593,#6889);
#6165=LINE('',#14606,#6890);
#6166=LINE('',#14612,#6891);
#6167=LINE('',#14621,#6892);
#6168=LINE('',#14627,#6893);
#6169=LINE('',#14631,#6894);
#6170=LINE('',#14642,#6895);
#6171=LINE('',#14655,#6896);
#6172=LINE('',#14661,#6897);
#6173=LINE('',#14672,#6898);
#6174=LINE('',#14678,#6899);
#6175=LINE('',#14682,#6900);
#6176=LINE('',#14684,#6901);
#6177=LINE('',#14686,#6902);
#6178=LINE('',#14688,#6903);
#6179=LINE('',#14690,#6904);
#6180=LINE('',#14692,#6905);
#6181=LINE('',#14694,#6906);
#6182=LINE('',#14705,#6907);
#6183=LINE('',#14711,#6908);
#6184=LINE('',#14715,#6909);
#6185=LINE('',#14726,#6910);
#6186=LINE('',#14739,#6911);
#6187=LINE('',#14752,#6912);
#6188=LINE('',#14765,#6913);
#6189=LINE('',#14792,#6914);
#6190=LINE('',#14796,#6915);
#6191=LINE('',#14805,#6916);
#6192=LINE('',#14811,#6917);
#6193=LINE('',#14815,#6918);
#6194=LINE('',#14819,#6919);
#6195=LINE('',#14830,#6920);
#6196=LINE('',#14843,#6921);
#6197=LINE('',#14856,#6922);
#6198=LINE('',#14862,#6923);
#6199=LINE('',#14866,#6924);
#6200=LINE('',#14870,#6925);
#6201=LINE('',#14881,#6926);
#6202=LINE('',#14894,#6927);
#6203=LINE('',#14907,#6928);
#6204=LINE('',#14913,#6929);
#6205=LINE('',#14924,#6930);
#6206=LINE('',#14930,#6931);
#6207=LINE('',#14934,#6932);
#6208=LINE('',#14936,#6933);
#6209=LINE('',#14938,#6934);
#6210=LINE('',#14949,#6935);
#6211=LINE('',#14955,#6936);
#6212=LINE('',#14959,#6937);
#6213=LINE('',#14970,#6938);
#6214=LINE('',#14976,#6939);
#6215=LINE('',#14987,#6940);
#6216=LINE('',#15000,#6941);
#6217=LINE('',#15006,#6942);
#6218=LINE('',#15010,#6943);
#6219=LINE('',#15014,#6944);
#6220=LINE('',#15025,#6945);
#6221=LINE('',#15038,#6946);
#6222=LINE('',#15051,#6947);
#6223=LINE('',#15064,#6948);
#6224=LINE('',#15070,#6949);
#6225=LINE('',#15074,#6950);
#6226=LINE('',#15078,#6951);
#6227=LINE('',#15089,#6952);
#6228=LINE('',#15095,#6953);
#6229=LINE('',#15097,#6954);
#6230=LINE('',#15099,#6955);
#6231=LINE('',#15103,#6956);
#6232=LINE('',#15107,#6957);
#6233=LINE('',#15111,#6958);
#6234=LINE('',#15122,#6959);
#6235=LINE('',#15135,#6960);
#6236=LINE('',#15147,#6961);
#6237=LINE('',#15151,#6962);
#6238=LINE('',#15153,#6963);
#6239=LINE('',#15157,#6964);
#6240=LINE('',#15161,#6965);
#6241=LINE('',#15165,#6966);
#6242=LINE('',#15169,#6967);
#6243=LINE('',#15173,#6968);
#6244=LINE('',#15180,#6969);
#6245=LINE('',#15182,#6970);
#6246=LINE('',#15184,#6971);
#6247=LINE('',#15186,#6972);
#6248=LINE('',#15188,#6973);
#6249=LINE('',#15190,#6974);
#6250=LINE('',#15192,#6975);
#6251=LINE('',#15194,#6976);
#6252=LINE('',#15196,#6977);
#6253=LINE('',#15198,#6978);
#6254=LINE('',#15200,#6979);
#6255=LINE('',#15202,#6980);
#6256=LINE('',#15204,#6981);
#6257=LINE('',#15206,#6982);
#6258=LINE('',#15209,#6983);
#6259=LINE('',#15211,#6984);
#6260=LINE('',#15213,#6985);
#6261=LINE('',#15215,#6986);
#6262=LINE('',#15217,#6987);
#6263=LINE('',#15219,#6988);
#6264=LINE('',#15221,#6989);
#6265=LINE('',#15223,#6990);
#6266=LINE('',#15225,#6991);
#6267=LINE('',#15227,#6992);
#6268=LINE('',#15229,#6993);
#6269=LINE('',#15231,#6994);
#6270=LINE('',#15233,#6995);
#6271=LINE('',#15235,#6996);
#6272=LINE('',#15238,#6997);
#6273=LINE('',#15245,#6998);
#6274=VECTOR('',#9381,1.);
#6275=VECTOR('',#9382,1.);
#6276=VECTOR('',#9387,1.);
#6277=VECTOR('',#9388,1.);
#6278=VECTOR('',#9389,1.);
#6279=VECTOR('',#9392,1.);
#6280=VECTOR('',#9393,1.);
#6281=VECTOR('',#9394,1.);
#6282=VECTOR('',#9397,1.);
#6283=VECTOR('',#9398,1.);
#6284=VECTOR('',#9399,1.);
#6285=VECTOR('',#9400,1.);
#6286=VECTOR('',#9407,1.);
#6287=VECTOR('',#9408,1.);
#6288=VECTOR('',#9409,1.);
#6289=VECTOR('',#9412,1.);
#6290=VECTOR('',#9415,1.);
#6291=VECTOR('',#9416,1.);
#6292=VECTOR('',#9417,1.);
#6293=VECTOR('',#9420,1.);
#6294=VECTOR('',#9421,1.);
#6295=VECTOR('',#9422,1.);
#6296=VECTOR('',#9423,1.);
#6297=VECTOR('',#9424,1.);
#6298=VECTOR('',#9425,1.);
#6299=VECTOR('',#9426,1.);
#6300=VECTOR('',#9439,1.);
#6301=VECTOR('',#9460,1.);
#6302=VECTOR('',#9479,1.);
#6303=VECTOR('',#9480,1.);
#6304=VECTOR('',#9481,1.);
#6305=VECTOR('',#9482,1.);
#6306=VECTOR('',#9483,1.);
#6307=VECTOR('',#9488,1.);
#6308=VECTOR('',#9489,1.);
#6309=VECTOR('',#9502,1.);
#6310=VECTOR('',#9513,1.);
#6311=VECTOR('',#9530,1.);
#6312=VECTOR('',#9531,1.);
#6313=VECTOR('',#9532,1.);
#6314=VECTOR('',#9533,1.);
#6315=VECTOR('',#9534,1.);
#6316=VECTOR('',#9535,1.);
#6317=VECTOR('',#9536,1.);
#6318=VECTOR('',#9537,1.);
#6319=VECTOR('',#9538,1.);
#6320=VECTOR('',#9539,1.);
#6321=VECTOR('',#9540,1.);
#6322=VECTOR('',#9541,1.);
#6323=VECTOR('',#9542,1.);
#6324=VECTOR('',#9543,1.);
#6325=VECTOR('',#9554,1.);
#6326=VECTOR('',#9555,1.);
#6327=VECTOR('',#9556,1.);
#6328=VECTOR('',#9557,1.);
#6329=VECTOR('',#9558,1.);
#6330=VECTOR('',#9581,1.);
#6331=VECTOR('',#9582,1.);
#6332=VECTOR('',#9583,1.);
#6333=VECTOR('',#9584,1.);
#6334=VECTOR('',#9585,1.);
#6335=VECTOR('',#9586,1.);
#6336=VECTOR('',#9587,1.);
#6337=VECTOR('',#9588,1.);
#6338=VECTOR('',#9593,1.);
#6339=VECTOR('',#9594,1.);
#6340=VECTOR('',#9595,1.);
#6341=VECTOR('',#9596,1.);
#6342=VECTOR('',#9603,1.);
#6343=VECTOR('',#9604,1.);
#6344=VECTOR('',#9605,1.);
#6345=VECTOR('',#9606,1.);
#6346=VECTOR('',#9607,1.);
#6347=VECTOR('',#9622,1.);
#6348=VECTOR('',#9627,1.);
#6349=VECTOR('',#9644,1.);
#6350=VECTOR('',#9645,1.);
#6351=VECTOR('',#9646,1.);
#6352=VECTOR('',#9647,1.);
#6353=VECTOR('',#9648,1.);
#6354=VECTOR('',#9649,1.);
#6355=VECTOR('',#9650,1.);
#6356=VECTOR('',#9651,1.);
#6357=VECTOR('',#9652,1.);
#6358=VECTOR('',#9653,1.);
#6359=VECTOR('',#9654,1.);
#6360=VECTOR('',#9663,1.);
#6361=VECTOR('',#9664,1.);
#6362=VECTOR('',#9675,1.);
#6363=VECTOR('',#9676,1.);
#6364=VECTOR('',#9677,1.);
#6365=VECTOR('',#9684,1.);
#6366=VECTOR('',#9685,1.);
#6367=VECTOR('',#9686,1.);
#6368=VECTOR('',#9687,1.);
#6369=VECTOR('',#9698,1.);
#6370=VECTOR('',#9699,1.);
#6371=VECTOR('',#9700,1.);
#6372=VECTOR('',#9701,1.);
#6373=VECTOR('',#9702,1.);
#6374=VECTOR('',#9733,1.);
#6375=VECTOR('',#9734,1.);
#6376=VECTOR('',#9735,1.);
#6377=VECTOR('',#9760,1.);
#6378=VECTOR('',#9761,1.);
#6379=VECTOR('',#9762,1.);
#6380=VECTOR('',#9763,1.);
#6381=VECTOR('',#9764,1.);
#6382=VECTOR('',#9765,1.);
#6383=VECTOR('',#9766,1.);
#6384=VECTOR('',#9769,1.);
#6385=VECTOR('',#9770,1.);
#6386=VECTOR('',#9771,1.);
#6387=VECTOR('',#9772,1.);
#6388=VECTOR('',#9775,1.);
#6389=VECTOR('',#9776,1.);
#6390=VECTOR('',#9777,1.);
#6391=VECTOR('',#9780,1.);
#6392=VECTOR('',#9781,1.);
#6393=VECTOR('',#9782,1.);
#6394=VECTOR('',#9785,1.);
#6395=VECTOR('',#9786,1.);
#6396=VECTOR('',#9787,1.);
#6397=VECTOR('',#9790,1.);
#6398=VECTOR('',#9791,1.);
#6399=VECTOR('',#9792,1.);
#6400=VECTOR('',#9795,1.);
#6401=VECTOR('',#9796,1.);
#6402=VECTOR('',#9797,1.);
#6403=VECTOR('',#9798,1.);
#6404=VECTOR('',#9799,1.);
#6405=VECTOR('',#9800,1.);
#6406=VECTOR('',#9813,1.);
#6407=VECTOR('',#9814,1.);
#6408=VECTOR('',#9815,1.);
#6409=VECTOR('',#9816,1.);
#6410=VECTOR('',#9819,1.);
#6411=VECTOR('',#9820,1.);
#6412=VECTOR('',#9825,1.);
#6413=VECTOR('',#9828,1.);
#6414=VECTOR('',#9829,1.);
#6415=VECTOR('',#9830,1.);
#6416=VECTOR('',#9833,1.);
#6417=VECTOR('',#9834,1.);
#6418=VECTOR('',#9835,1.);
#6419=VECTOR('',#9844,1.);
#6420=VECTOR('',#9845,1.);
#6421=VECTOR('',#9846,1.);
#6422=VECTOR('',#9847,1.);
#6423=VECTOR('',#9848,1.);
#6424=VECTOR('',#9849,1.);
#6425=VECTOR('',#9850,1.);
#6426=VECTOR('',#9851,1.);
#6427=VECTOR('',#9854,1.);
#6428=VECTOR('',#9855,1.);
#6429=VECTOR('',#9856,1.);
#6430=VECTOR('',#9857,1.);
#6431=VECTOR('',#9858,1.);
#6432=VECTOR('',#9859,1.);
#6433=VECTOR('',#9860,1.);
#6434=VECTOR('',#9861,1.);
#6435=VECTOR('',#9862,1.);
#6436=VECTOR('',#9863,1.);
#6437=VECTOR('',#9864,1.);
#6438=VECTOR('',#9865,1.);
#6439=VECTOR('',#9866,1.);
#6440=VECTOR('',#9867,1.);
#6441=VECTOR('',#9868,1.);
#6442=VECTOR('',#9869,1.);
#6443=VECTOR('',#9870,1.);
#6444=VECTOR('',#9873,1.);
#6445=VECTOR('',#9874,1.);
#6446=VECTOR('',#9875,1.);
#6447=VECTOR('',#9878,1.);
#6448=VECTOR('',#9887,1.);
#6449=VECTOR('',#9888,1.);
#6450=VECTOR('',#9891,1.);
#6451=VECTOR('',#9892,1.);
#6452=VECTOR('',#9893,1.);
#6453=VECTOR('',#9896,1.);
#6454=VECTOR('',#9897,1.);
#6455=VECTOR('',#9898,1.);
#6456=VECTOR('',#9899,1.);
#6457=VECTOR('',#9900,1.);
#6458=VECTOR('',#9901,1.);
#6459=VECTOR('',#9904,1.);
#6460=VECTOR('',#9905,1.);
#6461=VECTOR('',#9906,1.);
#6462=VECTOR('',#9907,1.);
#6463=VECTOR('',#9910,1.);
#6464=VECTOR('',#9911,1.);
#6465=VECTOR('',#9912,1.);
#6466=VECTOR('',#9913,1.);
#6467=VECTOR('',#9914,1.);
#6468=VECTOR('',#9917,1.);
#6469=VECTOR('',#9918,1.);
#6470=VECTOR('',#9919,1.);
#6471=VECTOR('',#9920,1.);
#6472=VECTOR('',#9925,1.);
#6473=VECTOR('',#9926,1.);
#6474=VECTOR('',#9927,1.);
#6475=VECTOR('',#9930,1.);
#6476=VECTOR('',#9931,1.);
#6477=VECTOR('',#9932,1.);
#6478=VECTOR('',#9935,1.);
#6479=VECTOR('',#9936,1.);
#6480=VECTOR('',#9937,1.);
#6481=VECTOR('',#9938,1.);
#6482=VECTOR('',#9941,1.);
#6483=VECTOR('',#9942,1.);
#6484=VECTOR('',#9943,1.);
#6485=VECTOR('',#9944,1.);
#6486=VECTOR('',#9947,1.);
#6487=VECTOR('',#9950,1.);
#6488=VECTOR('',#9953,1.);
#6489=VECTOR('',#9954,1.);
#6490=VECTOR('',#9969,1.);
#6491=VECTOR('',#9970,1.);
#6492=VECTOR('',#9971,1.);
#6493=VECTOR('',#9972,1.);
#6494=VECTOR('',#9973,1.);
#6495=VECTOR('',#9974,1.);
#6496=VECTOR('',#9977,1.);
#6497=VECTOR('',#9980,1.);
#6498=VECTOR('',#9985,1.);
#6499=VECTOR('',#9988,1.);
#6500=VECTOR('',#9991,1.);
#6501=VECTOR('',#9998,1.);
#6502=VECTOR('',#9999,1.);
#6503=VECTOR('',#10002,1.);
#6504=VECTOR('',#10003,1.);
#6505=VECTOR('',#10004,1.);
#6506=VECTOR('',#10005,1.);
#6507=VECTOR('',#10008,1.);
#6508=VECTOR('',#10011,1.);
#6509=VECTOR('',#10012,1.);
#6510=VECTOR('',#10013,1.);
#6511=VECTOR('',#10014,1.);
#6512=VECTOR('',#10017,1.);
#6513=VECTOR('',#10018,1.);
#6514=VECTOR('',#10021,1.);
#6515=VECTOR('',#10022,1.);
#6516=VECTOR('',#10025,1.);
#6517=VECTOR('',#10026,1.);
#6518=VECTOR('',#10027,1.);
#6519=VECTOR('',#10028,1.);
#6520=VECTOR('',#10031,1.);
#6521=VECTOR('',#10034,1.);
#6522=VECTOR('',#10035,1.);
#6523=VECTOR('',#10040,1.);
#6524=VECTOR('',#10043,1.);
#6525=VECTOR('',#10044,1.);
#6526=VECTOR('',#10045,1.);
#6527=VECTOR('',#10046,1.);
#6528=VECTOR('',#10047,1.);
#6529=VECTOR('',#10052,1.);
#6530=VECTOR('',#10055,1.);
#6531=VECTOR('',#10058,1.);
#6532=VECTOR('',#10063,1.);
#6533=VECTOR('',#10064,1.);
#6534=VECTOR('',#10071,1.);
#6535=VECTOR('',#10072,1.);
#6536=VECTOR('',#10075,1.);
#6537=VECTOR('',#10078,1.);
#6538=VECTOR('',#10081,1.);
#6539=VECTOR('',#10118,1.);
#6540=VECTOR('',#10119,1.);
#6541=VECTOR('',#10122,1.);
#6542=VECTOR('',#10145,1.);
#6543=VECTOR('',#10146,1.);
#6544=VECTOR('',#10149,1.);
#6545=VECTOR('',#10154,1.);
#6546=VECTOR('',#10155,1.);
#6547=VECTOR('',#10158,1.);
#6548=VECTOR('',#10159,1.);
#6549=VECTOR('',#10162,1.);
#6550=VECTOR('',#10163,1.);
#6551=VECTOR('',#10164,1.);
#6552=VECTOR('',#10165,1.);
#6553=VECTOR('',#10166,1.);
#6554=VECTOR('',#10167,1.);
#6555=VECTOR('',#10170,1.);
#6556=VECTOR('',#10173,1.);
#6557=VECTOR('',#10174,1.);
#6558=VECTOR('',#10177,1.);
#6559=VECTOR('',#10178,1.);
#6560=VECTOR('',#10181,1.);
#6561=VECTOR('',#10182,1.);
#6562=VECTOR('',#10185,1.);
#6563=VECTOR('',#10186,1.);
#6564=VECTOR('',#10189,1.);
#6565=VECTOR('',#10192,1.);
#6566=VECTOR('',#10195,1.);
#6567=VECTOR('',#10198,1.);
#6568=VECTOR('',#10241,1.);
#6569=VECTOR('',#10242,1.);
#6570=VECTOR('',#10243,1.);
#6571=VECTOR('',#10246,1.);
#6572=VECTOR('',#10247,1.);
#6573=VECTOR('',#10250,1.);
#6574=VECTOR('',#10255,1.);
#6575=VECTOR('',#10260,1.);
#6576=VECTOR('',#10265,1.);
#6577=VECTOR('',#10268,1.);
#6578=VECTOR('',#10269,1.);
#6579=VECTOR('',#10272,1.);
#6580=VECTOR('',#10277,1.);
#6581=VECTOR('',#10282,1.);
#6582=VECTOR('',#10285,1.);
#6583=VECTOR('',#10288,1.);
#6584=VECTOR('',#10289,1.);
#6585=VECTOR('',#10292,1.);
#6586=VECTOR('',#10293,1.);
#6587=VECTOR('',#10296,1.);
#6588=VECTOR('',#10297,1.);
#6589=VECTOR('',#10300,1.);
#6590=VECTOR('',#10301,1.);
#6591=VECTOR('',#10304,1.);
#6592=VECTOR('',#10305,1.);
#6593=VECTOR('',#10306,1.);
#6594=VECTOR('',#10309,1.);
#6595=VECTOR('',#10314,1.);
#6596=VECTOR('',#10317,1.);
#6597=VECTOR('',#10318,1.);
#6598=VECTOR('',#10319,1.);
#6599=VECTOR('',#10320,1.);
#6600=VECTOR('',#10323,1.);
#6601=VECTOR('',#10328,1.);
#6602=VECTOR('',#10333,1.);
#6603=VECTOR('',#10334,1.);
#6604=VECTOR('',#10335,1.);
#6605=VECTOR('',#10338,1.);
#6606=VECTOR('',#10343,1.);
#6607=VECTOR('',#10348,1.);
#6608=VECTOR('',#10353,1.);
#6609=VECTOR('',#10358,1.);
#6610=VECTOR('',#10363,1.);
#6611=VECTOR('',#10368,1.);
#6612=VECTOR('',#10371,1.);
#6613=VECTOR('',#10374,1.);
#6614=VECTOR('',#10379,1.);
#6615=VECTOR('',#10384,1.);
#6616=VECTOR('',#10389,1.);
#6617=VECTOR('',#10394,1.);
#6618=VECTOR('',#10395,1.);
#6619=VECTOR('',#10398,1.);
#6620=VECTOR('',#10399,1.);
#6621=VECTOR('',#10402,1.);
#6622=VECTOR('',#10403,1.);
#6623=VECTOR('',#10406,1.);
#6624=VECTOR('',#10407,1.);
#6625=VECTOR('',#10410,1.);
#6626=VECTOR('',#10411,1.);
#6627=VECTOR('',#10412,1.);
#6628=VECTOR('',#10415,1.);
#6629=VECTOR('',#10420,1.);
#6630=VECTOR('',#10425,1.);
#6631=VECTOR('',#10428,1.);
#6632=VECTOR('',#10431,1.);
#6633=VECTOR('',#10434,1.);
#6634=VECTOR('',#10437,1.);
#6635=VECTOR('',#10442,1.);
#6636=VECTOR('',#10443,1.);
#6637=VECTOR('',#10446,1.);
#6638=VECTOR('',#10449,1.);
#6639=VECTOR('',#10450,1.);
#6640=VECTOR('',#10453,1.);
#6641=VECTOR('',#10454,1.);
#6642=VECTOR('',#10457,1.);
#6643=VECTOR('',#10458,1.);
#6644=VECTOR('',#10461,1.);
#6645=VECTOR('',#10462,1.);
#6646=VECTOR('',#10465,1.);
#6647=VECTOR('',#10466,1.);
#6648=VECTOR('',#10469,1.);
#6649=VECTOR('',#10470,1.);
#6650=VECTOR('',#10473,1.);
#6651=VECTOR('',#10474,1.);
#6652=VECTOR('',#10477,1.);
#6653=VECTOR('',#10478,1.);
#6654=VECTOR('',#10481,1.);
#6655=VECTOR('',#10482,1.);
#6656=VECTOR('',#10485,1.);
#6657=VECTOR('',#10486,1.);
#6658=VECTOR('',#10489,1.);
#6659=VECTOR('',#10490,1.);
#6660=VECTOR('',#10493,1.);
#6661=VECTOR('',#10494,1.);
#6662=VECTOR('',#10497,1.);
#6663=VECTOR('',#10502,1.);
#6664=VECTOR('',#10507,1.);
#6665=VECTOR('',#10510,1.);
#6666=VECTOR('',#10513,1.);
#6667=VECTOR('',#10518,1.);
#6668=VECTOR('',#10523,1.);
#6669=VECTOR('',#10528,1.);
#6670=VECTOR('',#10533,1.);
#6671=VECTOR('',#10538,1.);
#6672=VECTOR('',#10539,1.);
#6673=VECTOR('',#10542,1.);
#6674=VECTOR('',#10547,1.);
#6675=VECTOR('',#10552,1.);
#6676=VECTOR('',#10553,1.);
#6677=VECTOR('',#10556,1.);
#6678=VECTOR('',#10557,1.);
#6679=VECTOR('',#10560,1.);
#6680=VECTOR('',#10561,1.);
#6681=VECTOR('',#10564,1.);
#6682=VECTOR('',#10565,1.);
#6683=VECTOR('',#10568,1.);
#6684=VECTOR('',#10569,1.);
#6685=VECTOR('',#10572,1.);
#6686=VECTOR('',#10573,1.);
#6687=VECTOR('',#10576,1.);
#6688=VECTOR('',#10577,1.);
#6689=VECTOR('',#10580,1.);
#6690=VECTOR('',#10581,1.);
#6691=VECTOR('',#10584,1.);
#6692=VECTOR('',#10585,1.);
#6693=VECTOR('',#10588,1.);
#6694=VECTOR('',#10589,1.);
#6695=VECTOR('',#10592,1.);
#6696=VECTOR('',#10593,1.);
#6697=VECTOR('',#10596,1.);
#6698=VECTOR('',#10597,1.);
#6699=VECTOR('',#10600,1.);
#6700=VECTOR('',#10605,1.);
#6701=VECTOR('',#10610,1.);
#6702=VECTOR('',#10613,1.);
#6703=VECTOR('',#10616,1.);
#6704=VECTOR('',#10621,1.);
#6705=VECTOR('',#10626,1.);
#6706=VECTOR('',#10631,1.);
#6707=VECTOR('',#10636,1.);
#6708=VECTOR('',#10641,1.);
#6709=VECTOR('',#10642,1.);
#6710=VECTOR('',#10645,1.);
#6711=VECTOR('',#10650,1.);
#6712=VECTOR('',#10655,1.);
#6713=VECTOR('',#10656,1.);
#6714=VECTOR('',#10661,1.);
#6715=VECTOR('',#10664,1.);
#6716=VECTOR('',#10665,1.);
#6717=VECTOR('',#10666,1.);
#6718=VECTOR('',#10671,1.);
#6719=VECTOR('',#10678,1.);
#6720=VECTOR('',#10681,1.);
#6721=VECTOR('',#10686,1.);
#6722=VECTOR('',#10693,1.);
#6723=VECTOR('',#10696,1.);
#6724=VECTOR('',#10701,1.);
#6725=VECTOR('',#10708,1.);
#6726=VECTOR('',#10715,1.);
#6727=VECTOR('',#10722,1.);
#6728=VECTOR('',#10727,1.);
#6729=VECTOR('',#10730,1.);
#6730=VECTOR('',#10733,1.);
#6731=VECTOR('',#10734,1.);
#6732=VECTOR('',#10737,1.);
#6733=VECTOR('',#10742,1.);
#6734=VECTOR('',#10745,1.);
#6735=VECTOR('',#10748,1.);
#6736=VECTOR('',#10751,1.);
#6737=VECTOR('',#10752,1.);
#6738=VECTOR('',#10755,1.);
#6739=VECTOR('',#10756,1.);
#6740=VECTOR('',#10759,1.);
#6741=VECTOR('',#10760,1.);
#6742=VECTOR('',#10763,1.);
#6743=VECTOR('',#10764,1.);
#6744=VECTOR('',#10765,1.);
#6745=VECTOR('',#10766,1.);
#6746=VECTOR('',#10767,1.);
#6747=VECTOR('',#10768,1.);
#6748=VECTOR('',#10769,1.);
#6749=VECTOR('',#10770,1.);
#6750=VECTOR('',#10773,1.);
#6751=VECTOR('',#10776,1.);
#6752=VECTOR('',#10779,1.);
#6753=VECTOR('',#10782,1.);
#6754=VECTOR('',#10785,1.);
#6755=VECTOR('',#10788,1.);
#6756=VECTOR('',#10789,1.);
#6757=VECTOR('',#10790,1.);
#6758=VECTOR('',#10793,1.);
#6759=VECTOR('',#10798,1.);
#6760=VECTOR('',#10803,1.);
#6761=VECTOR('',#10804,1.);
#6762=VECTOR('',#10807,1.);
#6763=VECTOR('',#10808,1.);
#6764=VECTOR('',#10809,1.);
#6765=VECTOR('',#10810,1.);
#6766=VECTOR('',#10813,1.);
#6767=VECTOR('',#10818,1.);
#6768=VECTOR('',#10831,1.);
#6769=VECTOR('',#10834,1.);
#6770=VECTOR('',#10837,1.);
#6771=VECTOR('',#10838,1.);
#6772=VECTOR('',#10839,1.);
#6773=VECTOR('',#10844,1.);
#6774=VECTOR('',#10851,1.);
#6775=VECTOR('',#10858,1.);
#6776=VECTOR('',#10861,1.);
#6777=VECTOR('',#10866,1.);
#6778=VECTOR('',#10873,1.);
#6779=VECTOR('',#10876,1.);
#6780=VECTOR('',#10877,1.);
#6781=VECTOR('',#10880,1.);
#6782=VECTOR('',#10885,1.);
#6783=VECTOR('',#10888,1.);
#6784=VECTOR('',#10889,1.);
#6785=VECTOR('',#10890,1.);
#6786=VECTOR('',#10891,1.);
#6787=VECTOR('',#10894,1.);
#6788=VECTOR('',#10897,1.);
#6789=VECTOR('',#10898,1.);
#6790=VECTOR('',#10899,1.);
#6791=VECTOR('',#10902,1.);
#6792=VECTOR('',#10903,1.);
#6793=VECTOR('',#10906,1.);
#6794=VECTOR('',#10911,1.);
#6795=VECTOR('',#10916,1.);
#6796=VECTOR('',#10921,1.);
#6797=VECTOR('',#10924,1.);
#6798=VECTOR('',#10927,1.);
#6799=VECTOR('',#10932,1.);
#6800=VECTOR('',#10935,1.);
#6801=VECTOR('',#10938,1.);
#6802=VECTOR('',#10939,1.);
#6803=VECTOR('',#10940,1.);
#6804=VECTOR('',#10941,1.);
#6805=VECTOR('',#10952,1.);
#6806=VECTOR('',#10953,1.);
#6807=VECTOR('',#10954,1.);
#6808=VECTOR('',#10957,1.);
#6809=VECTOR('',#10962,1.);
#6810=VECTOR('',#10967,1.);
#6811=VECTOR('',#10972,1.);
#6812=VECTOR('',#10977,1.);
#6813=VECTOR('',#10982,1.);
#6814=VECTOR('',#10987,1.);
#6815=VECTOR('',#10990,1.);
#6816=VECTOR('',#10993,1.);
#6817=VECTOR('',#10998,1.);
#6818=VECTOR('',#11003,1.);
#6819=VECTOR('',#11008,1.);
#6820=VECTOR('',#11013,1.);
#6821=VECTOR('',#11014,1.);
#6822=VECTOR('',#11017,1.);
#6823=VECTOR('',#11018,1.);
#6824=VECTOR('',#11021,1.);
#6825=VECTOR('',#11022,1.);
#6826=VECTOR('',#11025,1.);
#6827=VECTOR('',#11026,1.);
#6828=VECTOR('',#11029,1.);
#6829=VECTOR('',#11030,1.);
#6830=VECTOR('',#11031,1.);
#6831=VECTOR('',#11034,1.);
#6832=VECTOR('',#11039,1.);
#6833=VECTOR('',#11044,1.);
#6834=VECTOR('',#11047,1.);
#6835=VECTOR('',#11050,1.);
#6836=VECTOR('',#11053,1.);
#6837=VECTOR('',#11056,1.);
#6838=VECTOR('',#11061,1.);
#6839=VECTOR('',#11062,1.);
#6840=VECTOR('',#11065,1.);
#6841=VECTOR('',#11068,1.);
#6842=VECTOR('',#11069,1.);
#6843=VECTOR('',#11072,1.);
#6844=VECTOR('',#11073,1.);
#6845=VECTOR('',#11074,1.);
#6846=VECTOR('',#11075,1.);
#6847=VECTOR('',#11078,1.);
#6848=VECTOR('',#11083,1.);
#6849=VECTOR('',#11088,1.);
#6850=VECTOR('',#11089,1.);
#6851=VECTOR('',#11092,1.);
#6852=VECTOR('',#11093,1.);
#6853=VECTOR('',#11096,1.);
#6854=VECTOR('',#11097,1.);
#6855=VECTOR('',#11100,1.);
#6856=VECTOR('',#11101,1.);
#6857=VECTOR('',#11104,1.);
#6858=VECTOR('',#11105,1.);
#6859=VECTOR('',#11106,1.);
#6860=VECTOR('',#11117,1.);
#6861=VECTOR('',#11120,1.);
#6862=VECTOR('',#11123,1.);
#6863=VECTOR('',#11124,1.);
#6864=VECTOR('',#11125,1.);
#6865=VECTOR('',#11128,1.);
#6866=VECTOR('',#11129,1.);
#6867=VECTOR('',#11130,1.);
#6868=VECTOR('',#11133,1.);
#6869=VECTOR('',#11134,1.);
#6870=VECTOR('',#11135,1.);
#6871=VECTOR('',#11136,1.);
#6872=VECTOR('',#11137,1.);
#6873=VECTOR('',#11142,1.);
#6874=VECTOR('',#11149,1.);
#6875=VECTOR('',#11152,1.);
#6876=VECTOR('',#11153,1.);
#6877=VECTOR('',#11154,1.);
#6878=VECTOR('',#11155,1.);
#6879=VECTOR('',#11158,1.);
#6880=VECTOR('',#11159,1.);
#6881=VECTOR('',#11160,1.);
#6882=VECTOR('',#11163,1.);
#6883=VECTOR('',#11164,1.);
#6884=VECTOR('',#11165,1.);
#6885=VECTOR('',#11168,1.);
#6886=VECTOR('',#11169,1.);
#6887=VECTOR('',#11170,1.);
#6888=VECTOR('',#11171,1.);
#6889=VECTOR('',#11172,1.);
#6890=VECTOR('',#11173,1.);
#6891=VECTOR('',#11174,1.);
#6892=VECTOR('',#11175,1.);
#6893=VECTOR('',#11178,1.);
#6894=VECTOR('',#11183,1.);
#6895=VECTOR('',#11186,1.);
#6896=VECTOR('',#11187,1.);
#6897=VECTOR('',#11190,1.);
#6898=VECTOR('',#11193,1.);
#6899=VECTOR('',#11196,1.);
#6900=VECTOR('',#11201,1.);
#6901=VECTOR('',#11202,1.);
#6902=VECTOR('',#11205,1.);
#6903=VECTOR('',#11206,1.);
#6904=VECTOR('',#11209,1.);
#6905=VECTOR('',#11210,1.);
#6906=VECTOR('',#11213,1.);
#6907=VECTOR('',#11216,1.);
#6908=VECTOR('',#11219,1.);
#6909=VECTOR('',#11224,1.);
#6910=VECTOR('',#11227,1.);
#6911=VECTOR('',#11228,1.);
#6912=VECTOR('',#11229,1.);
#6913=VECTOR('',#11230,1.);
#6914=VECTOR('',#11247,1.);
#6915=VECTOR('',#11250,1.);
#6916=VECTOR('',#11251,1.);
#6917=VECTOR('',#11254,1.);
#6918=VECTOR('',#11259,1.);
#6919=VECTOR('',#11264,1.);
#6920=VECTOR('',#11267,1.);
#6921=VECTOR('',#11268,1.);
#6922=VECTOR('',#11269,1.);
#6923=VECTOR('',#11272,1.);
#6924=VECTOR('',#11277,1.);
#6925=VECTOR('',#11282,1.);
#6926=VECTOR('',#11285,1.);
#6927=VECTOR('',#11286,1.);
#6928=VECTOR('',#11287,1.);
#6929=VECTOR('',#11290,1.);
#6930=VECTOR('',#11293,1.);
#6931=VECTOR('',#11296,1.);
#6932=VECTOR('',#11301,1.);
#6933=VECTOR('',#11302,1.);
#6934=VECTOR('',#11305,1.);
#6935=VECTOR('',#11308,1.);
#6936=VECTOR('',#11311,1.);
#6937=VECTOR('',#11316,1.);
#6938=VECTOR('',#11319,1.);
#6939=VECTOR('',#11322,1.);
#6940=VECTOR('',#11325,1.);
#6941=VECTOR('',#11326,1.);
#6942=VECTOR('',#11329,1.);
#6943=VECTOR('',#11334,1.);
#6944=VECTOR('',#11339,1.);
#6945=VECTOR('',#11342,1.);
#6946=VECTOR('',#11343,1.);
#6947=VECTOR('',#11344,1.);
#6948=VECTOR('',#11345,1.);
#6949=VECTOR('',#11348,1.);
#6950=VECTOR('',#11353,1.);
#6951=VECTOR('',#11358,1.);
#6952=VECTOR('',#11361,1.);
#6953=VECTOR('',#11364,1.);
#6954=VECTOR('',#11365,1.);
#6955=VECTOR('',#11368,1.);
#6956=VECTOR('',#11373,1.);
#6957=VECTOR('',#11378,1.);
#6958=VECTOR('',#11383,1.);
#6959=VECTOR('',#11386,1.);
#6960=VECTOR('',#11387,1.);
#6961=VECTOR('',#11402,1.);
#6962=VECTOR('',#11405,1.);
#6963=VECTOR('',#11408,1.);
#6964=VECTOR('',#11413,1.);
#6965=VECTOR('',#11418,1.);
#6966=VECTOR('',#11423,1.);
#6967=VECTOR('',#11428,1.);
#6968=VECTOR('',#11433,1.);
#6969=VECTOR('',#11444,1.);
#6970=VECTOR('',#11445,1.);
#6971=VECTOR('',#11446,1.);
#6972=VECTOR('',#11449,1.);
#6973=VECTOR('',#11450,1.);
#6974=VECTOR('',#11453,1.);
#6975=VECTOR('',#11454,1.);
#6976=VECTOR('',#11457,1.);
#6977=VECTOR('',#11458,1.);
#6978=VECTOR('',#11461,1.);
#6979=VECTOR('',#11462,1.);
#6980=VECTOR('',#11465,1.);
#6981=VECTOR('',#11466,1.);
#6982=VECTOR('',#11469,1.);
#6983=VECTOR('',#11474,1.);
#6984=VECTOR('',#11475,1.);
#6985=VECTOR('',#11476,1.);
#6986=VECTOR('',#11479,1.);
#6987=VECTOR('',#11480,1.);
#6988=VECTOR('',#11483,1.);
#6989=VECTOR('',#11484,1.);
#6990=VECTOR('',#11487,1.);
#6991=VECTOR('',#11488,1.);
#6992=VECTOR('',#11491,1.);
#6993=VECTOR('',#11492,1.);
#6994=VECTOR('',#11495,1.);
#6995=VECTOR('',#11496,1.);
#6996=VECTOR('',#11499,1.);
#6997=VECTOR('',#11504,1.);
#6998=VECTOR('',#11515,1.);
#6999=EDGE_LOOP('',(#844,#845,#846,#847,#848,#849,#850));
#7000=EDGE_LOOP('',(#851,#852,#853,#854));
#7001=EDGE_LOOP('',(#855,#856,#857,#858,#859,#860,#861));
#7002=EDGE_LOOP('',(#862,#863,#864,#865,#866));
#7003=EDGE_LOOP('',(#867,#868,#869,#870));
#7004=EDGE_LOOP('',(#871,#872,#873,#874,#875,#876,#877));
#7005=EDGE_LOOP('',(#878,#879,#880,#881,#882,#883,#884,#885,#886,#887,#888,
#889,#890,#891,#892,#893,#894,#895,#896,#897,#898,#899,#900,#901,#902,#903,
#904,#905,#906,#907,#908,#909,#910,#911,#912,#913,#914,#915,#916,#917,#918,
#919,#920,#921,#922));
#7006=EDGE_LOOP('',(#923,#924,#925,#926,#927,#928,#929,#930,#931,#932,#933,
#934,#935));
#7007=EDGE_LOOP('',(#936,#937,#938,#939,#940,#941,#942,#943,#944,#945,#946,
#947,#948,#949,#950,#951,#952,#953,#954,#955,#956,#957,#958,#959));
#7008=EDGE_LOOP('',(#960,#961,#962,#963,#964,#965,#966,#967,#968,#969,#970,
#971,#972,#973,#974,#975,#976,#977,#978,#979,#980,#981,#982,#983,#984));
#7009=EDGE_LOOP('',(#985,#986,#987,#988,#989,#990,#991,#992,#993,#994,#995,
#996,#997,#998,#999,#1000,#1001,#1002,#1003,#1004,#1005,#1006,#1007,#1008,
#1009,#1010,#1011,#1012));
#7010=EDGE_LOOP('',(#1013,#1014,#1015,#1016,#1017,#1018,#1019,#1020,#1021,
#1022,#1023,#1024));
#7011=EDGE_LOOP('',(#1025,#1026,#1027,#1028,#1029,#1030,#1031,#1032,#1033,
#1034,#1035,#1036,#1037,#1038,#1039,#1040,#1041,#1042,#1043,#1044,#1045,
#1046,#1047,#1048,#1049,#1050));
#7012=EDGE_LOOP('',(#1051,#1052,#1053,#1054,#1055,#1056,#1057,#1058,#1059,
#1060,#1061,#1062,#1063,#1064,#1065,#1066,#1067,#1068,#1069,#1070,#1071,
#1072,#1073,#1074,#1075));
#7013=EDGE_LOOP('',(#1076,#1077,#1078,#1079,#1080,#1081,#1082,#1083,#1084,
#1085,#1086,#1087,#1088,#1089,#1090,#1091,#1092,#1093,#1094,#1095,#1096,
#1097,#1098,#1099,#1100,#1101,#1102,#1103,#1104,#1105,#1106,#1107,#1108,
#1109));
#7014=EDGE_LOOP('',(#1110,#1111,#1112,#1113,#1114,#1115,#1116,#1117,#1118,
#1119,#1120,#1121,#1122,#1123,#1124,#1125,#1126,#1127,#1128,#1129,#1130,
#1131,#1132,#1133,#1134,#1135,#1136,#1137));
#7015=EDGE_LOOP('',(#1138,#1139,#1140,#1141,#1142,#1143,#1144,#1145,#1146,
#1147,#1148,#1149,#1150,#1151,#1152,#1153,#1154,#1155,#1156,#1157,#1158));
#7016=EDGE_LOOP('',(#1159,#1160,#1161,#1162,#1163,#1164,#1165,#1166));
#7017=EDGE_LOOP('',(#1167,#1168,#1169,#1170,#1171,#1172,#1173));
#7018=EDGE_LOOP('',(#1174,#1175,#1176,#1177));
#7019=EDGE_LOOP('',(#1178,#1179,#1180,#1181));
#7020=EDGE_LOOP('',(#1182,#1183,#1184,#1185));
#7021=EDGE_LOOP('',(#1186,#1187,#1188,#1189));
#7022=EDGE_LOOP('',(#1190,#1191,#1192,#1193));
#7023=EDGE_LOOP('',(#1194,#1195,#1196,#1197,#1198,#1199,#1200,#1201));
#7024=EDGE_LOOP('',(#1202));
#7025=EDGE_LOOP('',(#1203));
#7026=EDGE_LOOP('',(#1204));
#7027=EDGE_LOOP('',(#1205));
#7028=EDGE_LOOP('',(#1206));
#7029=EDGE_LOOP('',(#1207));
#7030=EDGE_LOOP('',(#1208,#1209,#1210,#1211));
#7031=EDGE_LOOP('',(#1212,#1213,#1214,#1215));
#7032=EDGE_LOOP('',(#1216,#1217,#1218,#1219));
#7033=EDGE_LOOP('',(#1220,#1221,#1222,#1223));
#7034=EDGE_LOOP('',(#1224,#1225,#1226,#1227));
#7035=EDGE_LOOP('',(#1228));
#7036=EDGE_LOOP('',(#1229));
#7037=EDGE_LOOP('',(#1230));
#7038=EDGE_LOOP('',(#1231,#1232,#1233,#1234,#1235,#1236,#1237,#1238,#1239,
#1240,#1241,#1242,#1243,#1244,#1245,#1246,#1247,#1248,#1249,#1250,#1251,
#1252,#1253,#1254,#1255,#1256,#1257,#1258,#1259,#1260,#1261,#1262,#1263,
#1264));
#7039=EDGE_LOOP('',(#1265));
#7040=EDGE_LOOP('',(#1266));
#7041=EDGE_LOOP('',(#1267));
#7042=EDGE_LOOP('',(#1268,#1269,#1270,#1271,#1272,#1273,#1274,#1275,#1276,
#1277,#1278,#1279,#1280,#1281,#1282,#1283,#1284,#1285,#1286,#1287,#1288,
#1289,#1290,#1291,#1292,#1293,#1294,#1295,#1296,#1297,#1298,#1299,#1300,
#1301));
#7043=EDGE_LOOP('',(#1302,#1303,#1304,#1305));
#7044=EDGE_LOOP('',(#1306,#1307,#1308,#1309));
#7045=EDGE_LOOP('',(#1310,#1311,#1312,#1313));
#7046=EDGE_LOOP('',(#1314,#1315,#1316,#1317));
#7047=EDGE_LOOP('',(#1318,#1319,#1320,#1321,#1322,#1323));
#7048=EDGE_LOOP('',(#1324));
#7049=EDGE_LOOP('',(#1325));
#7050=EDGE_LOOP('',(#1326));
#7051=EDGE_LOOP('',(#1327));
#7052=EDGE_LOOP('',(#1328));
#7053=EDGE_LOOP('',(#1329));
#7054=EDGE_LOOP('',(#1330,#1331,#1332,#1333));
#7055=EDGE_LOOP('',(#1334,#1335,#1336,#1337,#1338,#1339));
#7056=EDGE_LOOP('',(#1340,#1341,#1342,#1343));
#7057=EDGE_LOOP('',(#1344,#1345,#1346,#1347,#1348,#1349,#1350));
#7058=EDGE_LOOP('',(#1351,#1352,#1353,#1354,#1355));
#7059=EDGE_LOOP('',(#1356,#1357,#1358,#1359,#1360,#1361));
#7060=EDGE_LOOP('',(#1362,#1363,#1364,#1365,#1366,#1367,#1368,#1369));
#7061=EDGE_LOOP('',(#1370,#1371,#1372,#1373));
#7062=EDGE_LOOP('',(#1374,#1375,#1376,#1377,#1378,#1379,#1380,#1381));
#7063=EDGE_LOOP('',(#1382,#1383,#1384,#1385));
#7064=EDGE_LOOP('',(#1386,#1387,#1388,#1389));
#7065=EDGE_LOOP('',(#1390,#1391,#1392,#1393,#1394,#1395,#1396,#1397));
#7066=EDGE_LOOP('',(#1398,#1399,#1400,#1401));
#7067=EDGE_LOOP('',(#1402,#1403,#1404,#1405,#1406,#1407,#1408,#1409));
#7068=EDGE_LOOP('',(#1410,#1411,#1412,#1413,#1414,#1415));
#7069=EDGE_LOOP('',(#1416,#1417,#1418,#1419,#1420,#1421,#1422,#1423,#1424,
#1425));
#7070=EDGE_LOOP('',(#1426,#1427,#1428,#1429));
#7071=EDGE_LOOP('',(#1430,#1431,#1432,#1433));
#7072=EDGE_LOOP('',(#1434,#1435,#1436,#1437));
#7073=EDGE_LOOP('',(#1438,#1439,#1440,#1441));
#7074=EDGE_LOOP('',(#1442,#1443,#1444,#1445));
#7075=EDGE_LOOP('',(#1446,#1447,#1448,#1449));
#7076=EDGE_LOOP('',(#1450,#1451,#1452,#1453,#1454));
#7077=EDGE_LOOP('',(#1455,#1456,#1457,#1458));
#7078=EDGE_LOOP('',(#1459,#1460,#1461,#1462));
#7079=EDGE_LOOP('',(#1463,#1464,#1465,#1466,#1467));
#7080=EDGE_LOOP('',(#1468,#1469,#1470,#1471,#1472,#1473));
#7081=EDGE_LOOP('',(#1474,#1475,#1476,#1477,#1478));
#7082=EDGE_LOOP('',(#1479,#1480,#1481,#1482));
#7083=EDGE_LOOP('',(#1483,#1484,#1485,#1486,#1487,#1488));
#7084=EDGE_LOOP('',(#1489,#1490,#1491,#1492));
#7085=EDGE_LOOP('',(#1493));
#7086=EDGE_LOOP('',(#1494,#1495,#1496,#1497));
#7087=EDGE_LOOP('',(#1498));
#7088=EDGE_LOOP('',(#1499,#1500,#1501,#1502));
#7089=EDGE_LOOP('',(#1503,#1504,#1505,#1506));
#7090=EDGE_LOOP('',(#1507,#1508,#1509,#1510));
#7091=EDGE_LOOP('',(#1511,#1512,#1513,#1514));
#7092=EDGE_LOOP('',(#1515,#1516,#1517,#1518));
#7093=EDGE_LOOP('',(#1519,#1520,#1521,#1522));
#7094=EDGE_LOOP('',(#1523,#1524,#1525,#1526));
#7095=EDGE_LOOP('',(#1527,#1528,#1529,#1530));
#7096=EDGE_LOOP('',(#1531));
#7097=EDGE_LOOP('',(#1532));
#7098=EDGE_LOOP('',(#1533));
#7099=EDGE_LOOP('',(#1534));
#7100=EDGE_LOOP('',(#1535));
#7101=EDGE_LOOP('',(#1536));
#7102=EDGE_LOOP('',(#1537));
#7103=EDGE_LOOP('',(#1538));
#7104=EDGE_LOOP('',(#1539));
#7105=EDGE_LOOP('',(#1540));
#7106=EDGE_LOOP('',(#1541));
#7107=EDGE_LOOP('',(#1542));
#7108=EDGE_LOOP('',(#1543,#1544,#1545,#1546));
#7109=EDGE_LOOP('',(#1547,#1548,#1549,#1550));
#7110=EDGE_LOOP('',(#1551,#1552,#1553,#1554));
#7111=EDGE_LOOP('',(#1555,#1556,#1557,#1558));
#7112=EDGE_LOOP('',(#1559,#1560,#1561,#1562));
#7113=EDGE_LOOP('',(#1563,#1564,#1565,#1566));
#7114=EDGE_LOOP('',(#1567,#1568,#1569,#1570));
#7115=EDGE_LOOP('',(#1571,#1572,#1573,#1574,#1575,#1576,#1577,#1578,#1579,
#1580,#1581,#1582));
#7116=EDGE_LOOP('',(#1583,#1584,#1585,#1586,#1587,#1588,#1589,#1590,#1591,
#1592,#1593,#1594,#1595));
#7117=EDGE_LOOP('',(#1596,#1597,#1598,#1599));
#7118=EDGE_LOOP('',(#1600,#1601,#1602,#1603));
#7119=EDGE_LOOP('',(#1604,#1605,#1606,#1607));
#7120=EDGE_LOOP('',(#1608,#1609,#1610,#1611));
#7121=EDGE_LOOP('',(#1612,#1613,#1614,#1615));
#7122=EDGE_LOOP('',(#1616,#1617,#1618,#1619,#1620,#1621,#1622,#1623,#1624,
#1625,#1626,#1627,#1628,#1629));
#7123=EDGE_LOOP('',(#1630,#1631,#1632,#1633));
#7124=EDGE_LOOP('',(#1634,#1635,#1636,#1637));
#7125=EDGE_LOOP('',(#1638,#1639,#1640,#1641));
#7126=EDGE_LOOP('',(#1642));
#7127=EDGE_LOOP('',(#1643));
#7128=EDGE_LOOP('',(#1644));
#7129=EDGE_LOOP('',(#1645));
#7130=EDGE_LOOP('',(#1646));
#7131=EDGE_LOOP('',(#1647));
#7132=EDGE_LOOP('',(#1648));
#7133=EDGE_LOOP('',(#1649));
#7134=EDGE_LOOP('',(#1650));
#7135=EDGE_LOOP('',(#1651));
#7136=EDGE_LOOP('',(#1652));
#7137=EDGE_LOOP('',(#1653));
#7138=EDGE_LOOP('',(#1654));
#7139=EDGE_LOOP('',(#1655));
#7140=EDGE_LOOP('',(#1656));
#7141=EDGE_LOOP('',(#1657));
#7142=EDGE_LOOP('',(#1658));
#7143=EDGE_LOOP('',(#1659));
#7144=EDGE_LOOP('',(#1660));
#7145=EDGE_LOOP('',(#1661));
#7146=EDGE_LOOP('',(#1662,#1663,#1664,#1665));
#7147=EDGE_LOOP('',(#1666,#1667,#1668,#1669));
#7148=EDGE_LOOP('',(#1670,#1671,#1672,#1673));
#7149=EDGE_LOOP('',(#1674,#1675,#1676,#1677));
#7150=EDGE_LOOP('',(#1678,#1679,#1680,#1681));
#7151=EDGE_LOOP('',(#1682,#1683,#1684,#1685));
#7152=EDGE_LOOP('',(#1686,#1687,#1688,#1689));
#7153=EDGE_LOOP('',(#1690,#1691,#1692,#1693));
#7154=EDGE_LOOP('',(#1694,#1695,#1696,#1697));
#7155=EDGE_LOOP('',(#1698,#1699,#1700,#1701));
#7156=EDGE_LOOP('',(#1702,#1703,#1704,#1705));
#7157=EDGE_LOOP('',(#1706,#1707,#1708,#1709));
#7158=EDGE_LOOP('',(#1710,#1711,#1712,#1713));
#7159=EDGE_LOOP('',(#1714,#1715,#1716,#1717));
#7160=EDGE_LOOP('',(#1718,#1719,#1720,#1721));
#7161=EDGE_LOOP('',(#1722,#1723,#1724,#1725));
#7162=EDGE_LOOP('',(#1726,#1727,#1728,#1729));
#7163=EDGE_LOOP('',(#1730,#1731,#1732,#1733));
#7164=EDGE_LOOP('',(#1734,#1735,#1736,#1737));
#7165=EDGE_LOOP('',(#1738,#1739,#1740,#1741));
#7166=EDGE_LOOP('',(#1742,#1743,#1744,#1745));
#7167=EDGE_LOOP('',(#1746,#1747,#1748,#1749));
#7168=EDGE_LOOP('',(#1750,#1751,#1752,#1753));
#7169=EDGE_LOOP('',(#1754,#1755,#1756,#1757));
#7170=EDGE_LOOP('',(#1758,#1759,#1760,#1761));
#7171=EDGE_LOOP('',(#1762,#1763,#1764,#1765));
#7172=EDGE_LOOP('',(#1766,#1767,#1768,#1769,#1770,#1771,#1772,#1773,#1774,
#1775,#1776,#1777,#1778,#1779,#1780,#1781,#1782,#1783,#1784,#1785,#1786,
#1787,#1788,#1789,#1790,#1791));
#7173=EDGE_LOOP('',(#1792,#1793,#1794,#1795));
#7174=EDGE_LOOP('',(#1796,#1797,#1798,#1799));
#7175=EDGE_LOOP('',(#1800,#1801,#1802,#1803));
#7176=EDGE_LOOP('',(#1804,#1805,#1806,#1807));
#7177=EDGE_LOOP('',(#1808,#1809,#1810,#1811));
#7178=EDGE_LOOP('',(#1812,#1813,#1814,#1815));
#7179=EDGE_LOOP('',(#1816,#1817,#1818,#1819));
#7180=EDGE_LOOP('',(#1820,#1821,#1822,#1823));
#7181=EDGE_LOOP('',(#1824,#1825,#1826,#1827));
#7182=EDGE_LOOP('',(#1828,#1829,#1830,#1831));
#7183=EDGE_LOOP('',(#1832,#1833,#1834,#1835));
#7184=EDGE_LOOP('',(#1836,#1837,#1838,#1839));
#7185=EDGE_LOOP('',(#1840,#1841,#1842,#1843));
#7186=EDGE_LOOP('',(#1844,#1845,#1846,#1847));
#7187=EDGE_LOOP('',(#1848,#1849,#1850,#1851));
#7188=EDGE_LOOP('',(#1852,#1853,#1854,#1855));
#7189=EDGE_LOOP('',(#1856,#1857,#1858,#1859));
#7190=EDGE_LOOP('',(#1860,#1861,#1862,#1863));
#7191=EDGE_LOOP('',(#1864,#1865,#1866,#1867));
#7192=EDGE_LOOP('',(#1868,#1869,#1870,#1871));
#7193=EDGE_LOOP('',(#1872,#1873,#1874,#1875));
#7194=EDGE_LOOP('',(#1876,#1877,#1878,#1879));
#7195=EDGE_LOOP('',(#1880,#1881,#1882,#1883));
#7196=EDGE_LOOP('',(#1884,#1885,#1886,#1887));
#7197=EDGE_LOOP('',(#1888,#1889,#1890,#1891));
#7198=EDGE_LOOP('',(#1892,#1893,#1894,#1895));
#7199=EDGE_LOOP('',(#1896,#1897,#1898,#1899));
#7200=EDGE_LOOP('',(#1900,#1901,#1902,#1903));
#7201=EDGE_LOOP('',(#1904,#1905,#1906,#1907,#1908,#1909,#1910,#1911,#1912,
#1913,#1914,#1915,#1916,#1917,#1918,#1919,#1920,#1921,#1922,#1923,#1924,
#1925,#1926,#1927,#1928,#1929,#1930,#1931));
#7202=EDGE_LOOP('',(#1932,#1933,#1934,#1935));
#7203=EDGE_LOOP('',(#1936,#1937,#1938,#1939));
#7204=EDGE_LOOP('',(#1940,#1941,#1942,#1943));
#7205=EDGE_LOOP('',(#1944,#1945,#1946,#1947));
#7206=EDGE_LOOP('',(#1948,#1949,#1950,#1951));
#7207=EDGE_LOOP('',(#1952,#1953,#1954,#1955));
#7208=EDGE_LOOP('',(#1956,#1957,#1958,#1959));
#7209=EDGE_LOOP('',(#1960,#1961,#1962,#1963));
#7210=EDGE_LOOP('',(#1964,#1965,#1966,#1967));
#7211=EDGE_LOOP('',(#1968,#1969,#1970,#1971));
#7212=EDGE_LOOP('',(#1972,#1973,#1974,#1975));
#7213=EDGE_LOOP('',(#1976,#1977,#1978,#1979));
#7214=EDGE_LOOP('',(#1980,#1981,#1982,#1983));
#7215=EDGE_LOOP('',(#1984,#1985,#1986,#1987));
#7216=EDGE_LOOP('',(#1988,#1989,#1990,#1991));
#7217=EDGE_LOOP('',(#1992,#1993,#1994,#1995));
#7218=EDGE_LOOP('',(#1996,#1997,#1998,#1999));
#7219=EDGE_LOOP('',(#2000,#2001,#2002,#2003));
#7220=EDGE_LOOP('',(#2004,#2005,#2006,#2007));
#7221=EDGE_LOOP('',(#2008,#2009,#2010,#2011));
#7222=EDGE_LOOP('',(#2012,#2013,#2014,#2015));
#7223=EDGE_LOOP('',(#2016,#2017,#2018,#2019));
#7224=EDGE_LOOP('',(#2020,#2021,#2022,#2023));
#7225=EDGE_LOOP('',(#2024,#2025,#2026,#2027));
#7226=EDGE_LOOP('',(#2028,#2029,#2030,#2031));
#7227=EDGE_LOOP('',(#2032,#2033,#2034,#2035,#2036,#2037,#2038,#2039,#2040,
#2041,#2042,#2043,#2044,#2045,#2046,#2047,#2048,#2049,#2050,#2051,#2052,
#2053,#2054,#2055,#2056));
#7228=EDGE_LOOP('',(#2057,#2058,#2059,#2060));
#7229=EDGE_LOOP('',(#2061,#2062,#2063,#2064));
#7230=EDGE_LOOP('',(#2065,#2066,#2067,#2068));
#7231=EDGE_LOOP('',(#2069,#2070,#2071,#2072));
#7232=EDGE_LOOP('',(#2073,#2074,#2075,#2076));
#7233=EDGE_LOOP('',(#2077,#2078,#2079,#2080));
#7234=EDGE_LOOP('',(#2081,#2082,#2083,#2084));
#7235=EDGE_LOOP('',(#2085,#2086,#2087,#2088));
#7236=EDGE_LOOP('',(#2089,#2090,#2091,#2092));
#7237=EDGE_LOOP('',(#2093,#2094,#2095,#2096));
#7238=EDGE_LOOP('',(#2097,#2098,#2099,#2100));
#7239=EDGE_LOOP('',(#2101,#2102,#2103,#2104));
#7240=EDGE_LOOP('',(#2105,#2106,#2107,#2108));
#7241=EDGE_LOOP('',(#2109,#2110,#2111,#2112));
#7242=EDGE_LOOP('',(#2113,#2114,#2115,#2116));
#7243=EDGE_LOOP('',(#2117,#2118,#2119,#2120));
#7244=EDGE_LOOP('',(#2121,#2122,#2123,#2124));
#7245=EDGE_LOOP('',(#2125,#2126,#2127,#2128));
#7246=EDGE_LOOP('',(#2129,#2130,#2131,#2132));
#7247=EDGE_LOOP('',(#2133,#2134,#2135,#2136));
#7248=EDGE_LOOP('',(#2137,#2138,#2139,#2140));
#7249=EDGE_LOOP('',(#2141,#2142,#2143,#2144));
#7250=EDGE_LOOP('',(#2145,#2146,#2147,#2148));
#7251=EDGE_LOOP('',(#2149,#2150,#2151,#2152));
#7252=EDGE_LOOP('',(#2153,#2154,#2155,#2156));
#7253=EDGE_LOOP('',(#2157,#2158,#2159,#2160,#2161,#2162,#2163,#2164,#2165,
#2166,#2167,#2168,#2169,#2170,#2171,#2172,#2173,#2174,#2175,#2176,#2177,
#2178,#2179,#2180,#2181));
#7254=EDGE_LOOP('',(#2182,#2183,#2184,#2185));
#7255=EDGE_LOOP('',(#2186,#2187,#2188,#2189));
#7256=EDGE_LOOP('',(#2190,#2191,#2192,#2193));
#7257=EDGE_LOOP('',(#2194,#2195,#2196,#2197));
#7258=EDGE_LOOP('',(#2198,#2199,#2200,#2201));
#7259=EDGE_LOOP('',(#2202,#2203,#2204,#2205));
#7260=EDGE_LOOP('',(#2206,#2207,#2208,#2209));
#7261=EDGE_LOOP('',(#2210,#2211,#2212,#2213));
#7262=EDGE_LOOP('',(#2214,#2215,#2216,#2217));
#7263=EDGE_LOOP('',(#2218,#2219,#2220,#2221));
#7264=EDGE_LOOP('',(#2222,#2223,#2224,#2225));
#7265=EDGE_LOOP('',(#2226,#2227,#2228,#2229));
#7266=EDGE_LOOP('',(#2230,#2231,#2232,#2233));
#7267=EDGE_LOOP('',(#2234,#2235,#2236,#2237));
#7268=EDGE_LOOP('',(#2238,#2239,#2240,#2241));
#7269=EDGE_LOOP('',(#2242,#2243,#2244,#2245));
#7270=EDGE_LOOP('',(#2246,#2247,#2248,#2249));
#7271=EDGE_LOOP('',(#2250,#2251,#2252,#2253));
#7272=EDGE_LOOP('',(#2254,#2255,#2256,#2257));
#7273=EDGE_LOOP('',(#2258,#2259,#2260,#2261));
#7274=EDGE_LOOP('',(#2262,#2263,#2264,#2265));
#7275=EDGE_LOOP('',(#2266,#2267,#2268,#2269));
#7276=EDGE_LOOP('',(#2270,#2271,#2272,#2273));
#7277=EDGE_LOOP('',(#2274,#2275,#2276,#2277));
#7278=EDGE_LOOP('',(#2278,#2279,#2280,#2281));
#7279=EDGE_LOOP('',(#2282,#2283,#2284,#2285));
#7280=EDGE_LOOP('',(#2286,#2287,#2288,#2289));
#7281=EDGE_LOOP('',(#2290,#2291,#2292,#2293));
#7282=EDGE_LOOP('',(#2294,#2295,#2296,#2297));
#7283=EDGE_LOOP('',(#2298,#2299,#2300,#2301));
#7284=EDGE_LOOP('',(#2302,#2303,#2304,#2305));
#7285=EDGE_LOOP('',(#2306,#2307,#2308,#2309));
#7286=EDGE_LOOP('',(#2310,#2311,#2312,#2313));
#7287=EDGE_LOOP('',(#2314,#2315,#2316,#2317));
#7288=EDGE_LOOP('',(#2318,#2319,#2320,#2321));
#7289=EDGE_LOOP('',(#2322,#2323,#2324,#2325));
#7290=EDGE_LOOP('',(#2326,#2327,#2328,#2329));
#7291=EDGE_LOOP('',(#2330,#2331,#2332,#2333));
#7292=EDGE_LOOP('',(#2334,#2335,#2336,#2337));
#7293=EDGE_LOOP('',(#2338,#2339,#2340,#2341));
#7294=EDGE_LOOP('',(#2342,#2343,#2344,#2345));
#7295=EDGE_LOOP('',(#2346,#2347,#2348,#2349));
#7296=EDGE_LOOP('',(#2350,#2351,#2352,#2353));
#7297=EDGE_LOOP('',(#2354,#2355,#2356,#2357));
#7298=EDGE_LOOP('',(#2358,#2359,#2360,#2361));
#7299=EDGE_LOOP('',(#2362,#2363,#2364,#2365));
#7300=EDGE_LOOP('',(#2366,#2367,#2368,#2369));
#7301=EDGE_LOOP('',(#2370,#2371,#2372,#2373));
#7302=EDGE_LOOP('',(#2374,#2375,#2376,#2377));
#7303=EDGE_LOOP('',(#2378,#2379,#2380,#2381));
#7304=EDGE_LOOP('',(#2382,#2383,#2384,#2385,#2386,#2387,#2388,#2389,#2390,
#2391,#2392,#2393,#2394,#2395,#2396,#2397,#2398,#2399,#2400,#2401,#2402,
#2403,#2404,#2405,#2406,#2407,#2408,#2409,#2410,#2411,#2412,#2413,#2414,
#2415));
#7305=EDGE_LOOP('',(#2416,#2417,#2418,#2419,#2420,#2421,#2422,#2423,#2424,
#2425,#2426,#2427,#2428,#2429,#2430,#2431));
#7306=EDGE_LOOP('',(#2432,#2433,#2434,#2435));
#7307=EDGE_LOOP('',(#2436,#2437,#2438,#2439));
#7308=EDGE_LOOP('',(#2440,#2441,#2442,#2443));
#7309=EDGE_LOOP('',(#2444,#2445,#2446,#2447));
#7310=EDGE_LOOP('',(#2448,#2449,#2450,#2451));
#7311=EDGE_LOOP('',(#2452,#2453,#2454,#2455));
#7312=EDGE_LOOP('',(#2456,#2457,#2458,#2459));
#7313=EDGE_LOOP('',(#2460,#2461,#2462,#2463));
#7314=EDGE_LOOP('',(#2464,#2465,#2466,#2467));
#7315=EDGE_LOOP('',(#2468,#2469,#2470,#2471));
#7316=EDGE_LOOP('',(#2472,#2473,#2474,#2475));
#7317=EDGE_LOOP('',(#2476,#2477,#2478,#2479));
#7318=EDGE_LOOP('',(#2480,#2481,#2482,#2483));
#7319=EDGE_LOOP('',(#2484,#2485,#2486,#2487));
#7320=EDGE_LOOP('',(#2488,#2489,#2490,#2491));
#7321=EDGE_LOOP('',(#2492,#2493,#2494,#2495));
#7322=EDGE_LOOP('',(#2496,#2497,#2498,#2499));
#7323=EDGE_LOOP('',(#2500,#2501,#2502,#2503));
#7324=EDGE_LOOP('',(#2504,#2505,#2506,#2507));
#7325=EDGE_LOOP('',(#2508,#2509,#2510,#2511));
#7326=EDGE_LOOP('',(#2512,#2513,#2514,#2515));
#7327=EDGE_LOOP('',(#2516,#2517,#2518,#2519));
#7328=EDGE_LOOP('',(#2520,#2521,#2522,#2523));
#7329=EDGE_LOOP('',(#2524,#2525,#2526,#2527));
#7330=EDGE_LOOP('',(#2528,#2529,#2530,#2531));
#7331=EDGE_LOOP('',(#2532,#2533,#2534,#2535));
#7332=EDGE_LOOP('',(#2536,#2537,#2538,#2539));
#7333=EDGE_LOOP('',(#2540,#2541,#2542,#2543));
#7334=EDGE_LOOP('',(#2544,#2545,#2546,#2547));
#7335=EDGE_LOOP('',(#2548,#2549,#2550,#2551));
#7336=EDGE_LOOP('',(#2552,#2553,#2554,#2555));
#7337=EDGE_LOOP('',(#2556,#2557,#2558,#2559));
#7338=EDGE_LOOP('',(#2560,#2561,#2562,#2563));
#7339=EDGE_LOOP('',(#2564,#2565,#2566,#2567,#2568,#2569,#2570,#2571,#2572,
#2573,#2574,#2575,#2576,#2577,#2578,#2579,#2580,#2581,#2582,#2583,#2584,
#2585,#2586,#2587));
#7340=EDGE_LOOP('',(#2588,#2589,#2590,#2591,#2592,#2593,#2594,#2595,#2596));
#7341=EDGE_LOOP('',(#2597,#2598,#2599,#2600));
#7342=EDGE_LOOP('',(#2601,#2602,#2603,#2604));
#7343=EDGE_LOOP('',(#2605,#2606,#2607,#2608));
#7344=EDGE_LOOP('',(#2609,#2610,#2611,#2612));
#7345=EDGE_LOOP('',(#2613,#2614,#2615,#2616));
#7346=EDGE_LOOP('',(#2617,#2618,#2619,#2620));
#7347=EDGE_LOOP('',(#2621,#2622,#2623,#2624));
#7348=EDGE_LOOP('',(#2625,#2626,#2627,#2628));
#7349=EDGE_LOOP('',(#2629,#2630,#2631,#2632));
#7350=EDGE_LOOP('',(#2633,#2634,#2635,#2636));
#7351=EDGE_LOOP('',(#2637,#2638,#2639,#2640));
#7352=EDGE_LOOP('',(#2641,#2642,#2643,#2644));
#7353=EDGE_LOOP('',(#2645,#2646,#2647,#2648));
#7354=EDGE_LOOP('',(#2649,#2650,#2651,#2652));
#7355=EDGE_LOOP('',(#2653,#2654,#2655,#2656));
#7356=EDGE_LOOP('',(#2657,#2658,#2659,#2660));
#7357=EDGE_LOOP('',(#2661,#2662,#2663,#2664));
#7358=EDGE_LOOP('',(#2665,#2666,#2667,#2668));
#7359=EDGE_LOOP('',(#2669,#2670,#2671,#2672));
#7360=EDGE_LOOP('',(#2673,#2674,#2675,#2676));
#7361=EDGE_LOOP('',(#2677,#2678,#2679,#2680));
#7362=EDGE_LOOP('',(#2681,#2682,#2683,#2684));
#7363=EDGE_LOOP('',(#2685,#2686,#2687,#2688));
#7364=EDGE_LOOP('',(#2689,#2690,#2691,#2692));
#7365=EDGE_LOOP('',(#2693,#2694,#2695,#2696));
#7366=EDGE_LOOP('',(#2697,#2698,#2699,#2700));
#7367=EDGE_LOOP('',(#2701,#2702,#2703,#2704));
#7368=EDGE_LOOP('',(#2705,#2706,#2707,#2708));
#7369=EDGE_LOOP('',(#2709,#2710,#2711,#2712,#2713,#2714,#2715,#2716,#2717,
#2718,#2719,#2720,#2721,#2722,#2723,#2724,#2725,#2726,#2727,#2728,#2729,
#2730,#2731,#2732,#2733,#2734,#2735,#2736));
#7370=EDGE_LOOP('',(#2737,#2738,#2739,#2740));
#7371=EDGE_LOOP('',(#2741,#2742,#2743,#2744));
#7372=EDGE_LOOP('',(#2745,#2746,#2747,#2748));
#7373=EDGE_LOOP('',(#2749,#2750,#2751,#2752));
#7374=EDGE_LOOP('',(#2753,#2754,#2755,#2756));
#7375=EDGE_LOOP('',(#2757,#2758,#2759,#2760));
#7376=EDGE_LOOP('',(#2761,#2762,#2763,#2764));
#7377=EDGE_LOOP('',(#2765,#2766,#2767,#2768));
#7378=EDGE_LOOP('',(#2769,#2770,#2771,#2772));
#7379=EDGE_LOOP('',(#2773,#2774,#2775,#2776));
#7380=EDGE_LOOP('',(#2777,#2778,#2779,#2780));
#7381=EDGE_LOOP('',(#2781,#2782,#2783,#2784));
#7382=EDGE_LOOP('',(#2785,#2786,#2787,#2788));
#7383=EDGE_LOOP('',(#2789,#2790,#2791,#2792,#2793,#2794,#2795,#2796,#2797,
#2798,#2799,#2800,#2801));
#7384=EDGE_LOOP('',(#2802,#2803,#2804,#2805));
#7385=EDGE_LOOP('',(#2806,#2807,#2808,#2809));
#7386=EDGE_LOOP('',(#2810,#2811,#2812,#2813));
#7387=EDGE_LOOP('',(#2814,#2815,#2816,#2817));
#7388=EDGE_LOOP('',(#2818,#2819,#2820,#2821));
#7389=EDGE_LOOP('',(#2822,#2823,#2824,#2825));
#7390=EDGE_LOOP('',(#2826,#2827,#2828,#2829));
#7391=EDGE_LOOP('',(#2830,#2831,#2832,#2833));
#7392=EDGE_LOOP('',(#2834,#2835,#2836,#2837));
#7393=EDGE_LOOP('',(#2838,#2839,#2840,#2841));
#7394=EDGE_LOOP('',(#2842,#2843,#2844,#2845));
#7395=EDGE_LOOP('',(#2846,#2847,#2848,#2849));
#7396=EDGE_LOOP('',(#2850,#2851,#2852,#2853));
#7397=EDGE_LOOP('',(#2854,#2855,#2856,#2857));
#7398=EDGE_LOOP('',(#2858,#2859,#2860,#2861));
#7399=EDGE_LOOP('',(#2862,#2863,#2864,#2865));
#7400=EDGE_LOOP('',(#2866,#2867,#2868,#2869));
#7401=EDGE_LOOP('',(#2870,#2871,#2872,#2873));
#7402=EDGE_LOOP('',(#2874,#2875,#2876,#2877));
#7403=EDGE_LOOP('',(#2878,#2879,#2880,#2881));
#7404=EDGE_LOOP('',(#2882,#2883,#2884,#2885));
#7405=EDGE_LOOP('',(#2886,#2887,#2888,#2889));
#7406=EDGE_LOOP('',(#2890,#2891,#2892,#2893));
#7407=EDGE_LOOP('',(#2894,#2895,#2896,#2897));
#7408=EDGE_LOOP('',(#2898,#2899,#2900,#2901));
#7409=EDGE_LOOP('',(#2902,#2903,#2904,#2905));
#7410=EDGE_LOOP('',(#2906,#2907,#2908,#2909));
#7411=EDGE_LOOP('',(#2910,#2911,#2912,#2913));
#7412=EDGE_LOOP('',(#2914,#2915,#2916,#2917));
#7413=EDGE_LOOP('',(#2918,#2919,#2920,#2921));
#7414=EDGE_LOOP('',(#2922,#2923,#2924,#2925));
#7415=EDGE_LOOP('',(#2926,#2927,#2928,#2929));
#7416=EDGE_LOOP('',(#2930,#2931,#2932,#2933));
#7417=EDGE_LOOP('',(#2934,#2935,#2936,#2937));
#7418=EDGE_LOOP('',(#2938,#2939,#2940,#2941));
#7419=EDGE_LOOP('',(#2942,#2943,#2944,#2945));
#7420=EDGE_LOOP('',(#2946,#2947,#2948,#2949));
#7421=EDGE_LOOP('',(#2950,#2951,#2952,#2953));
#7422=EDGE_LOOP('',(#2954,#2955,#2956,#2957));
#7423=EDGE_LOOP('',(#2958,#2959,#2960,#2961,#2962,#2963,#2964,#2965,#2966,
#2967,#2968,#2969,#2970,#2971,#2972,#2973,#2974,#2975,#2976,#2977,#2978));
#7424=EDGE_LOOP('',(#2979,#2980,#2981,#2982,#2983,#2984,#2985));
#7425=EDGE_LOOP('',(#2986,#2987,#2988,#2989,#2990,#2991,#2992,#2993,#2994,
#2995,#2996));
#7426=EDGE_LOOP('',(#2997,#2998,#2999,#3000,#3001,#3002,#3003));
#7427=EDGE_LOOP('',(#3004,#3005,#3006,#3007));
#7428=EDGE_LOOP('',(#3008,#3009,#3010,#3011));
#7429=EDGE_LOOP('',(#3012,#3013,#3014,#3015));
#7430=EDGE_LOOP('',(#3016,#3017,#3018,#3019));
#7431=EDGE_LOOP('',(#3020,#3021,#3022,#3023));
#7432=EDGE_LOOP('',(#3024,#3025,#3026,#3027));
#7433=EDGE_LOOP('',(#3028,#3029,#3030,#3031));
#7434=EDGE_LOOP('',(#3032,#3033,#3034,#3035));
#7435=EDGE_LOOP('',(#3036,#3037,#3038,#3039));
#7436=EDGE_LOOP('',(#3040,#3041,#3042,#3043));
#7437=EDGE_LOOP('',(#3044,#3045,#3046,#3047));
#7438=EDGE_LOOP('',(#3048,#3049,#3050,#3051));
#7439=EDGE_LOOP('',(#3052,#3053,#3054,#3055));
#7440=EDGE_LOOP('',(#3056,#3057,#3058,#3059));
#7441=EDGE_LOOP('',(#3060,#3061,#3062,#3063));
#7442=EDGE_LOOP('',(#3064,#3065,#3066,#3067));
#7443=EDGE_LOOP('',(#3068,#3069,#3070,#3071));
#7444=EDGE_LOOP('',(#3072,#3073,#3074,#3075));
#7445=EDGE_LOOP('',(#3076,#3077,#3078,#3079));
#7446=EDGE_LOOP('',(#3080,#3081,#3082,#3083));
#7447=EDGE_LOOP('',(#3084,#3085,#3086,#3087));
#7448=EDGE_LOOP('',(#3088,#3089,#3090,#3091));
#7449=EDGE_LOOP('',(#3092,#3093,#3094,#3095));
#7450=EDGE_LOOP('',(#3096,#3097,#3098,#3099));
#7451=EDGE_LOOP('',(#3100,#3101,#3102,#3103));
#7452=EDGE_LOOP('',(#3104,#3105,#3106,#3107));
#7453=EDGE_LOOP('',(#3108,#3109,#3110,#3111));
#7454=EDGE_LOOP('',(#3112,#3113,#3114,#3115));
#7455=EDGE_LOOP('',(#3116,#3117,#3118,#3119));
#7456=EDGE_LOOP('',(#3120,#3121,#3122,#3123));
#7457=EDGE_LOOP('',(#3124,#3125,#3126,#3127));
#7458=EDGE_LOOP('',(#3128,#3129,#3130,#3131));
#7459=EDGE_LOOP('',(#3132,#3133,#3134,#3135));
#7460=EDGE_LOOP('',(#3136,#3137,#3138,#3139));
#7461=EDGE_LOOP('',(#3140,#3141,#3142,#3143));
#7462=EDGE_LOOP('',(#3144,#3145,#3146,#3147));
#7463=EDGE_LOOP('',(#3148,#3149,#3150,#3151));
#7464=EDGE_LOOP('',(#3152,#3153,#3154,#3155));
#7465=EDGE_LOOP('',(#3156,#3157,#3158,#3159));
#7466=EDGE_LOOP('',(#3160,#3161,#3162,#3163));
#7467=EDGE_LOOP('',(#3164,#3165,#3166,#3167));
#7468=EDGE_LOOP('',(#3168,#3169,#3170,#3171));
#7469=EDGE_LOOP('',(#3172,#3173,#3174,#3175));
#7470=EDGE_LOOP('',(#3176,#3177,#3178,#3179));
#7471=EDGE_LOOP('',(#3180,#3181,#3182,#3183));
#7472=EDGE_LOOP('',(#3184,#3185,#3186,#3187,#3188,#3189,#3190,#3191,#3192,
#3193,#3194,#3195,#3196,#3197,#3198,#3199,#3200,#3201,#3202,#3203,#3204,
#3205,#3206,#3207,#3208,#3209,#3210,#3211,#3212,#3213,#3214,#3215,#3216,
#3217,#3218,#3219,#3220,#3221,#3222,#3223,#3224,#3225,#3226,#3227,#3228));
#7473=EDGE_LOOP('',(#3229,#3230,#3231,#3232,#3233,#3234,#3235,#3236,#3237,
#3238,#3239,#3240,#3241,#3242,#3243,#3244));
#7474=EDGE_LOOP('',(#3245,#3246,#3247,#3248,#3249,#3250,#3251,#3252,#3253));
#7475=EDGE_LOOP('',(#3254,#3255,#3256,#3257,#3258,#3259,#3260,#3261,#3262,
#3263,#3264));
#7476=EDGE_LOOP('',(#3265,#3266,#3267,#3268));
#7477=EDGE_LOOP('',(#3269,#3270,#3271,#3272));
#7478=EDGE_LOOP('',(#3273,#3274,#3275,#3276));
#7479=EDGE_LOOP('',(#3277,#3278,#3279,#3280));
#7480=EDGE_LOOP('',(#3281,#3282,#3283,#3284));
#7481=EDGE_LOOP('',(#3285,#3286,#3287,#3288));
#7482=EDGE_LOOP('',(#3289,#3290,#3291,#3292));
#7483=EDGE_LOOP('',(#3293,#3294,#3295,#3296));
#7484=EDGE_LOOP('',(#3297,#3298,#3299,#3300,#3301,#3302,#3303,#3304));
#7485=EDGE_LOOP('',(#3305,#3306,#3307,#3308));
#7486=EDGE_LOOP('',(#3309,#3310,#3311,#3312));
#7487=EDGE_LOOP('',(#3313,#3314,#3315,#3316));
#7488=EDGE_LOOP('',(#3317,#3318,#3319,#3320));
#7489=EDGE_LOOP('',(#3321,#3322,#3323,#3324));
#7490=EDGE_LOOP('',(#3325,#3326,#3327,#3328));
#7491=EDGE_LOOP('',(#3329,#3330,#3331,#3332));
#7492=EDGE_LOOP('',(#3333,#3334,#3335,#3336,#3337,#3338,#3339));
#7493=EDGE_LOOP('',(#3340,#3341,#3342,#3343));
#7494=EDGE_LOOP('',(#3344,#3345,#3346,#3347));
#7495=EDGE_LOOP('',(#3348,#3349,#3350,#3351));
#7496=EDGE_LOOP('',(#3352,#3353,#3354,#3355));
#7497=EDGE_LOOP('',(#3356,#3357,#3358,#3359));
#7498=EDGE_LOOP('',(#3360,#3361,#3362,#3363));
#7499=EDGE_LOOP('',(#3364,#3365,#3366,#3367));
#7500=EDGE_LOOP('',(#3368,#3369,#3370,#3371,#3372,#3373,#3374));
#7501=EDGE_LOOP('',(#3375,#3376,#3377,#3378));
#7502=EDGE_LOOP('',(#3379,#3380,#3381,#3382));
#7503=EDGE_LOOP('',(#3383,#3384,#3385,#3386,#3387,#3388,#3389));
#7504=EDGE_LOOP('',(#3390,#3391,#3392,#3393));
#7505=EDGE_LOOP('',(#3394,#3395,#3396,#3397));
#7506=EDGE_LOOP('',(#3398,#3399,#3400,#3401));
#7507=EDGE_LOOP('',(#3402,#3403,#3404,#3405));
#7508=FACE_BOUND('',#6999,.T.);
#7509=FACE_BOUND('',#7000,.T.);
#7510=FACE_BOUND('',#7001,.T.);
#7511=FACE_BOUND('',#7002,.T.);
#7512=FACE_BOUND('',#7003,.T.);
#7513=FACE_BOUND('',#7004,.T.);
#7514=FACE_BOUND('',#7005,.T.);
#7515=FACE_BOUND('',#7006,.T.);
#7516=FACE_BOUND('',#7007,.T.);
#7517=FACE_BOUND('',#7008,.T.);
#7518=FACE_BOUND('',#7009,.T.);
#7519=FACE_BOUND('',#7010,.T.);
#7520=FACE_BOUND('',#7011,.T.);
#7521=FACE_BOUND('',#7012,.T.);
#7522=FACE_BOUND('',#7013,.T.);
#7523=FACE_BOUND('',#7014,.T.);
#7524=FACE_BOUND('',#7015,.T.);
#7525=FACE_BOUND('',#7016,.T.);
#7526=FACE_BOUND('',#7017,.T.);
#7527=FACE_BOUND('',#7018,.T.);
#7528=FACE_BOUND('',#7019,.T.);
#7529=FACE_BOUND('',#7020,.T.);
#7530=FACE_BOUND('',#7021,.T.);
#7531=FACE_BOUND('',#7022,.T.);
#7532=FACE_BOUND('',#7023,.T.);
#7533=FACE_BOUND('',#7024,.T.);
#7534=FACE_BOUND('',#7025,.T.);
#7535=FACE_BOUND('',#7026,.T.);
#7536=FACE_BOUND('',#7027,.T.);
#7537=FACE_BOUND('',#7028,.T.);
#7538=FACE_BOUND('',#7029,.T.);
#7539=FACE_BOUND('',#7030,.T.);
#7540=FACE_BOUND('',#7031,.T.);
#7541=FACE_BOUND('',#7032,.T.);
#7542=FACE_BOUND('',#7033,.T.);
#7543=FACE_BOUND('',#7034,.T.);
#7544=FACE_BOUND('',#7035,.T.);
#7545=FACE_BOUND('',#7036,.T.);
#7546=FACE_BOUND('',#7037,.T.);
#7547=FACE_BOUND('',#7038,.T.);
#7548=FACE_BOUND('',#7039,.T.);
#7549=FACE_BOUND('',#7040,.T.);
#7550=FACE_BOUND('',#7041,.T.);
#7551=FACE_BOUND('',#7042,.T.);
#7552=FACE_BOUND('',#7043,.T.);
#7553=FACE_BOUND('',#7044,.T.);
#7554=FACE_BOUND('',#7045,.T.);
#7555=FACE_BOUND('',#7046,.T.);
#7556=FACE_BOUND('',#7047,.T.);
#7557=FACE_BOUND('',#7048,.T.);
#7558=FACE_BOUND('',#7049,.T.);
#7559=FACE_BOUND('',#7050,.T.);
#7560=FACE_BOUND('',#7051,.T.);
#7561=FACE_BOUND('',#7052,.T.);
#7562=FACE_BOUND('',#7053,.T.);
#7563=FACE_BOUND('',#7054,.T.);
#7564=FACE_BOUND('',#7055,.T.);
#7565=FACE_BOUND('',#7056,.T.);
#7566=FACE_BOUND('',#7057,.T.);
#7567=FACE_BOUND('',#7058,.T.);
#7568=FACE_BOUND('',#7059,.T.);
#7569=FACE_BOUND('',#7060,.T.);
#7570=FACE_BOUND('',#7061,.T.);
#7571=FACE_BOUND('',#7062,.T.);
#7572=FACE_BOUND('',#7063,.T.);
#7573=FACE_BOUND('',#7064,.T.);
#7574=FACE_BOUND('',#7065,.T.);
#7575=FACE_BOUND('',#7066,.T.);
#7576=FACE_BOUND('',#7067,.T.);
#7577=FACE_BOUND('',#7068,.T.);
#7578=FACE_BOUND('',#7069,.T.);
#7579=FACE_BOUND('',#7070,.T.);
#7580=FACE_BOUND('',#7071,.T.);
#7581=FACE_BOUND('',#7072,.T.);
#7582=FACE_BOUND('',#7073,.T.);
#7583=FACE_BOUND('',#7074,.T.);
#7584=FACE_BOUND('',#7075,.T.);
#7585=FACE_BOUND('',#7076,.T.);
#7586=FACE_BOUND('',#7077,.T.);
#7587=FACE_BOUND('',#7078,.T.);
#7588=FACE_BOUND('',#7079,.T.);
#7589=FACE_BOUND('',#7080,.T.);
#7590=FACE_BOUND('',#7081,.T.);
#7591=FACE_BOUND('',#7082,.T.);
#7592=FACE_BOUND('',#7083,.T.);
#7593=FACE_BOUND('',#7084,.T.);
#7594=FACE_BOUND('',#7085,.T.);
#7595=FACE_BOUND('',#7086,.T.);
#7596=FACE_BOUND('',#7087,.T.);
#7597=FACE_BOUND('',#7088,.T.);
#7598=FACE_BOUND('',#7089,.T.);
#7599=FACE_BOUND('',#7090,.T.);
#7600=FACE_BOUND('',#7091,.T.);
#7601=FACE_BOUND('',#7092,.T.);
#7602=FACE_BOUND('',#7093,.T.);
#7603=FACE_BOUND('',#7094,.T.);
#7604=FACE_BOUND('',#7095,.T.);
#7605=FACE_BOUND('',#7096,.T.);
#7606=FACE_BOUND('',#7097,.T.);
#7607=FACE_BOUND('',#7098,.T.);
#7608=FACE_BOUND('',#7099,.T.);
#7609=FACE_BOUND('',#7100,.T.);
#7610=FACE_BOUND('',#7101,.T.);
#7611=FACE_BOUND('',#7102,.T.);
#7612=FACE_BOUND('',#7103,.T.);
#7613=FACE_BOUND('',#7104,.T.);
#7614=FACE_BOUND('',#7105,.T.);
#7615=FACE_BOUND('',#7106,.T.);
#7616=FACE_BOUND('',#7107,.T.);
#7617=FACE_BOUND('',#7108,.T.);
#7618=FACE_BOUND('',#7109,.T.);
#7619=FACE_BOUND('',#7110,.T.);
#7620=FACE_BOUND('',#7111,.T.);
#7621=FACE_BOUND('',#7112,.T.);
#7622=FACE_BOUND('',#7113,.T.);
#7623=FACE_BOUND('',#7114,.T.);
#7624=FACE_BOUND('',#7115,.T.);
#7625=FACE_BOUND('',#7116,.T.);
#7626=FACE_BOUND('',#7117,.T.);
#7627=FACE_BOUND('',#7118,.T.);
#7628=FACE_BOUND('',#7119,.T.);
#7629=FACE_BOUND('',#7120,.T.);
#7630=FACE_BOUND('',#7121,.T.);
#7631=FACE_BOUND('',#7122,.T.);
#7632=FACE_BOUND('',#7123,.T.);
#7633=FACE_BOUND('',#7124,.T.);
#7634=FACE_BOUND('',#7125,.T.);
#7635=FACE_BOUND('',#7126,.T.);
#7636=FACE_BOUND('',#7127,.T.);
#7637=FACE_BOUND('',#7128,.T.);
#7638=FACE_BOUND('',#7129,.T.);
#7639=FACE_BOUND('',#7130,.T.);
#7640=FACE_BOUND('',#7131,.T.);
#7641=FACE_BOUND('',#7132,.T.);
#7642=FACE_BOUND('',#7133,.T.);
#7643=FACE_BOUND('',#7134,.T.);
#7644=FACE_BOUND('',#7135,.T.);
#7645=FACE_BOUND('',#7136,.T.);
#7646=FACE_BOUND('',#7137,.T.);
#7647=FACE_BOUND('',#7138,.T.);
#7648=FACE_BOUND('',#7139,.T.);
#7649=FACE_BOUND('',#7140,.T.);
#7650=FACE_BOUND('',#7141,.T.);
#7651=FACE_BOUND('',#7142,.T.);
#7652=FACE_BOUND('',#7143,.T.);
#7653=FACE_BOUND('',#7144,.T.);
#7654=FACE_BOUND('',#7145,.T.);
#7655=FACE_BOUND('',#7146,.T.);
#7656=FACE_BOUND('',#7147,.T.);
#7657=FACE_BOUND('',#7148,.T.);
#7658=FACE_BOUND('',#7149,.T.);
#7659=FACE_BOUND('',#7150,.T.);
#7660=FACE_BOUND('',#7151,.T.);
#7661=FACE_BOUND('',#7152,.T.);
#7662=FACE_BOUND('',#7153,.T.);
#7663=FACE_BOUND('',#7154,.T.);
#7664=FACE_BOUND('',#7155,.T.);
#7665=FACE_BOUND('',#7156,.T.);
#7666=FACE_BOUND('',#7157,.T.);
#7667=FACE_BOUND('',#7158,.T.);
#7668=FACE_BOUND('',#7159,.T.);
#7669=FACE_BOUND('',#7160,.T.);
#7670=FACE_BOUND('',#7161,.T.);
#7671=FACE_BOUND('',#7162,.T.);
#7672=FACE_BOUND('',#7163,.T.);
#7673=FACE_BOUND('',#7164,.T.);
#7674=FACE_BOUND('',#7165,.T.);
#7675=FACE_BOUND('',#7166,.T.);
#7676=FACE_BOUND('',#7167,.T.);
#7677=FACE_BOUND('',#7168,.T.);
#7678=FACE_BOUND('',#7169,.T.);
#7679=FACE_BOUND('',#7170,.T.);
#7680=FACE_BOUND('',#7171,.T.);
#7681=FACE_BOUND('',#7172,.T.);
#7682=FACE_BOUND('',#7173,.T.);
#7683=FACE_BOUND('',#7174,.T.);
#7684=FACE_BOUND('',#7175,.T.);
#7685=FACE_BOUND('',#7176,.T.);
#7686=FACE_BOUND('',#7177,.T.);
#7687=FACE_BOUND('',#7178,.T.);
#7688=FACE_BOUND('',#7179,.T.);
#7689=FACE_BOUND('',#7180,.T.);
#7690=FACE_BOUND('',#7181,.T.);
#7691=FACE_BOUND('',#7182,.T.);
#7692=FACE_BOUND('',#7183,.T.);
#7693=FACE_BOUND('',#7184,.T.);
#7694=FACE_BOUND('',#7185,.T.);
#7695=FACE_BOUND('',#7186,.T.);
#7696=FACE_BOUND('',#7187,.T.);
#7697=FACE_BOUND('',#7188,.T.);
#7698=FACE_BOUND('',#7189,.T.);
#7699=FACE_BOUND('',#7190,.T.);
#7700=FACE_BOUND('',#7191,.T.);
#7701=FACE_BOUND('',#7192,.T.);
#7702=FACE_BOUND('',#7193,.T.);
#7703=FACE_BOUND('',#7194,.T.);
#7704=FACE_BOUND('',#7195,.T.);
#7705=FACE_BOUND('',#7196,.T.);
#7706=FACE_BOUND('',#7197,.T.);
#7707=FACE_BOUND('',#7198,.T.);
#7708=FACE_BOUND('',#7199,.T.);
#7709=FACE_BOUND('',#7200,.T.);
#7710=FACE_BOUND('',#7201,.T.);
#7711=FACE_BOUND('',#7202,.T.);
#7712=FACE_BOUND('',#7203,.T.);
#7713=FACE_BOUND('',#7204,.T.);
#7714=FACE_BOUND('',#7205,.T.);
#7715=FACE_BOUND('',#7206,.T.);
#7716=FACE_BOUND('',#7207,.T.);
#7717=FACE_BOUND('',#7208,.T.);
#7718=FACE_BOUND('',#7209,.T.);
#7719=FACE_BOUND('',#7210,.T.);
#7720=FACE_BOUND('',#7211,.T.);
#7721=FACE_BOUND('',#7212,.T.);
#7722=FACE_BOUND('',#7213,.T.);
#7723=FACE_BOUND('',#7214,.T.);
#7724=FACE_BOUND('',#7215,.T.);
#7725=FACE_BOUND('',#7216,.T.);
#7726=FACE_BOUND('',#7217,.T.);
#7727=FACE_BOUND('',#7218,.T.);
#7728=FACE_BOUND('',#7219,.T.);
#7729=FACE_BOUND('',#7220,.T.);
#7730=FACE_BOUND('',#7221,.T.);
#7731=FACE_BOUND('',#7222,.T.);
#7732=FACE_BOUND('',#7223,.T.);
#7733=FACE_BOUND('',#7224,.T.);
#7734=FACE_BOUND('',#7225,.T.);
#7735=FACE_BOUND('',#7226,.T.);
#7736=FACE_BOUND('',#7227,.T.);
#7737=FACE_BOUND('',#7228,.T.);
#7738=FACE_BOUND('',#7229,.T.);
#7739=FACE_BOUND('',#7230,.T.);
#7740=FACE_BOUND('',#7231,.T.);
#7741=FACE_BOUND('',#7232,.T.);
#7742=FACE_BOUND('',#7233,.T.);
#7743=FACE_BOUND('',#7234,.T.);
#7744=FACE_BOUND('',#7235,.T.);
#7745=FACE_BOUND('',#7236,.T.);
#7746=FACE_BOUND('',#7237,.T.);
#7747=FACE_BOUND('',#7238,.T.);
#7748=FACE_BOUND('',#7239,.T.);
#7749=FACE_BOUND('',#7240,.T.);
#7750=FACE_BOUND('',#7241,.T.);
#7751=FACE_BOUND('',#7242,.T.);
#7752=FACE_BOUND('',#7243,.T.);
#7753=FACE_BOUND('',#7244,.T.);
#7754=FACE_BOUND('',#7245,.T.);
#7755=FACE_BOUND('',#7246,.T.);
#7756=FACE_BOUND('',#7247,.T.);
#7757=FACE_BOUND('',#7248,.T.);
#7758=FACE_BOUND('',#7249,.T.);
#7759=FACE_BOUND('',#7250,.T.);
#7760=FACE_BOUND('',#7251,.T.);
#7761=FACE_BOUND('',#7252,.T.);
#7762=FACE_BOUND('',#7253,.T.);
#7763=FACE_BOUND('',#7254,.T.);
#7764=FACE_BOUND('',#7255,.T.);
#7765=FACE_BOUND('',#7256,.T.);
#7766=FACE_BOUND('',#7257,.T.);
#7767=FACE_BOUND('',#7258,.T.);
#7768=FACE_BOUND('',#7259,.T.);
#7769=FACE_BOUND('',#7260,.T.);
#7770=FACE_BOUND('',#7261,.T.);
#7771=FACE_BOUND('',#7262,.T.);
#7772=FACE_BOUND('',#7263,.T.);
#7773=FACE_BOUND('',#7264,.T.);
#7774=FACE_BOUND('',#7265,.T.);
#7775=FACE_BOUND('',#7266,.T.);
#7776=FACE_BOUND('',#7267,.T.);
#7777=FACE_BOUND('',#7268,.T.);
#7778=FACE_BOUND('',#7269,.T.);
#7779=FACE_BOUND('',#7270,.T.);
#7780=FACE_BOUND('',#7271,.T.);
#7781=FACE_BOUND('',#7272,.T.);
#7782=FACE_BOUND('',#7273,.T.);
#7783=FACE_BOUND('',#7274,.T.);
#7784=FACE_BOUND('',#7275,.T.);
#7785=FACE_BOUND('',#7276,.T.);
#7786=FACE_BOUND('',#7277,.T.);
#7787=FACE_BOUND('',#7278,.T.);
#7788=FACE_BOUND('',#7279,.T.);
#7789=FACE_BOUND('',#7280,.T.);
#7790=FACE_BOUND('',#7281,.T.);
#7791=FACE_BOUND('',#7282,.T.);
#7792=FACE_BOUND('',#7283,.T.);
#7793=FACE_BOUND('',#7284,.T.);
#7794=FACE_BOUND('',#7285,.T.);
#7795=FACE_BOUND('',#7286,.T.);
#7796=FACE_BOUND('',#7287,.T.);
#7797=FACE_BOUND('',#7288,.T.);
#7798=FACE_BOUND('',#7289,.T.);
#7799=FACE_BOUND('',#7290,.T.);
#7800=FACE_BOUND('',#7291,.T.);
#7801=FACE_BOUND('',#7292,.T.);
#7802=FACE_BOUND('',#7293,.T.);
#7803=FACE_BOUND('',#7294,.T.);
#7804=FACE_BOUND('',#7295,.T.);
#7805=FACE_BOUND('',#7296,.T.);
#7806=FACE_BOUND('',#7297,.T.);
#7807=FACE_BOUND('',#7298,.T.);
#7808=FACE_BOUND('',#7299,.T.);
#7809=FACE_BOUND('',#7300,.T.);
#7810=FACE_BOUND('',#7301,.T.);
#7811=FACE_BOUND('',#7302,.T.);
#7812=FACE_BOUND('',#7303,.T.);
#7813=FACE_BOUND('',#7304,.T.);
#7814=FACE_BOUND('',#7305,.T.);
#7815=FACE_BOUND('',#7306,.T.);
#7816=FACE_BOUND('',#7307,.T.);
#7817=FACE_BOUND('',#7308,.T.);
#7818=FACE_BOUND('',#7309,.T.);
#7819=FACE_BOUND('',#7310,.T.);
#7820=FACE_BOUND('',#7311,.T.);
#7821=FACE_BOUND('',#7312,.T.);
#7822=FACE_BOUND('',#7313,.T.);
#7823=FACE_BOUND('',#7314,.T.);
#7824=FACE_BOUND('',#7315,.T.);
#7825=FACE_BOUND('',#7316,.T.);
#7826=FACE_BOUND('',#7317,.T.);
#7827=FACE_BOUND('',#7318,.T.);
#7828=FACE_BOUND('',#7319,.T.);
#7829=FACE_BOUND('',#7320,.T.);
#7830=FACE_BOUND('',#7321,.T.);
#7831=FACE_BOUND('',#7322,.T.);
#7832=FACE_BOUND('',#7323,.T.);
#7833=FACE_BOUND('',#7324,.T.);
#7834=FACE_BOUND('',#7325,.T.);
#7835=FACE_BOUND('',#7326,.T.);
#7836=FACE_BOUND('',#7327,.T.);
#7837=FACE_BOUND('',#7328,.T.);
#7838=FACE_BOUND('',#7329,.T.);
#7839=FACE_BOUND('',#7330,.T.);
#7840=FACE_BOUND('',#7331,.T.);
#7841=FACE_BOUND('',#7332,.T.);
#7842=FACE_BOUND('',#7333,.T.);
#7843=FACE_BOUND('',#7334,.T.);
#7844=FACE_BOUND('',#7335,.T.);
#7845=FACE_BOUND('',#7336,.T.);
#7846=FACE_BOUND('',#7337,.T.);
#7847=FACE_BOUND('',#7338,.T.);
#7848=FACE_BOUND('',#7339,.T.);
#7849=FACE_BOUND('',#7340,.T.);
#7850=FACE_BOUND('',#7341,.T.);
#7851=FACE_BOUND('',#7342,.T.);
#7852=FACE_BOUND('',#7343,.T.);
#7853=FACE_BOUND('',#7344,.T.);
#7854=FACE_BOUND('',#7345,.T.);
#7855=FACE_BOUND('',#7346,.T.);
#7856=FACE_BOUND('',#7347,.T.);
#7857=FACE_BOUND('',#7348,.T.);
#7858=FACE_BOUND('',#7349,.T.);
#7859=FACE_BOUND('',#7350,.T.);
#7860=FACE_BOUND('',#7351,.T.);
#7861=FACE_BOUND('',#7352,.T.);
#7862=FACE_BOUND('',#7353,.T.);
#7863=FACE_BOUND('',#7354,.T.);
#7864=FACE_BOUND('',#7355,.T.);
#7865=FACE_BOUND('',#7356,.T.);
#7866=FACE_BOUND('',#7357,.T.);
#7867=FACE_BOUND('',#7358,.T.);
#7868=FACE_BOUND('',#7359,.T.);
#7869=FACE_BOUND('',#7360,.T.);
#7870=FACE_BOUND('',#7361,.T.);
#7871=FACE_BOUND('',#7362,.T.);
#7872=FACE_BOUND('',#7363,.T.);
#7873=FACE_BOUND('',#7364,.T.);
#7874=FACE_BOUND('',#7365,.T.);
#7875=FACE_BOUND('',#7366,.T.);
#7876=FACE_BOUND('',#7367,.T.);
#7877=FACE_BOUND('',#7368,.T.);
#7878=FACE_BOUND('',#7369,.T.);
#7879=FACE_BOUND('',#7370,.T.);
#7880=FACE_BOUND('',#7371,.T.);
#7881=FACE_BOUND('',#7372,.T.);
#7882=FACE_BOUND('',#7373,.T.);
#7883=FACE_BOUND('',#7374,.T.);
#7884=FACE_BOUND('',#7375,.T.);
#7885=FACE_BOUND('',#7376,.T.);
#7886=FACE_BOUND('',#7377,.T.);
#7887=FACE_BOUND('',#7378,.T.);
#7888=FACE_BOUND('',#7379,.T.);
#7889=FACE_BOUND('',#7380,.T.);
#7890=FACE_BOUND('',#7381,.T.);
#7891=FACE_BOUND('',#7382,.T.);
#7892=FACE_BOUND('',#7383,.T.);
#7893=FACE_BOUND('',#7384,.T.);
#7894=FACE_BOUND('',#7385,.T.);
#7895=FACE_BOUND('',#7386,.T.);
#7896=FACE_BOUND('',#7387,.T.);
#7897=FACE_BOUND('',#7388,.T.);
#7898=FACE_BOUND('',#7389,.T.);
#7899=FACE_BOUND('',#7390,.T.);
#7900=FACE_BOUND('',#7391,.T.);
#7901=FACE_BOUND('',#7392,.T.);
#7902=FACE_BOUND('',#7393,.T.);
#7903=FACE_BOUND('',#7394,.T.);
#7904=FACE_BOUND('',#7395,.T.);
#7905=FACE_BOUND('',#7396,.T.);
#7906=FACE_BOUND('',#7397,.T.);
#7907=FACE_BOUND('',#7398,.T.);
#7908=FACE_BOUND('',#7399,.T.);
#7909=FACE_BOUND('',#7400,.T.);
#7910=FACE_BOUND('',#7401,.T.);
#7911=FACE_BOUND('',#7402,.T.);
#7912=FACE_BOUND('',#7403,.T.);
#7913=FACE_BOUND('',#7404,.T.);
#7914=FACE_BOUND('',#7405,.T.);
#7915=FACE_BOUND('',#7406,.T.);
#7916=FACE_BOUND('',#7407,.T.);
#7917=FACE_BOUND('',#7408,.T.);
#7918=FACE_BOUND('',#7409,.T.);
#7919=FACE_BOUND('',#7410,.T.);
#7920=FACE_BOUND('',#7411,.T.);
#7921=FACE_BOUND('',#7412,.T.);
#7922=FACE_BOUND('',#7413,.T.);
#7923=FACE_BOUND('',#7414,.T.);
#7924=FACE_BOUND('',#7415,.T.);
#7925=FACE_BOUND('',#7416,.T.);
#7926=FACE_BOUND('',#7417,.T.);
#7927=FACE_BOUND('',#7418,.T.);
#7928=FACE_BOUND('',#7419,.T.);
#7929=FACE_BOUND('',#7420,.T.);
#7930=FACE_BOUND('',#7421,.T.);
#7931=FACE_BOUND('',#7422,.T.);
#7932=FACE_BOUND('',#7423,.T.);
#7933=FACE_BOUND('',#7424,.T.);
#7934=FACE_BOUND('',#7425,.T.);
#7935=FACE_BOUND('',#7426,.T.);
#7936=FACE_BOUND('',#7427,.T.);
#7937=FACE_BOUND('',#7428,.T.);
#7938=FACE_BOUND('',#7429,.T.);
#7939=FACE_BOUND('',#7430,.T.);
#7940=FACE_BOUND('',#7431,.T.);
#7941=FACE_BOUND('',#7432,.T.);
#7942=FACE_BOUND('',#7433,.T.);
#7943=FACE_BOUND('',#7434,.T.);
#7944=FACE_BOUND('',#7435,.T.);
#7945=FACE_BOUND('',#7436,.T.);
#7946=FACE_BOUND('',#7437,.T.);
#7947=FACE_BOUND('',#7438,.T.);
#7948=FACE_BOUND('',#7439,.T.);
#7949=FACE_BOUND('',#7440,.T.);
#7950=FACE_BOUND('',#7441,.T.);
#7951=FACE_BOUND('',#7442,.T.);
#7952=FACE_BOUND('',#7443,.T.);
#7953=FACE_BOUND('',#7444,.T.);
#7954=FACE_BOUND('',#7445,.T.);
#7955=FACE_BOUND('',#7446,.T.);
#7956=FACE_BOUND('',#7447,.T.);
#7957=FACE_BOUND('',#7448,.T.);
#7958=FACE_BOUND('',#7449,.T.);
#7959=FACE_BOUND('',#7450,.T.);
#7960=FACE_BOUND('',#7451,.T.);
#7961=FACE_BOUND('',#7452,.T.);
#7962=FACE_BOUND('',#7453,.T.);
#7963=FACE_BOUND('',#7454,.T.);
#7964=FACE_BOUND('',#7455,.T.);
#7965=FACE_BOUND('',#7456,.T.);
#7966=FACE_BOUND('',#7457,.T.);
#7967=FACE_BOUND('',#7458,.T.);
#7968=FACE_BOUND('',#7459,.T.);
#7969=FACE_BOUND('',#7460,.T.);
#7970=FACE_BOUND('',#7461,.T.);
#7971=FACE_BOUND('',#7462,.T.);
#7972=FACE_BOUND('',#7463,.T.);
#7973=FACE_BOUND('',#7464,.T.);
#7974=FACE_BOUND('',#7465,.T.);
#7975=FACE_BOUND('',#7466,.T.);
#7976=FACE_BOUND('',#7467,.T.);
#7977=FACE_BOUND('',#7468,.T.);
#7978=FACE_BOUND('',#7469,.T.);
#7979=FACE_BOUND('',#7470,.T.);
#7980=FACE_BOUND('',#7471,.T.);
#7981=FACE_BOUND('',#7472,.T.);
#7982=FACE_BOUND('',#7473,.T.);
#7983=FACE_BOUND('',#7474,.T.);
#7984=FACE_BOUND('',#7475,.T.);
#7985=FACE_BOUND('',#7476,.T.);
#7986=FACE_BOUND('',#7477,.T.);
#7987=FACE_BOUND('',#7478,.T.);
#7988=FACE_BOUND('',#7479,.T.);
#7989=FACE_BOUND('',#7480,.T.);
#7990=FACE_BOUND('',#7481,.T.);
#7991=FACE_BOUND('',#7482,.T.);
#7992=FACE_BOUND('',#7483,.T.);
#7993=FACE_BOUND('',#7484,.T.);
#7994=FACE_BOUND('',#7485,.T.);
#7995=FACE_BOUND('',#7486,.T.);
#7996=FACE_BOUND('',#7487,.T.);
#7997=FACE_BOUND('',#7488,.T.);
#7998=FACE_BOUND('',#7489,.T.);
#7999=FACE_BOUND('',#7490,.T.);
#8000=FACE_BOUND('',#7491,.T.);
#8001=FACE_BOUND('',#7492,.T.);
#8002=FACE_BOUND('',#7493,.T.);
#8003=FACE_BOUND('',#7494,.T.);
#8004=FACE_BOUND('',#7495,.T.);
#8005=FACE_BOUND('',#7496,.T.);
#8006=FACE_BOUND('',#7497,.T.);
#8007=FACE_BOUND('',#7498,.T.);
#8008=FACE_BOUND('',#7499,.T.);
#8009=FACE_BOUND('',#7500,.T.);
#8010=FACE_BOUND('',#7501,.T.);
#8011=FACE_BOUND('',#7502,.T.);
#8012=FACE_BOUND('',#7503,.T.);
#8013=FACE_BOUND('',#7504,.T.);
#8014=FACE_BOUND('',#7505,.T.);
#8015=FACE_BOUND('',#7506,.T.);
#8016=FACE_BOUND('',#7507,.T.);
#8017=PLANE('',#8668);
#8018=PLANE('',#8671);
#8019=PLANE('',#8672);
#8020=PLANE('',#8675);
#8021=PLANE('',#8677);
#8022=PLANE('',#8678);
#8023=PLANE('',#8807);
#8024=PLANE('',#8808);
#8025=PLANE('',#8809);
#8026=PLANE('',#8810);
#8027=PLANE('',#8811);
#8028=PLANE('',#8812);
#8029=PLANE('',#8819);
#8030=PLANE('',#8822);
#8031=PLANE('',#8823);
#8032=PLANE('',#8824);
#8033=PLANE('',#8831);
#8034=PLANE('',#8841);
#8035=PLANE('',#8842);
#8036=PLANE('',#8843);
#8037=PLANE('',#8844);
#8038=PLANE('',#8845);
#8039=PLANE('',#8848);
#8040=PLANE('',#8855);
#8041=PLANE('',#8856);
#8042=PLANE('',#8859);
#8043=PLANE('',#8861);
#8044=PLANE('',#8864);
#8045=PLANE('',#8865);
#8046=PLANE('',#8866);
#8047=PLANE('',#8867);
#8048=PLANE('',#8868);
#8049=PLANE('',#8869);
#8050=PLANE('',#8870);
#8051=PLANE('',#8871);
#8052=PLANE('',#8872);
#8053=PLANE('',#8874);
#8054=PLANE('',#8876);
#8055=PLANE('',#8877);
#8056=PLANE('',#8878);
#8057=PLANE('',#8879);
#8058=PLANE('',#8880);
#8059=PLANE('',#8881);
#8060=PLANE('',#8882);
#8061=PLANE('',#8884);
#8062=PLANE('',#8885);
#8063=PLANE('',#8891);
#8064=PLANE('',#8892);
#8065=PLANE('',#8899);
#8066=PLANE('',#8903);
#8067=PLANE('',#8904);
#8068=PLANE('',#8905);
#8069=PLANE('',#8906);
#8070=PLANE('',#8916);
#8071=PLANE('',#8919);
#8072=PLANE('',#8920);
#8073=PLANE('',#8921);
#8074=PLANE('',#8922);
#8075=PLANE('',#8923);
#8076=PLANE('',#8924);
#8077=PLANE('',#8925);
#8078=PLANE('',#8926);
#8079=PLANE('',#8927);
#8080=PLANE('',#8928);
#8081=PLANE('',#8929);
#8082=PLANE('',#8930);
#8083=PLANE('',#8931);
#8084=PLANE('',#8935);
#8085=PLANE('',#8938);
#8086=PLANE('',#8941);
#8087=PLANE('',#8944);
#8088=PLANE('',#8947);
#8089=PLANE('',#8950);
#8090=PLANE('',#8951);
#8091=PLANE('',#8952);
#8092=PLANE('',#8967);
#8093=PLANE('',#8968);
#8094=PLANE('',#8969);
#8095=PLANE('',#8970);
#8096=PLANE('',#8971);
#8097=PLANE('',#8978);
#8098=PLANE('',#8979);
#8099=PLANE('',#8980);
#8100=PLANE('',#9003);
#8101=PLANE('',#9004);
#8102=PLANE('',#9005);
#8103=PLANE('',#9006);
#8104=PLANE('',#9007);
#8105=PLANE('',#9018);
#8106=PLANE('',#9019);
#8107=PLANE('',#9020);
#8108=PLANE('',#9021);
#8109=PLANE('',#9022);
#8110=PLANE('',#9023);
#8111=PLANE('',#9024);
#8112=PLANE('',#9025);
#8113=PLANE('',#9026);
#8114=PLANE('',#9027);
#8115=PLANE('',#9028);
#8116=PLANE('',#9029);
#8117=PLANE('',#9030);
#8118=PLANE('',#9031);
#8119=PLANE('',#9048);
#8120=PLANE('',#9053);
#8121=PLANE('',#9054);
#8122=PLANE('',#9055);
#8123=PLANE('',#9056);
#8124=PLANE('',#9057);
#8125=PLANE('',#9058);
#8126=PLANE('',#9059);
#8127=PLANE('',#9060);
#8128=PLANE('',#9061);
#8129=PLANE('',#9062);
#8130=PLANE('',#9063);
#8131=PLANE('',#9064);
#8132=PLANE('',#9081);
#8133=PLANE('',#9086);
#8134=PLANE('',#9116);
#8135=PLANE('',#9123);
#8136=PLANE('',#9124);
#8137=PLANE('',#9125);
#8138=PLANE('',#9136);
#8139=PLANE('',#9137);
#8140=PLANE('',#9144);
#8141=PLANE('',#9148);
#8142=PLANE('',#9170);
#8143=PLANE('',#9183);
#8144=PLANE('',#9187);
#8145=PLANE('',#9188);
#8146=PLANE('',#9211);
#8147=PLANE('',#9212);
#8148=PLANE('',#9213);
#8149=PLANE('',#9214);
#8150=PLANE('',#9215);
#8151=PLANE('',#9226);
#8152=PLANE('',#9227);
#8153=PLANE('',#9228);
#8154=PLANE('',#9229);
#8155=PLANE('',#9234);
#8156=PLANE('',#9235);
#8157=PLANE('',#9236);
#8158=PLANE('',#9237);
#8159=PLANE('',#9238);
#8160=PLANE('',#9241);
#8161=PLANE('',#9245);
#8162=PLANE('',#9246);
#8163=PLANE('',#9247);
#8164=PLANE('',#9254);
#8165=PLANE('',#9255);
#8166=PLANE('',#9256);
#8167=PLANE('',#9265);
#8168=PLANE('',#9266);
#8169=PLANE('',#9267);
#8170=PLANE('',#9279);
#8171=PLANE('',#9280);
#8172=PLANE('',#9299);
#8173=PLANE('',#9320);
#8174=PLANE('',#9331);
#8175=PLANE('',#9332);
#8176=PLANE('',#9333);
#8177=PLANE('',#9334);
#8178=PLANE('',#9351);
#8179=PLANE('',#9352);
#8180=PLANE('',#9353);
#8181=PLANE('',#9354);
#8182=PLANE('',#9355);
#8183=PLANE('',#9356);
#8184=PLANE('',#9357);
#8185=PLANE('',#9358);
#8186=PLANE('',#9359);
#8187=PLANE('',#9360);
#8188=PLANE('',#9361);
#8189=PLANE('',#9362);
#8190=PLANE('',#9363);
#8191=PLANE('',#9364);
#8192=PLANE('',#9365);
#8193=PLANE('',#9366);
#8194=PLANE('',#9367);
#8195=PLANE('',#9370);
#8196=PLANE('',#9375);
#8197=PLANE('',#9376);
#8198=ADVANCED_FACE('',(#7508),#8017,.F.);
#8199=ADVANCED_FACE('',(#7509),#8018,.T.);
#8200=ADVANCED_FACE('',(#7510),#8019,.F.);
#8201=ADVANCED_FACE('',(#7511),#8020,.F.);
#8202=ADVANCED_FACE('',(#7512),#8021,.T.);
#8203=ADVANCED_FACE('',(#7513,#7514,#7515,#7516,#7517,#7518,#7519,#7520,
#7521,#7522,#7523,#7524,#7525,#7526),#8022,.F.);
#8204=ADVANCED_FACE('',(#7527),#8023,.T.);
#8205=ADVANCED_FACE('',(#7528),#8024,.T.);
#8206=ADVANCED_FACE('',(#7529),#8025,.T.);
#8207=ADVANCED_FACE('',(#7530),#8026,.T.);
#8208=ADVANCED_FACE('',(#7531),#8027,.T.);
#8209=ADVANCED_FACE('',(#7532,#7533,#7534,#7535,#7536,#7537,#7538,#7539),
#8028,.T.);
#8210=ADVANCED_FACE('',(#7540),#8029,.F.);
#8211=ADVANCED_FACE('',(#7541),#117,.F.);
#8212=ADVANCED_FACE('',(#7542),#8030,.T.);
#8213=ADVANCED_FACE('',(#7543),#8031,.F.);
#8214=ADVANCED_FACE('',(#7544,#7545,#7546,#7547),#8032,.T.);
#8215=ADVANCED_FACE('',(#7548,#7549,#7550,#7551),#8033,.T.);
#8216=ADVANCED_FACE('',(#7552),#8034,.T.);
#8217=ADVANCED_FACE('',(#7553),#8035,.T.);
#8218=ADVANCED_FACE('',(#7554),#8036,.T.);
#8219=ADVANCED_FACE('',(#7555),#8037,.T.);
#8220=ADVANCED_FACE('',(#7556),#8038,.T.);
#8221=ADVANCED_FACE('',(#7557,#7558,#7559,#7560,#7561,#7562,#7563,#7564),
#8039,.T.);
#8222=ADVANCED_FACE('',(#7565),#8040,.F.);
#8223=ADVANCED_FACE('',(#7566),#8041,.F.);
#8224=ADVANCED_FACE('',(#7567),#8042,.T.);
#8225=ADVANCED_FACE('',(#7568),#8043,.T.);
#8226=ADVANCED_FACE('',(#7569),#8044,.T.);
#8227=ADVANCED_FACE('',(#7570),#8045,.F.);
#8228=ADVANCED_FACE('',(#7571),#8046,.T.);
#8229=ADVANCED_FACE('',(#7572),#8047,.F.);
#8230=ADVANCED_FACE('',(#7573),#8048,.F.);
#8231=ADVANCED_FACE('',(#7574),#8049,.F.);
#8232=ADVANCED_FACE('',(#7575),#8050,.T.);
#8233=ADVANCED_FACE('',(#7576),#8051,.T.);
#8234=ADVANCED_FACE('',(#7577),#8052,.F.);
#8235=ADVANCED_FACE('',(#7578),#8053,.F.);
#8236=ADVANCED_FACE('',(#7579),#8054,.F.);
#8237=ADVANCED_FACE('',(#7580),#8055,.F.);
#8238=ADVANCED_FACE('',(#7581),#8056,.F.);
#8239=ADVANCED_FACE('',(#7582),#8057,.F.);
#8240=ADVANCED_FACE('',(#7583),#8058,.T.);
#8241=ADVANCED_FACE('',(#7584),#8059,.T.);
#8242=ADVANCED_FACE('',(#7585),#8060,.T.);
#8243=ADVANCED_FACE('',(#7586),#8061,.T.);
#8244=ADVANCED_FACE('',(#7587),#8062,.T.);
#8245=ADVANCED_FACE('',(#7588),#118,.F.);
#8246=ADVANCED_FACE('',(#7589),#119,.T.);
#8247=ADVANCED_FACE('',(#7590),#120,.T.);
#8248=ADVANCED_FACE('',(#7591),#121,.T.);
#8249=ADVANCED_FACE('',(#7592),#8063,.T.);
#8250=ADVANCED_FACE('',(#7593),#8064,.T.);
#8251=ADVANCED_FACE('',(#7594,#7595),#122,.T.);
#8252=ADVANCED_FACE('',(#7596,#7597),#123,.F.);
#8253=ADVANCED_FACE('',(#7598),#8065,.T.);
#8254=ADVANCED_FACE('',(#7599),#124,.T.);
#8255=ADVANCED_FACE('',(#7600),#112,.F.);
#8256=ADVANCED_FACE('',(#7601),#8066,.T.);
#8257=ADVANCED_FACE('',(#7602),#8067,.T.);
#8258=ADVANCED_FACE('',(#7603),#8068,.T.);
#8259=ADVANCED_FACE('',(#7604),#8069,.F.);
#8260=ADVANCED_FACE('',(#7605,#7606),#125,.F.);
#8261=ADVANCED_FACE('',(#7607,#7608),#126,.F.);
#8262=ADVANCED_FACE('',(#7609,#7610),#127,.F.);
#8263=ADVANCED_FACE('',(#7611,#7612),#128,.F.);
#8264=ADVANCED_FACE('',(#7613,#7614),#129,.F.);
#8265=ADVANCED_FACE('',(#7615,#7616),#130,.F.);
#8266=ADVANCED_FACE('',(#7617),#131,.F.);
#8267=ADVANCED_FACE('',(#7618),#132,.F.);
#8268=ADVANCED_FACE('',(#7619),#113,.T.);
#8269=ADVANCED_FACE('',(#7620),#8070,.F.);
#8270=ADVANCED_FACE('',(#7621),#133,.F.);
#8271=ADVANCED_FACE('',(#7622),#8071,.T.);
#8272=ADVANCED_FACE('',(#7623),#8072,.F.);
#8273=ADVANCED_FACE('',(#7624),#8073,.F.);
#8274=ADVANCED_FACE('',(#7625),#8074,.T.);
#8275=ADVANCED_FACE('',(#7626),#8075,.F.);
#8276=ADVANCED_FACE('',(#7627),#8076,.F.);
#8277=ADVANCED_FACE('',(#7628),#8077,.F.);
#8278=ADVANCED_FACE('',(#7629),#8078,.F.);
#8279=ADVANCED_FACE('',(#7630),#8079,.F.);
#8280=ADVANCED_FACE('',(#7631),#8080,.T.);
#8281=ADVANCED_FACE('',(#7632),#8081,.T.);
#8282=ADVANCED_FACE('',(#7633),#8082,.T.);
#8283=ADVANCED_FACE('',(#7634),#8083,.F.);
#8284=ADVANCED_FACE('',(#7635,#7636),#134,.F.);
#8285=ADVANCED_FACE('',(#7637,#7638),#135,.F.);
#8286=ADVANCED_FACE('',(#7639),#8084,.T.);
#8287=ADVANCED_FACE('',(#7640,#7641),#136,.F.);
#8288=ADVANCED_FACE('',(#7642),#8085,.T.);
#8289=ADVANCED_FACE('',(#7643,#7644),#137,.F.);
#8290=ADVANCED_FACE('',(#7645),#8086,.T.);
#8291=ADVANCED_FACE('',(#7646,#7647),#138,.F.);
#8292=ADVANCED_FACE('',(#7648),#8087,.T.);
#8293=ADVANCED_FACE('',(#7649,#7650),#139,.F.);
#8294=ADVANCED_FACE('',(#7651),#8088,.T.);
#8295=ADVANCED_FACE('',(#7652,#7653),#140,.F.);
#8296=ADVANCED_FACE('',(#7654),#8089,.T.);
#8297=ADVANCED_FACE('',(#7655),#8090,.T.);
#8298=ADVANCED_FACE('',(#7656),#8091,.T.);
#8299=ADVANCED_FACE('',(#7657),#141,.F.);
#8300=ADVANCED_FACE('',(#7658),#142,.F.);
#8301=ADVANCED_FACE('',(#7659),#143,.F.);
#8302=ADVANCED_FACE('',(#7660),#144,.F.);
#8303=ADVANCED_FACE('',(#7661),#12,.T.);
#8304=ADVANCED_FACE('',(#7662),#13,.T.);
#8305=ADVANCED_FACE('',(#7663),#145,.F.);
#8306=ADVANCED_FACE('',(#7664),#146,.F.);
#8307=ADVANCED_FACE('',(#7665),#147,.F.);
#8308=ADVANCED_FACE('',(#7666),#14,.T.);
#8309=ADVANCED_FACE('',(#7667),#8092,.T.);
#8310=ADVANCED_FACE('',(#7668),#8093,.T.);
#8311=ADVANCED_FACE('',(#7669),#8094,.T.);
#8312=ADVANCED_FACE('',(#7670),#8095,.T.);
#8313=ADVANCED_FACE('',(#7671),#8096,.T.);
#8314=ADVANCED_FACE('',(#7672),#15,.T.);
#8315=ADVANCED_FACE('',(#7673),#148,.T.);
#8316=ADVANCED_FACE('',(#7674),#149,.T.);
#8317=ADVANCED_FACE('',(#7675),#16,.T.);
#8318=ADVANCED_FACE('',(#7676),#17,.T.);
#8319=ADVANCED_FACE('',(#7677),#18,.T.);
#8320=ADVANCED_FACE('',(#7678),#19,.T.);
#8321=ADVANCED_FACE('',(#7679),#150,.T.);
#8322=ADVANCED_FACE('',(#7680),#8097,.T.);
#8323=ADVANCED_FACE('',(#7681),#8098,.T.);
#8324=ADVANCED_FACE('',(#7682),#8099,.T.);
#8325=ADVANCED_FACE('',(#7683),#151,.F.);
#8326=ADVANCED_FACE('',(#7684),#152,.F.);
#8327=ADVANCED_FACE('',(#7685),#153,.F.);
#8328=ADVANCED_FACE('',(#7686),#154,.F.);
#8329=ADVANCED_FACE('',(#7687),#155,.F.);
#8330=ADVANCED_FACE('',(#7688),#156,.F.);
#8331=ADVANCED_FACE('',(#7689),#157,.F.);
#8332=ADVANCED_FACE('',(#7690),#20,.T.);
#8333=ADVANCED_FACE('',(#7691),#158,.F.);
#8334=ADVANCED_FACE('',(#7692),#159,.F.);
#8335=ADVANCED_FACE('',(#7693),#160,.F.);
#8336=ADVANCED_FACE('',(#7694),#161,.F.);
#8337=ADVANCED_FACE('',(#7695),#8100,.T.);
#8338=ADVANCED_FACE('',(#7696),#8101,.T.);
#8339=ADVANCED_FACE('',(#7697),#8102,.T.);
#8340=ADVANCED_FACE('',(#7698),#8103,.T.);
#8341=ADVANCED_FACE('',(#7699),#8104,.T.);
#8342=ADVANCED_FACE('',(#7700),#21,.T.);
#8343=ADVANCED_FACE('',(#7701),#162,.T.);
#8344=ADVANCED_FACE('',(#7702),#163,.T.);
#8345=ADVANCED_FACE('',(#7703),#164,.T.);
#8346=ADVANCED_FACE('',(#7704),#22,.T.);
#8347=ADVANCED_FACE('',(#7705),#165,.T.);
#8348=ADVANCED_FACE('',(#7706),#23,.T.);
#8349=ADVANCED_FACE('',(#7707),#166,.T.);
#8350=ADVANCED_FACE('',(#7708),#8105,.T.);
#8351=ADVANCED_FACE('',(#7709),#8106,.T.);
#8352=ADVANCED_FACE('',(#7710),#8107,.T.);
#8353=ADVANCED_FACE('',(#7711),#24,.T.);
#8354=ADVANCED_FACE('',(#7712),#8108,.T.);
#8355=ADVANCED_FACE('',(#7713),#8109,.T.);
#8356=ADVANCED_FACE('',(#7714),#8110,.T.);
#8357=ADVANCED_FACE('',(#7715),#8111,.T.);
#8358=ADVANCED_FACE('',(#7716),#8112,.T.);
#8359=ADVANCED_FACE('',(#7717),#8113,.T.);
#8360=ADVANCED_FACE('',(#7718),#8114,.T.);
#8361=ADVANCED_FACE('',(#7719),#8115,.T.);
#8362=ADVANCED_FACE('',(#7720),#8116,.T.);
#8363=ADVANCED_FACE('',(#7721),#8117,.T.);
#8364=ADVANCED_FACE('',(#7722),#8118,.T.);
#8365=ADVANCED_FACE('',(#7723),#167,.F.);
#8366=ADVANCED_FACE('',(#7724),#168,.F.);
#8367=ADVANCED_FACE('',(#7725),#169,.F.);
#8368=ADVANCED_FACE('',(#7726),#25,.T.);
#8369=ADVANCED_FACE('',(#7727),#170,.F.);
#8370=ADVANCED_FACE('',(#7728),#171,.F.);
#8371=ADVANCED_FACE('',(#7729),#172,.F.);
#8372=ADVANCED_FACE('',(#7730),#173,.F.);
#8373=ADVANCED_FACE('',(#7731),#174,.F.);
#8374=ADVANCED_FACE('',(#7732),#8119,.T.);
#8375=ADVANCED_FACE('',(#7733),#175,.T.);
#8376=ADVANCED_FACE('',(#7734),#176,.T.);
#8377=ADVANCED_FACE('',(#7735),#26,.T.);
#8378=ADVANCED_FACE('',(#7736),#8120,.T.);
#8379=ADVANCED_FACE('',(#7737),#27,.T.);
#8380=ADVANCED_FACE('',(#7738),#8121,.T.);
#8381=ADVANCED_FACE('',(#7739),#8122,.T.);
#8382=ADVANCED_FACE('',(#7740),#8123,.T.);
#8383=ADVANCED_FACE('',(#7741),#8124,.T.);
#8384=ADVANCED_FACE('',(#7742),#8125,.T.);
#8385=ADVANCED_FACE('',(#7743),#8126,.T.);
#8386=ADVANCED_FACE('',(#7744),#8127,.T.);
#8387=ADVANCED_FACE('',(#7745),#8128,.T.);
#8388=ADVANCED_FACE('',(#7746),#8129,.T.);
#8389=ADVANCED_FACE('',(#7747),#8130,.T.);
#8390=ADVANCED_FACE('',(#7748),#8131,.T.);
#8391=ADVANCED_FACE('',(#7749),#177,.F.);
#8392=ADVANCED_FACE('',(#7750),#178,.F.);
#8393=ADVANCED_FACE('',(#7751),#179,.F.);
#8394=ADVANCED_FACE('',(#7752),#28,.T.);
#8395=ADVANCED_FACE('',(#7753),#180,.F.);
#8396=ADVANCED_FACE('',(#7754),#181,.F.);
#8397=ADVANCED_FACE('',(#7755),#182,.F.);
#8398=ADVANCED_FACE('',(#7756),#183,.F.);
#8399=ADVANCED_FACE('',(#7757),#184,.F.);
#8400=ADVANCED_FACE('',(#7758),#8132,.T.);
#8401=ADVANCED_FACE('',(#7759),#185,.T.);
#8402=ADVANCED_FACE('',(#7760),#186,.T.);
#8403=ADVANCED_FACE('',(#7761),#29,.T.);
#8404=ADVANCED_FACE('',(#7762),#8133,.T.);
#8405=ADVANCED_FACE('',(#7763),#30,.T.);
#8406=ADVANCED_FACE('',(#7764),#187,.T.);
#8407=ADVANCED_FACE('',(#7765),#31,.T.);
#8408=ADVANCED_FACE('',(#7766),#32,.T.);
#8409=ADVANCED_FACE('',(#7767),#33,.T.);
#8410=ADVANCED_FACE('',(#7768),#188,.T.);
#8411=ADVANCED_FACE('',(#7769),#189,.T.);
#8412=ADVANCED_FACE('',(#7770),#34,.T.);
#8413=ADVANCED_FACE('',(#7771),#190,.T.);
#8414=ADVANCED_FACE('',(#7772),#191,.T.);
#8415=ADVANCED_FACE('',(#7773),#35,.T.);
#8416=ADVANCED_FACE('',(#7774),#192,.T.);
#8417=ADVANCED_FACE('',(#7775),#193,.T.);
#8418=ADVANCED_FACE('',(#7776),#194,.T.);
#8419=ADVANCED_FACE('',(#7777),#195,.T.);
#8420=ADVANCED_FACE('',(#7778),#196,.T.);
#8421=ADVANCED_FACE('',(#7779),#8134,.T.);
#8422=ADVANCED_FACE('',(#7780),#197,.F.);
#8423=ADVANCED_FACE('',(#7781),#198,.F.);
#8424=ADVANCED_FACE('',(#7782),#36,.T.);
#8425=ADVANCED_FACE('',(#7783),#199,.F.);
#8426=ADVANCED_FACE('',(#7784),#37,.T.);
#8427=ADVANCED_FACE('',(#7785),#38,.T.);
#8428=ADVANCED_FACE('',(#7786),#8135,.T.);
#8429=ADVANCED_FACE('',(#7787),#8136,.T.);
#8430=ADVANCED_FACE('',(#7788),#8137,.T.);
#8431=ADVANCED_FACE('',(#7789),#39,.T.);
#8432=ADVANCED_FACE('',(#7790),#40,.T.);
#8433=ADVANCED_FACE('',(#7791),#41,.T.);
#8434=ADVANCED_FACE('',(#7792),#42,.T.);
#8435=ADVANCED_FACE('',(#7793),#43,.T.);
#8436=ADVANCED_FACE('',(#7794),#44,.T.);
#8437=ADVANCED_FACE('',(#7795),#200,.F.);
#8438=ADVANCED_FACE('',(#7796),#45,.T.);
#8439=ADVANCED_FACE('',(#7797),#201,.F.);
#8440=ADVANCED_FACE('',(#7798),#46,.T.);
#8441=ADVANCED_FACE('',(#7799),#202,.F.);
#8442=ADVANCED_FACE('',(#7800),#47,.T.);
#8443=ADVANCED_FACE('',(#7801),#48,.T.);
#8444=ADVANCED_FACE('',(#7802),#49,.T.);
#8445=ADVANCED_FACE('',(#7803),#203,.F.);
#8446=ADVANCED_FACE('',(#7804),#204,.T.);
#8447=ADVANCED_FACE('',(#7805),#8138,.T.);
#8448=ADVANCED_FACE('',(#7806),#8139,.T.);
#8449=ADVANCED_FACE('',(#7807),#50,.T.);
#8450=ADVANCED_FACE('',(#7808),#51,.T.);
#8451=ADVANCED_FACE('',(#7809),#205,.T.);
#8452=ADVANCED_FACE('',(#7810),#206,.T.);
#8453=ADVANCED_FACE('',(#7811),#207,.T.);
#8454=ADVANCED_FACE('',(#7812),#52,.T.);
#8455=ADVANCED_FACE('',(#7813,#7814),#8140,.T.);
#8456=ADVANCED_FACE('',(#7815),#208,.T.);
#8457=ADVANCED_FACE('',(#7816),#8141,.T.);
#8458=ADVANCED_FACE('',(#7817),#209,.T.);
#8459=ADVANCED_FACE('',(#7818),#210,.T.);
#8460=ADVANCED_FACE('',(#7819),#211,.T.);
#8461=ADVANCED_FACE('',(#7820),#53,.T.);
#8462=ADVANCED_FACE('',(#7821),#212,.T.);
#8463=ADVANCED_FACE('',(#7822),#213,.T.);
#8464=ADVANCED_FACE('',(#7823),#54,.T.);
#8465=ADVANCED_FACE('',(#7824),#214,.F.);
#8466=ADVANCED_FACE('',(#7825),#215,.F.);
#8467=ADVANCED_FACE('',(#7826),#55,.T.);
#8468=ADVANCED_FACE('',(#7827),#56,.T.);
#8469=ADVANCED_FACE('',(#7828),#57,.T.);
#8470=ADVANCED_FACE('',(#7829),#58,.T.);
#8471=ADVANCED_FACE('',(#7830),#216,.F.);
#8472=ADVANCED_FACE('',(#7831),#59,.T.);
#8473=ADVANCED_FACE('',(#7832),#60,.T.);
#8474=ADVANCED_FACE('',(#7833),#61,.T.);
#8475=ADVANCED_FACE('',(#7834),#8142,.T.);
#8476=ADVANCED_FACE('',(#7835),#217,.T.);
#8477=ADVANCED_FACE('',(#7836),#218,.T.);
#8478=ADVANCED_FACE('',(#7837),#219,.T.);
#8479=ADVANCED_FACE('',(#7838),#220,.T.);
#8480=ADVANCED_FACE('',(#7839),#62,.T.);
#8481=ADVANCED_FACE('',(#7840),#221,.T.);
#8482=ADVANCED_FACE('',(#7841),#222,.T.);
#8483=ADVANCED_FACE('',(#7842),#63,.T.);
#8484=ADVANCED_FACE('',(#7843),#8143,.T.);
#8485=ADVANCED_FACE('',(#7844),#64,.T.);
#8486=ADVANCED_FACE('',(#7845),#65,.T.);
#8487=ADVANCED_FACE('',(#7846),#66,.T.);
#8488=ADVANCED_FACE('',(#7847),#223,.T.);
#8489=ADVANCED_FACE('',(#7848,#7849),#8144,.T.);
#8490=ADVANCED_FACE('',(#7850),#8145,.T.);
#8491=ADVANCED_FACE('',(#7851),#224,.F.);
#8492=ADVANCED_FACE('',(#7852),#225,.F.);
#8493=ADVANCED_FACE('',(#7853),#226,.F.);
#8494=ADVANCED_FACE('',(#7854),#227,.F.);
#8495=ADVANCED_FACE('',(#7855),#228,.F.);
#8496=ADVANCED_FACE('',(#7856),#229,.F.);
#8497=ADVANCED_FACE('',(#7857),#230,.F.);
#8498=ADVANCED_FACE('',(#7858),#67,.T.);
#8499=ADVANCED_FACE('',(#7859),#231,.F.);
#8500=ADVANCED_FACE('',(#7860),#232,.F.);
#8501=ADVANCED_FACE('',(#7861),#233,.F.);
#8502=ADVANCED_FACE('',(#7862),#234,.F.);
#8503=ADVANCED_FACE('',(#7863),#8146,.T.);
#8504=ADVANCED_FACE('',(#7864),#8147,.T.);
#8505=ADVANCED_FACE('',(#7865),#8148,.T.);
#8506=ADVANCED_FACE('',(#7866),#8149,.T.);
#8507=ADVANCED_FACE('',(#7867),#8150,.T.);
#8508=ADVANCED_FACE('',(#7868),#68,.T.);
#8509=ADVANCED_FACE('',(#7869),#235,.T.);
#8510=ADVANCED_FACE('',(#7870),#236,.T.);
#8511=ADVANCED_FACE('',(#7871),#237,.T.);
#8512=ADVANCED_FACE('',(#7872),#69,.T.);
#8513=ADVANCED_FACE('',(#7873),#238,.T.);
#8514=ADVANCED_FACE('',(#7874),#70,.T.);
#8515=ADVANCED_FACE('',(#7875),#239,.T.);
#8516=ADVANCED_FACE('',(#7876),#8151,.T.);
#8517=ADVANCED_FACE('',(#7877),#8152,.T.);
#8518=ADVANCED_FACE('',(#7878),#8153,.T.);
#8519=ADVANCED_FACE('',(#7879),#71,.T.);
#8520=ADVANCED_FACE('',(#7880),#8154,.T.);
#8521=ADVANCED_FACE('',(#7881),#72,.T.);
#8522=ADVANCED_FACE('',(#7882),#73,.T.);
#8523=ADVANCED_FACE('',(#7883),#240,.F.);
#8524=ADVANCED_FACE('',(#7884),#241,.F.);
#8525=ADVANCED_FACE('',(#7885),#8155,.T.);
#8526=ADVANCED_FACE('',(#7886),#8156,.T.);
#8527=ADVANCED_FACE('',(#7887),#8157,.T.);
#8528=ADVANCED_FACE('',(#7888),#8158,.T.);
#8529=ADVANCED_FACE('',(#7889),#8159,.T.);
#8530=ADVANCED_FACE('',(#7890),#74,.T.);
#8531=ADVANCED_FACE('',(#7891),#242,.T.);
#8532=ADVANCED_FACE('',(#7892),#8160,.T.);
#8533=ADVANCED_FACE('',(#7893),#243,.T.);
#8534=ADVANCED_FACE('',(#7894),#8161,.T.);
#8535=ADVANCED_FACE('',(#7895),#8162,.T.);
#8536=ADVANCED_FACE('',(#7896),#8163,.T.);
#8537=ADVANCED_FACE('',(#7897),#75,.T.);
#8538=ADVANCED_FACE('',(#7898),#76,.T.);
#8539=ADVANCED_FACE('',(#7899),#244,.T.);
#8540=ADVANCED_FACE('',(#7900),#245,.T.);
#8541=ADVANCED_FACE('',(#7901),#77,.T.);
#8542=ADVANCED_FACE('',(#7902),#78,.T.);
#8543=ADVANCED_FACE('',(#7903),#79,.T.);
#8544=ADVANCED_FACE('',(#7904),#8164,.T.);
#8545=ADVANCED_FACE('',(#7905),#8165,.T.);
#8546=ADVANCED_FACE('',(#7906),#8166,.T.);
#8547=ADVANCED_FACE('',(#7907),#80,.T.);
#8548=ADVANCED_FACE('',(#7908),#81,.T.);
#8549=ADVANCED_FACE('',(#7909),#82,.T.);
#8550=ADVANCED_FACE('',(#7910),#83,.T.);
#8551=ADVANCED_FACE('',(#7911),#246,.F.);
#8552=ADVANCED_FACE('',(#7912),#247,.F.);
#8553=ADVANCED_FACE('',(#7913),#84,.T.);
#8554=ADVANCED_FACE('',(#7914),#85,.T.);
#8555=ADVANCED_FACE('',(#7915),#248,.F.);
#8556=ADVANCED_FACE('',(#7916),#86,.T.);
#8557=ADVANCED_FACE('',(#7917),#249,.F.);
#8558=ADVANCED_FACE('',(#7918),#8167,.T.);
#8559=ADVANCED_FACE('',(#7919),#8168,.T.);
#8560=ADVANCED_FACE('',(#7920),#8169,.T.);
#8561=ADVANCED_FACE('',(#7921),#250,.F.);
#8562=ADVANCED_FACE('',(#7922),#87,.T.);
#8563=ADVANCED_FACE('',(#7923),#251,.F.);
#8564=ADVANCED_FACE('',(#7924),#252,.F.);
#8565=ADVANCED_FACE('',(#7925),#88,.T.);
#8566=ADVANCED_FACE('',(#7926),#89,.T.);
#8567=ADVANCED_FACE('',(#7927),#90,.T.);
#8568=ADVANCED_FACE('',(#7928),#91,.T.);
#8569=ADVANCED_FACE('',(#7929),#92,.T.);
#8570=ADVANCED_FACE('',(#7930),#253,.F.);
#8571=ADVANCED_FACE('',(#7931),#254,.T.);
#8572=ADVANCED_FACE('',(#7932,#7933,#7934),#8170,.T.);
#8573=ADVANCED_FACE('',(#7935),#8171,.F.);
#8574=ADVANCED_FACE('',(#7936),#255,.F.);
#8575=ADVANCED_FACE('',(#7937),#93,.T.);
#8576=ADVANCED_FACE('',(#7938),#256,.F.);
#8577=ADVANCED_FACE('',(#7939),#257,.F.);
#8578=ADVANCED_FACE('',(#7940),#258,.T.);
#8579=ADVANCED_FACE('',(#7941),#94,.T.);
#8580=ADVANCED_FACE('',(#7942),#95,.T.);
#8581=ADVANCED_FACE('',(#7943),#96,.T.);
#8582=ADVANCED_FACE('',(#7944),#259,.T.);
#8583=ADVANCED_FACE('',(#7945),#260,.T.);
#8584=ADVANCED_FACE('',(#7946),#261,.T.);
#8585=ADVANCED_FACE('',(#7947),#97,.T.);
#8586=ADVANCED_FACE('',(#7948),#98,.T.);
#8587=ADVANCED_FACE('',(#7949),#99,.T.);
#8588=ADVANCED_FACE('',(#7950),#262,.F.);
#8589=ADVANCED_FACE('',(#7951),#100,.T.);
#8590=ADVANCED_FACE('',(#7952),#263,.F.);
#8591=ADVANCED_FACE('',(#7953),#8172,.T.);
#8592=ADVANCED_FACE('',(#7954),#264,.F.);
#8593=ADVANCED_FACE('',(#7955),#101,.T.);
#8594=ADVANCED_FACE('',(#7956),#265,.F.);
#8595=ADVANCED_FACE('',(#7957),#266,.F.);
#8596=ADVANCED_FACE('',(#7958),#102,.T.);
#8597=ADVANCED_FACE('',(#7959),#267,.F.);
#8598=ADVANCED_FACE('',(#7960),#103,.T.);
#8599=ADVANCED_FACE('',(#7961),#104,.T.);
#8600=ADVANCED_FACE('',(#7962),#268,.F.);
#8601=ADVANCED_FACE('',(#7963),#269,.F.);
#8602=ADVANCED_FACE('',(#7964),#270,.T.);
#8603=ADVANCED_FACE('',(#7965),#105,.T.);
#8604=ADVANCED_FACE('',(#7966),#106,.T.);
#8605=ADVANCED_FACE('',(#7967),#107,.T.);
#8606=ADVANCED_FACE('',(#7968),#108,.T.);
#8607=ADVANCED_FACE('',(#7969),#271,.T.);
#8608=ADVANCED_FACE('',(#7970),#272,.T.);
#8609=ADVANCED_FACE('',(#7971),#273,.T.);
#8610=ADVANCED_FACE('',(#7972),#109,.T.);
#8611=ADVANCED_FACE('',(#7973),#8173,.T.);
#8612=ADVANCED_FACE('',(#7974),#274,.F.);
#8613=ADVANCED_FACE('',(#7975),#275,.F.);
#8614=ADVANCED_FACE('',(#7976),#276,.F.);
#8615=ADVANCED_FACE('',(#7977),#277,.F.);
#8616=ADVANCED_FACE('',(#7978),#110,.T.);
#8617=ADVANCED_FACE('',(#7979),#111,.T.);
#8618=ADVANCED_FACE('',(#7980),#278,.F.);
#8619=ADVANCED_FACE('',(#7981),#8174,.T.);
#8620=ADVANCED_FACE('',(#7982),#8175,.F.);
#8621=ADVANCED_FACE('',(#7983),#8176,.F.);
#8622=ADVANCED_FACE('',(#7984),#8177,.F.);
#8623=ADVANCED_FACE('',(#7985),#279,.F.);
#8624=ADVANCED_FACE('',(#7986),#280,.F.);
#8625=ADVANCED_FACE('',(#7987),#281,.F.);
#8626=ADVANCED_FACE('',(#7988),#282,.F.);
#8627=ADVANCED_FACE('',(#7989),#283,.F.);
#8628=ADVANCED_FACE('',(#7990),#284,.F.);
#8629=ADVANCED_FACE('',(#7991),#285,.F.);
#8630=ADVANCED_FACE('',(#7992),#286,.F.);
#8631=ADVANCED_FACE('',(#7993),#8178,.T.);
#8632=ADVANCED_FACE('',(#7994),#8179,.T.);
#8633=ADVANCED_FACE('',(#7995),#8180,.T.);
#8634=ADVANCED_FACE('',(#7996),#8181,.T.);
#8635=ADVANCED_FACE('',(#7997),#8182,.T.);
#8636=ADVANCED_FACE('',(#7998),#8183,.T.);
#8637=ADVANCED_FACE('',(#7999),#8184,.T.);
#8638=ADVANCED_FACE('',(#8000),#8185,.T.);
#8639=ADVANCED_FACE('',(#8001),#8186,.T.);
#8640=ADVANCED_FACE('',(#8002),#8187,.T.);
#8641=ADVANCED_FACE('',(#8003),#8188,.T.);
#8642=ADVANCED_FACE('',(#8004),#8189,.T.);
#8643=ADVANCED_FACE('',(#8005),#8190,.T.);
#8644=ADVANCED_FACE('',(#8006),#8191,.T.);
#8645=ADVANCED_FACE('',(#8007),#8192,.T.);
#8646=ADVANCED_FACE('',(#8008),#8193,.T.);
#8647=ADVANCED_FACE('',(#8009),#8194,.T.);
#8648=ADVANCED_FACE('',(#8010),#287,.F.);
#8649=ADVANCED_FACE('',(#8011),#288,.F.);
#8650=ADVANCED_FACE('',(#8012),#8195,.T.);
#8651=ADVANCED_FACE('',(#8013),#289,.F.);
#8652=ADVANCED_FACE('',(#8014),#290,.F.);
#8653=ADVANCED_FACE('',(#8015),#8196,.F.);
#8654=ADVANCED_FACE('',(#8016),#8197,.T.);
#8655=CLOSED_SHELL('',(#8198,#8199,#8200,#8201,#8202,#8203,#8204,#8205,
#8206,#8207,#8208,#8209,#8210,#8211,#8212,#8213,#8214,#8215,#8216,#8217,
#8218,#8219,#8220,#8221,#8222,#8223,#8224,#8225,#8226,#8227,#8228,#8229,
#8230,#8231,#8232,#8233,#8234,#8235,#8236,#8237,#8238,#8239,#8240,#8241,
#8242,#8243,#8244,#8245,#8246,#8247,#8248,#8249,#8250,#8251,#8252,#8253,
#8254,#8255,#8256,#8257,#8258,#8259,#8260,#8261,#8262,#8263,#8264,#8265,
#8266,#8267,#8268,#8269,#8270,#8271,#8272,#8273,#8274,#8275,#8276,#8277,
#8278,#8279,#8280,#8281,#8282,#8283,#8284,#8285,#8286,#8287,#8288,#8289,
#8290,#8291,#8292,#8293,#8294,#8295,#8296,#8297,#8298,#8299,#8300,#8301,
#8302,#8303,#8304,#8305,#8306,#8307,#8308,#8309,#8310,#8311,#8312,#8313,
#8314,#8315,#8316,#8317,#8318,#8319,#8320,#8321,#8322,#8323,#8324,#8325,
#8326,#8327,#8328,#8329,#8330,#8331,#8332,#8333,#8334,#8335,#8336,#8337,
#8338,#8339,#8340,#8341,#8342,#8343,#8344,#8345,#8346,#8347,#8348,#8349,
#8350,#8351,#8352,#8353,#8354,#8355,#8356,#8357,#8358,#8359,#8360,#8361,
#8362,#8363,#8364,#8365,#8366,#8367,#8368,#8369,#8370,#8371,#8372,#8373,
#8374,#8375,#8376,#8377,#8378,#8379,#8380,#8381,#8382,#8383,#8384,#8385,
#8386,#8387,#8388,#8389,#8390,#8391,#8392,#8393,#8394,#8395,#8396,#8397,
#8398,#8399,#8400,#8401,#8402,#8403,#8404,#8405,#8406,#8407,#8408,#8409,
#8410,#8411,#8412,#8413,#8414,#8415,#8416,#8417,#8418,#8419,#8420,#8421,
#8422,#8423,#8424,#8425,#8426,#8427,#8428,#8429,#8430,#8431,#8432,#8433,
#8434,#8435,#8436,#8437,#8438,#8439,#8440,#8441,#8442,#8443,#8444,#8445,
#8446,#8447,#8448,#8449,#8450,#8451,#8452,#8453,#8454,#8455,#8456,#8457,
#8458,#8459,#8460,#8461,#8462,#8463,#8464,#8465,#8466,#8467,#8468,#8469,
#8470,#8471,#8472,#8473,#8474,#8475,#8476,#8477,#8478,#8479,#8480,#8481,
#8482,#8483,#8484,#8485,#8486,#8487,#8488,#8489,#8490,#8491,#8492,#8493,
#8494,#8495,#8496,#8497,#8498,#8499,#8500,#8501,#8502,#8503,#8504,#8505,
#8506,#8507,#8508,#8509,#8510,#8511,#8512,#8513,#8514,#8515,#8516,#8517,
#8518,#8519,#8520,#8521,#8522,#8523,#8524,#8525,#8526,#8527,#8528,#8529,
#8530,#8531,#8532,#8533,#8534,#8535,#8536,#8537,#8538,#8539,#8540,#8541,
#8542,#8543,#8544,#8545,#8546,#8547,#8548,#8549,#8550,#8551,#8552,#8553,
#8554,#8555,#8556,#8557,#8558,#8559,#8560,#8561,#8562,#8563,#8564,#8565,
#8566,#8567,#8568,#8569,#8570,#8571,#8572,#8573,#8574,#8575,#8576,#8577,
#8578,#8579,#8580,#8581,#8582,#8583,#8584,#8585,#8586,#8587,#8588,#8589,
#8590,#8591,#8592,#8593,#8594,#8595,#8596,#8597,#8598,#8599,#8600,#8601,
#8602,#8603,#8604,#8605,#8606,#8607,#8608,#8609,#8610,#8611,#8612,#8613,
#8614,#8615,#8616,#8617,#8618,#8619,#8620,#8621,#8622,#8623,#8624,#8625,
#8626,#8627,#8628,#8629,#8630,#8631,#8632,#8633,#8634,#8635,#8636,#8637,
#8638,#8639,#8640,#8641,#8642,#8643,#8644,#8645,#8646,#8647,#8648,#8649,
#8650,#8651,#8652,#8653,#8654));
#8656=STYLED_ITEM('',(#8657),#8664);
#8657=PRESENTATION_STYLE_ASSIGNMENT((#8658));
#8658=SURFACE_STYLE_USAGE(.BOTH.,#8659);
#8659=SURFACE_SIDE_STYLE('',(#8660));
#8660=SURFACE_STYLE_FILL_AREA(#8661);
#8661=FILL_AREA_STYLE('',(#8662));
#8662=FILL_AREA_STYLE_COLOUR('',#8663);
#8663=COLOUR_RGB('',0.615686274509804,0.811764705882353,0.929411764705882);
#8664=MANIFOLD_SOLID_BREP('Part 1',#8655);
#8665=SHAPE_DEFINITION_REPRESENTATION(#15255,#8666);
#8666=SHAPE_REPRESENTATION('Part 1',(#8667),#15250);
#8667=AXIS2_PLACEMENT_3D('',#11522,#9377,#9378);
#8668=AXIS2_PLACEMENT_3D('',#11523,#9379,#9380);
#8669=AXIS2_PLACEMENT_3D('',#11529,#9383,#9384);
#8670=AXIS2_PLACEMENT_3D('',#11531,#9385,#9386);
#8671=AXIS2_PLACEMENT_3D('',#11538,#9390,#9391);
#8672=AXIS2_PLACEMENT_3D('',#11544,#9395,#9396);
#8673=AXIS2_PLACEMENT_3D('',#11553,#9401,#9402);
#8674=AXIS2_PLACEMENT_3D('',#11555,#9403,#9404);
#8675=AXIS2_PLACEMENT_3D('',#11556,#9405,#9406);
#8676=AXIS2_PLACEMENT_3D('',#11564,#9410,#9411);
#8677=AXIS2_PLACEMENT_3D('',#11567,#9413,#9414);
#8678=AXIS2_PLACEMENT_3D('',#11573,#9418,#9419);
#8679=AXIS2_PLACEMENT_3D('',#11588,#9427,#9428);
#8680=AXIS2_PLACEMENT_3D('',#11591,#9429,#9430);
#8681=AXIS2_PLACEMENT_3D('',#11601,#9431,#9432);
#8682=AXIS2_PLACEMENT_3D('',#11603,#9433,#9434);
#8683=AXIS2_PLACEMENT_3D('',#11605,#9435,#9436);
#8684=AXIS2_PLACEMENT_3D('',#11607,#9437,#9438);
#8685=AXIS2_PLACEMENT_3D('',#11615,#9440,#9441);
#8686=AXIS2_PLACEMENT_3D('',#11617,#9442,#9443);
#8687=AXIS2_PLACEMENT_3D('',#11619,#9444,#9445);
#8688=AXIS2_PLACEMENT_3D('',#11637,#9446,#9447);
#8689=AXIS2_PLACEMENT_3D('',#11639,#9448,#9449);
#8690=AXIS2_PLACEMENT_3D('',#11641,#9450,#9451);
#8691=AXIS2_PLACEMENT_3D('',#11651,#9452,#9453);
#8692=AXIS2_PLACEMENT_3D('',#11657,#9454,#9455);
#8693=AXIS2_PLACEMENT_3D('',#11659,#9456,#9457);
#8694=AXIS2_PLACEMENT_3D('',#11665,#9458,#9459);
#8695=AXIS2_PLACEMENT_3D('',#11669,#9461,#9462);
#8696=AXIS2_PLACEMENT_3D('',#11675,#9463,#9464);
#8697=AXIS2_PLACEMENT_3D('',#11689,#9465,#9466);
#8698=AXIS2_PLACEMENT_3D('',#11691,#9467,#9468);
#8699=AXIS2_PLACEMENT_3D('',#11693,#9469,#9470);
#8700=AXIS2_PLACEMENT_3D('',#11707,#9471,#9472);
#8701=AXIS2_PLACEMENT_3D('',#11709,#9473,#9474);
#8702=AXIS2_PLACEMENT_3D('',#11711,#9475,#9476);
#8703=AXIS2_PLACEMENT_3D('',#11721,#9477,#9478);
#8704=AXIS2_PLACEMENT_3D('',#11737,#9484,#9485);
#8705=AXIS2_PLACEMENT_3D('',#11739,#9486,#9487);
#8706=AXIS2_PLACEMENT_3D('',#11773,#9490,#9491);
#8707=AXIS2_PLACEMENT_3D('',#11775,#9492,#9493);
#8708=AXIS2_PLACEMENT_3D('',#11781,#9494,#9495);
#8709=AXIS2_PLACEMENT_3D('',#11783,#9496,#9497);
#8710=AXIS2_PLACEMENT_3D('',#11785,#9498,#9499);
#8711=AXIS2_PLACEMENT_3D('',#11787,#9500,#9501);
#8712=AXIS2_PLACEMENT_3D('',#11803,#9503,#9504);
#8713=AXIS2_PLACEMENT_3D('',#11821,#9505,#9506);
#8714=AXIS2_PLACEMENT_3D('',#11823,#9507,#9508);
#8715=AXIS2_PLACEMENT_3D('',#11833,#9509,#9510);
#8716=AXIS2_PLACEMENT_3D('',#11835,#9511,#9512);
#8717=AXIS2_PLACEMENT_3D('',#11839,#9514,#9515);
#8718=AXIS2_PLACEMENT_3D('',#11841,#9516,#9517);
#8719=AXIS2_PLACEMENT_3D('',#11843,#9518,#9519);
#8720=AXIS2_PLACEMENT_3D('',#11845,#9520,#9521);
#8721=AXIS2_PLACEMENT_3D('',#11847,#9522,#9523);
#8722=AXIS2_PLACEMENT_3D('',#11853,#9524,#9525);
#8723=AXIS2_PLACEMENT_3D('',#11855,#9526,#9527);
#8724=AXIS2_PLACEMENT_3D('',#11857,#9528,#9529);
#8725=AXIS2_PLACEMENT_3D('',#11887,#9544,#9545);
#8726=AXIS2_PLACEMENT_3D('',#11893,#9546,#9547);
#8727=AXIS2_PLACEMENT_3D('',#11899,#9548,#9549);
#8728=AXIS2_PLACEMENT_3D('',#11901,#9550,#9551);
#8729=AXIS2_PLACEMENT_3D('',#11903,#9552,#9553);
#8730=AXIS2_PLACEMENT_3D('',#11919,#9559,#9560);
#8731=AXIS2_PLACEMENT_3D('',#11921,#9561,#9562);
#8732=AXIS2_PLACEMENT_3D('',#11923,#9563,#9564);
#8733=AXIS2_PLACEMENT_3D('',#11925,#9565,#9566);
#8734=AXIS2_PLACEMENT_3D('',#11931,#9567,#9568);
#8735=AXIS2_PLACEMENT_3D('',#11933,#9569,#9570);
#8736=AXIS2_PLACEMENT_3D('',#11935,#9571,#9572);
#8737=AXIS2_PLACEMENT_3D('',#11937,#9573,#9574);
#8738=AXIS2_PLACEMENT_3D('',#11939,#9575,#9576);
#8739=AXIS2_PLACEMENT_3D('',#11941,#9577,#9578);
#8740=AXIS2_PLACEMENT_3D('',#11943,#9579,#9580);
#8741=AXIS2_PLACEMENT_3D('',#11961,#9589,#9590);
#8742=AXIS2_PLACEMENT_3D('',#11963,#9591,#9592);
#8743=AXIS2_PLACEMENT_3D('',#11973,#9597,#9598);
#8744=AXIS2_PLACEMENT_3D('',#11991,#9599,#9600);
#8745=AXIS2_PLACEMENT_3D('',#11993,#9601,#9602);
#8746=AXIS2_PLACEMENT_3D('',#12013,#9608,#9609);
#8747=AXIS2_PLACEMENT_3D('',#12015,#9610,#9611);
#8748=AXIS2_PLACEMENT_3D('',#12017,#9612,#9613);
#8749=AXIS2_PLACEMENT_3D('',#12027,#9614,#9615);
#8750=AXIS2_PLACEMENT_3D('',#12029,#9616,#9617);
#8751=AXIS2_PLACEMENT_3D('',#12031,#9618,#9619);
#8752=AXIS2_PLACEMENT_3D('',#12033,#9620,#9621);
#8753=AXIS2_PLACEMENT_3D('',#12045,#9623,#9624);
#8754=AXIS2_PLACEMENT_3D('',#12047,#9625,#9626);
#8755=AXIS2_PLACEMENT_3D('',#12051,#9628,#9629);
#8756=AXIS2_PLACEMENT_3D('',#12053,#9630,#9631);
#8757=AXIS2_PLACEMENT_3D('',#12055,#9632,#9633);
#8758=AXIS2_PLACEMENT_3D('',#12057,#9634,#9635);
#8759=AXIS2_PLACEMENT_3D('',#12059,#9636,#9637);
#8760=AXIS2_PLACEMENT_3D('',#12065,#9638,#9639);
#8761=AXIS2_PLACEMENT_3D('',#12067,#9640,#9641);
#8762=AXIS2_PLACEMENT_3D('',#12069,#9642,#9643);
#8763=AXIS2_PLACEMENT_3D('',#12092,#9655,#9656);
#8764=AXIS2_PLACEMENT_3D('',#12095,#9657,#9658);
#8765=AXIS2_PLACEMENT_3D('',#12097,#9659,#9660);
#8766=AXIS2_PLACEMENT_3D('',#12099,#9661,#9662);
#8767=AXIS2_PLACEMENT_3D('',#12113,#9665,#9666);
#8768=AXIS2_PLACEMENT_3D('',#12115,#9667,#9668);
#8769=AXIS2_PLACEMENT_3D('',#12129,#9669,#9670);
#8770=AXIS2_PLACEMENT_3D('',#12135,#9671,#9672);
#8771=AXIS2_PLACEMENT_3D('',#12141,#9673,#9674);
#8772=AXIS2_PLACEMENT_3D('',#12181,#9678,#9679);
#8773=AXIS2_PLACEMENT_3D('',#12187,#9680,#9681);
#8774=AXIS2_PLACEMENT_3D('',#12189,#9682,#9683);
#8775=AXIS2_PLACEMENT_3D('',#12199,#9688,#9689);
#8776=AXIS2_PLACEMENT_3D('',#12205,#9690,#9691);
#8777=AXIS2_PLACEMENT_3D('',#12211,#9692,#9693);
#8778=AXIS2_PLACEMENT_3D('',#12213,#9694,#9695);
#8779=AXIS2_PLACEMENT_3D('',#12215,#9696,#9697);
#8780=AXIS2_PLACEMENT_3D('',#12231,#9703,#9704);
#8781=AXIS2_PLACEMENT_3D('',#12233,#9705,#9706);
#8782=AXIS2_PLACEMENT_3D('',#12235,#9707,#9708);
#8783=AXIS2_PLACEMENT_3D('',#12237,#9709,#9710);
#8784=AXIS2_PLACEMENT_3D('',#12243,#9711,#9712);
#8785=AXIS2_PLACEMENT_3D('',#12245,#9713,#9714);
#8786=AXIS2_PLACEMENT_3D('',#12247,#9715,#9716);
#8787=AXIS2_PLACEMENT_3D('',#12249,#9717,#9718);
#8788=AXIS2_PLACEMENT_3D('',#12251,#9719,#9720);
#8789=AXIS2_PLACEMENT_3D('',#12253,#9721,#9722);
#8790=AXIS2_PLACEMENT_3D('',#12255,#9723,#9724);
#8791=AXIS2_PLACEMENT_3D('',#12261,#9725,#9726);
#8792=AXIS2_PLACEMENT_3D('',#12279,#9727,#9728);
#8793=AXIS2_PLACEMENT_3D('',#12281,#9729,#9730);
#8794=AXIS2_PLACEMENT_3D('',#12287,#9731,#9732);
#8795=AXIS2_PLACEMENT_3D('',#12295,#9736,#9737);
#8796=AXIS2_PLACEMENT_3D('',#12301,#9738,#9739);
#8797=AXIS2_PLACEMENT_3D('',#12311,#9740,#9741);
#8798=AXIS2_PLACEMENT_3D('',#12313,#9742,#9743);
#8799=AXIS2_PLACEMENT_3D('',#12318,#9744,#9745);
#8800=AXIS2_PLACEMENT_3D('',#12321,#9746,#9747);
#8801=AXIS2_PLACEMENT_3D('',#12323,#9748,#9749);
#8802=AXIS2_PLACEMENT_3D('',#12325,#9750,#9751);
#8803=AXIS2_PLACEMENT_3D('',#12327,#9752,#9753);
#8804=AXIS2_PLACEMENT_3D('',#12329,#9754,#9755);
#8805=AXIS2_PLACEMENT_3D('',#12331,#9756,#9757);
#8806=AXIS2_PLACEMENT_3D('',#12333,#9758,#9759);
#8807=AXIS2_PLACEMENT_3D('',#12348,#9767,#9768);
#8808=AXIS2_PLACEMENT_3D('',#12357,#9773,#9774);
#8809=AXIS2_PLACEMENT_3D('',#12363,#9778,#9779);
#8810=AXIS2_PLACEMENT_3D('',#12369,#9783,#9784);
#8811=AXIS2_PLACEMENT_3D('',#12375,#9788,#9789);
#8812=AXIS2_PLACEMENT_3D('',#12381,#9793,#9794);
#8813=AXIS2_PLACEMENT_3D('',#12393,#9801,#9802);
#8814=AXIS2_PLACEMENT_3D('',#12395,#9803,#9804);
#8815=AXIS2_PLACEMENT_3D('',#12397,#9805,#9806);
#8816=AXIS2_PLACEMENT_3D('',#12399,#9807,#9808);
#8817=AXIS2_PLACEMENT_3D('',#12401,#9809,#9810);
#8818=AXIS2_PLACEMENT_3D('',#12403,#9811,#9812);
#8819=AXIS2_PLACEMENT_3D('',#12413,#9817,#9818);
#8820=AXIS2_PLACEMENT_3D('',#12417,#9821,#9822);
#8821=AXIS2_PLACEMENT_3D('',#12418,#9823,#9824);
#8822=AXIS2_PLACEMENT_3D('',#12421,#9826,#9827);
#8823=AXIS2_PLACEMENT_3D('',#12427,#9831,#9832);
#8824=AXIS2_PLACEMENT_3D('',#12433,#9836,#9837);
#8825=AXIS2_PLACEMENT_3D('',#12434,#9838,#9839);
#8826=AXIS2_PLACEMENT_3D('',#12436,#9840,#9841);
#8827=AXIS2_PLACEMENT_3D('',#12438,#9842,#9843);
#8828=AXIS2_PLACEMENT_3D('',#12457,#9852,#9853);
#8829=AXIS2_PLACEMENT_3D('',#12491,#9871,#9872);
#8830=AXIS2_PLACEMENT_3D('',#12499,#9876,#9877);
#8831=AXIS2_PLACEMENT_3D('',#12502,#9879,#9880);
#8832=AXIS2_PLACEMENT_3D('',#12503,#9881,#9882);
#8833=AXIS2_PLACEMENT_3D('',#12505,#9883,#9884);
#8834=AXIS2_PLACEMENT_3D('',#12507,#9885,#9886);
#8835=AXIS2_PLACEMENT_3D('',#12514,#9889,#9890);
#8836=AXIS2_PLACEMENT_3D('',#12522,#9894,#9895);
#8837=AXIS2_PLACEMENT_3D('',#12536,#9902,#9903);
#8838=AXIS2_PLACEMENT_3D('',#12546,#9908,#9909);
#8839=AXIS2_PLACEMENT_3D('',#12555,#9915,#9916);
#8840=AXIS2_PLACEMENT_3D('',#12564,#9921,#9922);
#8841=AXIS2_PLACEMENT_3D('',#12565,#9923,#9924);
#8842=AXIS2_PLACEMENT_3D('',#12571,#9928,#9929);
#8843=AXIS2_PLACEMENT_3D('',#12577,#9933,#9934);
#8844=AXIS2_PLACEMENT_3D('',#12586,#9939,#9940);
#8845=AXIS2_PLACEMENT_3D('',#12595,#9945,#9946);
#8846=AXIS2_PLACEMENT_3D('',#12599,#9948,#9949);
#8847=AXIS2_PLACEMENT_3D('',#12603,#9951,#9952);
#8848=AXIS2_PLACEMENT_3D('',#12608,#9955,#9956);
#8849=AXIS2_PLACEMENT_3D('',#12609,#9957,#9958);
#8850=AXIS2_PLACEMENT_3D('',#12611,#9959,#9960);
#8851=AXIS2_PLACEMENT_3D('',#12613,#9961,#9962);
#8852=AXIS2_PLACEMENT_3D('',#12615,#9963,#9964);
#8853=AXIS2_PLACEMENT_3D('',#12617,#9965,#9966);
#8854=AXIS2_PLACEMENT_3D('',#12619,#9967,#9968);
#8855=AXIS2_PLACEMENT_3D('',#12628,#9975,#9976);
#8856=AXIS2_PLACEMENT_3D('',#12630,#9978,#9979);
#8857=AXIS2_PLACEMENT_3D('',#12632,#9981,#9982);
#8858=AXIS2_PLACEMENT_3D('',#12634,#9983,#9984);
#8859=AXIS2_PLACEMENT_3D('',#12636,#9986,#9987);
#8860=AXIS2_PLACEMENT_3D('',#12638,#9989,#9990);
#8861=AXIS2_PLACEMENT_3D('',#12641,#9992,#9993);
#8862=AXIS2_PLACEMENT_3D('',#12642,#9994,#9995);
#8863=AXIS2_PLACEMENT_3D('',#12644,#9996,#9997);
#8864=AXIS2_PLACEMENT_3D('',#12649,#10000,#10001);
#8865=AXIS2_PLACEMENT_3D('',#12655,#10006,#10007);
#8866=AXIS2_PLACEMENT_3D('',#12657,#10009,#10010);
#8867=AXIS2_PLACEMENT_3D('',#12664,#10015,#10016);
#8868=AXIS2_PLACEMENT_3D('',#12668,#10019,#10020);
#8869=AXIS2_PLACEMENT_3D('',#12672,#10023,#10024);
#8870=AXIS2_PLACEMENT_3D('',#12678,#10029,#10030);
#8871=AXIS2_PLACEMENT_3D('',#12680,#10032,#10033);
#8872=AXIS2_PLACEMENT_3D('',#12683,#10036,#10037);
#8873=AXIS2_PLACEMENT_3D('',#12684,#10038,#10039);
#8874=AXIS2_PLACEMENT_3D('',#12686,#10041,#10042);
#8875=AXIS2_PLACEMENT_3D('',#12695,#10048,#10049);
#8876=AXIS2_PLACEMENT_3D('',#12696,#10050,#10051);
#8877=AXIS2_PLACEMENT_3D('',#12698,#10053,#10054);
#8878=AXIS2_PLACEMENT_3D('',#12700,#10056,#10057);
#8879=AXIS2_PLACEMENT_3D('',#12702,#10059,#10060);
#8880=AXIS2_PLACEMENT_3D('',#12703,#10061,#10062);
#8881=AXIS2_PLACEMENT_3D('',#12707,#10065,#10066);
#8882=AXIS2_PLACEMENT_3D('',#12708,#10067,#10068);
#8883=AXIS2_PLACEMENT_3D('',#12709,#10069,#10070);
#8884=AXIS2_PLACEMENT_3D('',#12714,#10073,#10074);
#8885=AXIS2_PLACEMENT_3D('',#12716,#10076,#10077);
#8886=AXIS2_PLACEMENT_3D('',#12718,#10079,#10080);
#8887=AXIS2_PLACEMENT_3D('',#12725,#10082,#10083);
#8888=AXIS2_PLACEMENT_3D('',#12730,#10084,#10085);
#8889=AXIS2_PLACEMENT_3D('',#12731,#10086,#10087);
#8890=AXIS2_PLACEMENT_3D('',#12732,#10088,#10089);
#8891=AXIS2_PLACEMENT_3D('',#12733,#10090,#10091);
#8892=AXIS2_PLACEMENT_3D('',#12734,#10092,#10093);
#8893=AXIS2_PLACEMENT_3D('',#12735,#10094,#10095);
#8894=AXIS2_PLACEMENT_3D('',#12748,#10096,#10097);
#8895=AXIS2_PLACEMENT_3D('',#12749,#10098,#10099);
#8896=AXIS2_PLACEMENT_3D('',#12750,#10100,#10101);
#8897=AXIS2_PLACEMENT_3D('',#12763,#10102,#10103);
#8898=AXIS2_PLACEMENT_3D('',#12764,#10104,#10105);
#8899=AXIS2_PLACEMENT_3D('',#12765,#10106,#10107);
#8900=AXIS2_PLACEMENT_3D('',#12766,#10108,#10109);
#8901=AXIS2_PLACEMENT_3D('',#12767,#10110,#10111);
#8902=AXIS2_PLACEMENT_3D('',#12768,#10112,#10113);
#8903=AXIS2_PLACEMENT_3D('',#12769,#10114,#10115);
#8904=AXIS2_PLACEMENT_3D('',#12770,#10116,#10117);
#8905=AXIS2_PLACEMENT_3D('',#12774,#10120,#10121);
#8906=AXIS2_PLACEMENT_3D('',#12776,#10123,#10124);
#8907=AXIS2_PLACEMENT_3D('',#12777,#10125,#10126);
#8908=AXIS2_PLACEMENT_3D('',#12778,#10127,#10128);
#8909=AXIS2_PLACEMENT_3D('',#12779,#10129,#10130);
#8910=AXIS2_PLACEMENT_3D('',#12780,#10131,#10132);
#8911=AXIS2_PLACEMENT_3D('',#12781,#10133,#10134);
#8912=AXIS2_PLACEMENT_3D('',#12782,#10135,#10136);
#8913=AXIS2_PLACEMENT_3D('',#12783,#10137,#10138);
#8914=AXIS2_PLACEMENT_3D('',#12784,#10139,#10140);
#8915=AXIS2_PLACEMENT_3D('',#12785,#10141,#10142);
#8916=AXIS2_PLACEMENT_3D('',#12786,#10143,#10144);
#8917=AXIS2_PLACEMENT_3D('',#12790,#10147,#10148);
#8918=AXIS2_PLACEMENT_3D('',#12793,#10150,#10151);
#8919=AXIS2_PLACEMENT_3D('',#12794,#10152,#10153);
#8920=AXIS2_PLACEMENT_3D('',#12798,#10156,#10157);
#8921=AXIS2_PLACEMENT_3D('',#12802,#10160,#10161);
#8922=AXIS2_PLACEMENT_3D('',#12814,#10168,#10169);
#8923=AXIS2_PLACEMENT_3D('',#12816,#10171,#10172);
#8924=AXIS2_PLACEMENT_3D('',#12820,#10175,#10176);
#8925=AXIS2_PLACEMENT_3D('',#12824,#10179,#10180);
#8926=AXIS2_PLACEMENT_3D('',#12828,#10183,#10184);
#8927=AXIS2_PLACEMENT_3D('',#12832,#10187,#10188);
#8928=AXIS2_PLACEMENT_3D('',#12834,#10190,#10191);
#8929=AXIS2_PLACEMENT_3D('',#12836,#10193,#10194);
#8930=AXIS2_PLACEMENT_3D('',#12838,#10196,#10197);
#8931=AXIS2_PLACEMENT_3D('',#12840,#10199,#10200);
#8932=AXIS2_PLACEMENT_3D('',#12841,#10201,#10202);
#8933=AXIS2_PLACEMENT_3D('',#12842,#10203,#10204);
#8934=AXIS2_PLACEMENT_3D('',#12843,#10205,#10206);
#8935=AXIS2_PLACEMENT_3D('',#12845,#10207,#10208);
#8936=AXIS2_PLACEMENT_3D('',#12846,#10209,#10210);
#8937=AXIS2_PLACEMENT_3D('',#12847,#10211,#10212);
#8938=AXIS2_PLACEMENT_3D('',#12849,#10213,#10214);
#8939=AXIS2_PLACEMENT_3D('',#12850,#10215,#10216);
#8940=AXIS2_PLACEMENT_3D('',#12851,#10217,#10218);
#8941=AXIS2_PLACEMENT_3D('',#12853,#10219,#10220);
#8942=AXIS2_PLACEMENT_3D('',#12854,#10221,#10222);
#8943=AXIS2_PLACEMENT_3D('',#12855,#10223,#10224);
#8944=AXIS2_PLACEMENT_3D('',#12857,#10225,#10226);
#8945=AXIS2_PLACEMENT_3D('',#12858,#10227,#10228);
#8946=AXIS2_PLACEMENT_3D('',#12859,#10229,#10230);
#8947=AXIS2_PLACEMENT_3D('',#12861,#10231,#10232);
#8948=AXIS2_PLACEMENT_3D('',#12862,#10233,#10234);
#8949=AXIS2_PLACEMENT_3D('',#12863,#10235,#10236);
#8950=AXIS2_PLACEMENT_3D('',#12865,#10237,#10238);
#8951=AXIS2_PLACEMENT_3D('',#12866,#10239,#10240);
#8952=AXIS2_PLACEMENT_3D('',#12872,#10244,#10245);
#8953=AXIS2_PLACEMENT_3D('',#12876,#10248,#10249);
#8954=AXIS2_PLACEMENT_3D('',#12879,#10251,#10252);
#8955=AXIS2_PLACEMENT_3D('',#12880,#10253,#10254);
#8956=AXIS2_PLACEMENT_3D('',#12883,#10256,#10257);
#8957=AXIS2_PLACEMENT_3D('',#12884,#10258,#10259);
#8958=AXIS2_PLACEMENT_3D('',#12887,#10261,#10262);
#8959=AXIS2_PLACEMENT_3D('',#12888,#10263,#10264);
#8960=AXIS2_PLACEMENT_3D('',#12891,#10266,#10267);
#8961=AXIS2_PLACEMENT_3D('',#12918,#10270,#10271);
#8962=AXIS2_PLACEMENT_3D('',#12921,#10273,#10274);
#8963=AXIS2_PLACEMENT_3D('',#12922,#10275,#10276);
#8964=AXIS2_PLACEMENT_3D('',#12925,#10278,#10279);
#8965=AXIS2_PLACEMENT_3D('',#12926,#10280,#10281);
#8966=AXIS2_PLACEMENT_3D('',#12929,#10283,#10284);
#8967=AXIS2_PLACEMENT_3D('',#12943,#10286,#10287);
#8968=AXIS2_PLACEMENT_3D('',#12947,#10290,#10291);
#8969=AXIS2_PLACEMENT_3D('',#12951,#10294,#10295);
#8970=AXIS2_PLACEMENT_3D('',#12955,#10298,#10299);
#8971=AXIS2_PLACEMENT_3D('',#12959,#10302,#10303);
#8972=AXIS2_PLACEMENT_3D('',#12976,#10307,#10308);
#8973=AXIS2_PLACEMENT_3D('',#12979,#10310,#10311);
#8974=AXIS2_PLACEMENT_3D('',#12980,#10312,#10313);
#8975=AXIS2_PLACEMENT_3D('',#12983,#10315,#10316);
#8976=AXIS2_PLACEMENT_3D('',#13036,#10321,#10322);
#8977=AXIS2_PLACEMENT_3D('',#13039,#10324,#10325);
#8978=AXIS2_PLACEMENT_3D('',#13040,#10326,#10327);
#8979=AXIS2_PLACEMENT_3D('',#13042,#10329,#10330);
#8980=AXIS2_PLACEMENT_3D('',#13043,#10331,#10332);
#8981=AXIS2_PLACEMENT_3D('',#13049,#10336,#10337);
#8982=AXIS2_PLACEMENT_3D('',#13052,#10339,#10340);
#8983=AXIS2_PLACEMENT_3D('',#13053,#10341,#10342);
#8984=AXIS2_PLACEMENT_3D('',#13056,#10344,#10345);
#8985=AXIS2_PLACEMENT_3D('',#13057,#10346,#10347);
#8986=AXIS2_PLACEMENT_3D('',#13060,#10349,#10350);
#8987=AXIS2_PLACEMENT_3D('',#13061,#10351,#10352);
#8988=AXIS2_PLACEMENT_3D('',#13064,#10354,#10355);
#8989=AXIS2_PLACEMENT_3D('',#13065,#10356,#10357);
#8990=AXIS2_PLACEMENT_3D('',#13068,#10359,#10360);
#8991=AXIS2_PLACEMENT_3D('',#13069,#10361,#10362);
#8992=AXIS2_PLACEMENT_3D('',#13072,#10364,#10365);
#8993=AXIS2_PLACEMENT_3D('',#13073,#10366,#10367);
#8994=AXIS2_PLACEMENT_3D('',#13076,#10369,#10370);
#8995=AXIS2_PLACEMENT_3D('',#13090,#10372,#10373);
#8996=AXIS2_PLACEMENT_3D('',#13093,#10375,#10376);
#8997=AXIS2_PLACEMENT_3D('',#13094,#10377,#10378);
#8998=AXIS2_PLACEMENT_3D('',#13097,#10380,#10381);
#8999=AXIS2_PLACEMENT_3D('',#13098,#10382,#10383);
#9000=AXIS2_PLACEMENT_3D('',#13101,#10385,#10386);
#9001=AXIS2_PLACEMENT_3D('',#13102,#10387,#10388);
#9002=AXIS2_PLACEMENT_3D('',#13105,#10390,#10391);
#9003=AXIS2_PLACEMENT_3D('',#13106,#10392,#10393);
#9004=AXIS2_PLACEMENT_3D('',#13110,#10396,#10397);
#9005=AXIS2_PLACEMENT_3D('',#13114,#10400,#10401);
#9006=AXIS2_PLACEMENT_3D('',#13118,#10404,#10405);
#9007=AXIS2_PLACEMENT_3D('',#13122,#10408,#10409);
#9008=AXIS2_PLACEMENT_3D('',#13139,#10413,#10414);
#9009=AXIS2_PLACEMENT_3D('',#13142,#10416,#10417);
#9010=AXIS2_PLACEMENT_3D('',#13143,#10418,#10419);
#9011=AXIS2_PLACEMENT_3D('',#13146,#10421,#10422);
#9012=AXIS2_PLACEMENT_3D('',#13147,#10423,#10424);
#9013=AXIS2_PLACEMENT_3D('',#13150,#10426,#10427);
#9014=AXIS2_PLACEMENT_3D('',#13164,#10429,#10430);
#9015=AXIS2_PLACEMENT_3D('',#13167,#10432,#10433);
#9016=AXIS2_PLACEMENT_3D('',#13181,#10435,#10436);
#9017=AXIS2_PLACEMENT_3D('',#13184,#10438,#10439);
#9018=AXIS2_PLACEMENT_3D('',#13185,#10440,#10441);
#9019=AXIS2_PLACEMENT_3D('',#13189,#10444,#10445);
#9020=AXIS2_PLACEMENT_3D('',#13191,#10447,#10448);
#9021=AXIS2_PLACEMENT_3D('',#13207,#10451,#10452);
#9022=AXIS2_PLACEMENT_3D('',#13211,#10455,#10456);
#9023=AXIS2_PLACEMENT_3D('',#13215,#10459,#10460);
#9024=AXIS2_PLACEMENT_3D('',#13219,#10463,#10464);
#9025=AXIS2_PLACEMENT_3D('',#13223,#10467,#10468);
#9026=AXIS2_PLACEMENT_3D('',#13227,#10471,#10472);
#9027=AXIS2_PLACEMENT_3D('',#13231,#10475,#10476);
#9028=AXIS2_PLACEMENT_3D('',#13235,#10479,#10480);
#9029=AXIS2_PLACEMENT_3D('',#13239,#10483,#10484);
#9030=AXIS2_PLACEMENT_3D('',#13243,#10487,#10488);
#9031=AXIS2_PLACEMENT_3D('',#13247,#10491,#10492);
#9032=AXIS2_PLACEMENT_3D('',#13251,#10495,#10496);
#9033=AXIS2_PLACEMENT_3D('',#13254,#10498,#10499);
#9034=AXIS2_PLACEMENT_3D('',#13255,#10500,#10501);
#9035=AXIS2_PLACEMENT_3D('',#13258,#10503,#10504);
#9036=AXIS2_PLACEMENT_3D('',#13259,#10505,#10506);
#9037=AXIS2_PLACEMENT_3D('',#13262,#10508,#10509);
#9038=AXIS2_PLACEMENT_3D('',#13276,#10511,#10512);
#9039=AXIS2_PLACEMENT_3D('',#13279,#10514,#10515);
#9040=AXIS2_PLACEMENT_3D('',#13280,#10516,#10517);
#9041=AXIS2_PLACEMENT_3D('',#13283,#10519,#10520);
#9042=AXIS2_PLACEMENT_3D('',#13284,#10521,#10522);
#9043=AXIS2_PLACEMENT_3D('',#13287,#10524,#10525);
#9044=AXIS2_PLACEMENT_3D('',#13288,#10526,#10527);
#9045=AXIS2_PLACEMENT_3D('',#13291,#10529,#10530);
#9046=AXIS2_PLACEMENT_3D('',#13292,#10531,#10532);
#9047=AXIS2_PLACEMENT_3D('',#13295,#10534,#10535);
#9048=AXIS2_PLACEMENT_3D('',#13296,#10536,#10537);
#9049=AXIS2_PLACEMENT_3D('',#13300,#10540,#10541);
#9050=AXIS2_PLACEMENT_3D('',#13303,#10543,#10544);
#9051=AXIS2_PLACEMENT_3D('',#13304,#10545,#10546);
#9052=AXIS2_PLACEMENT_3D('',#13307,#10548,#10549);
#9053=AXIS2_PLACEMENT_3D('',#13319,#10550,#10551);
#9054=AXIS2_PLACEMENT_3D('',#13335,#10554,#10555);
#9055=AXIS2_PLACEMENT_3D('',#13339,#10558,#10559);
#9056=AXIS2_PLACEMENT_3D('',#13343,#10562,#10563);
#9057=AXIS2_PLACEMENT_3D('',#13347,#10566,#10567);
#9058=AXIS2_PLACEMENT_3D('',#13351,#10570,#10571);
#9059=AXIS2_PLACEMENT_3D('',#13355,#10574,#10575);
#9060=AXIS2_PLACEMENT_3D('',#13359,#10578,#10579);
#9061=AXIS2_PLACEMENT_3D('',#13363,#10582,#10583);
#9062=AXIS2_PLACEMENT_3D('',#13367,#10586,#10587);
#9063=AXIS2_PLACEMENT_3D('',#13371,#10590,#10591);
#9064=AXIS2_PLACEMENT_3D('',#13375,#10594,#10595);
#9065=AXIS2_PLACEMENT_3D('',#13379,#10598,#10599);
#9066=AXIS2_PLACEMENT_3D('',#13382,#10601,#10602);
#9067=AXIS2_PLACEMENT_3D('',#13383,#10603,#10604);
#9068=AXIS2_PLACEMENT_3D('',#13386,#10606,#10607);
#9069=AXIS2_PLACEMENT_3D('',#13387,#10608,#10609);
#9070=AXIS2_PLACEMENT_3D('',#13390,#10611,#10612);
#9071=AXIS2_PLACEMENT_3D('',#13404,#10614,#10615);
#9072=AXIS2_PLACEMENT_3D('',#13407,#10617,#10618);
#9073=AXIS2_PLACEMENT_3D('',#13408,#10619,#10620);
#9074=AXIS2_PLACEMENT_3D('',#13411,#10622,#10623);
#9075=AXIS2_PLACEMENT_3D('',#13412,#10624,#10625);
#9076=AXIS2_PLACEMENT_3D('',#13415,#10627,#10628);
#9077=AXIS2_PLACEMENT_3D('',#13416,#10629,#10630);
#9078=AXIS2_PLACEMENT_3D('',#13419,#10632,#10633);
#9079=AXIS2_PLACEMENT_3D('',#13420,#10634,#10635);
#9080=AXIS2_PLACEMENT_3D('',#13423,#10637,#10638);
#9081=AXIS2_PLACEMENT_3D('',#13424,#10639,#10640);
#9082=AXIS2_PLACEMENT_3D('',#13428,#10643,#10644);
#9083=AXIS2_PLACEMENT_3D('',#13431,#10646,#10647);
#9084=AXIS2_PLACEMENT_3D('',#13432,#10648,#10649);
#9085=AXIS2_PLACEMENT_3D('',#13435,#10651,#10652);
#9086=AXIS2_PLACEMENT_3D('',#13447,#10653,#10654);
#9087=AXIS2_PLACEMENT_3D('',#13468,#10657,#10658);
#9088=AXIS2_PLACEMENT_3D('',#13469,#10659,#10660);
#9089=AXIS2_PLACEMENT_3D('',#13473,#10662,#10663);
#9090=AXIS2_PLACEMENT_3D('',#13525,#10667,#10668);
#9091=AXIS2_PLACEMENT_3D('',#13526,#10669,#10670);
#9092=AXIS2_PLACEMENT_3D('',#13530,#10672,#10673);
#9093=AXIS2_PLACEMENT_3D('',#13531,#10674,#10675);
#9094=AXIS2_PLACEMENT_3D('',#13532,#10676,#10677);
#9095=AXIS2_PLACEMENT_3D('',#13536,#10679,#10680);
#9096=AXIS2_PLACEMENT_3D('',#13554,#10682,#10683);
#9097=AXIS2_PLACEMENT_3D('',#13555,#10684,#10685);
#9098=AXIS2_PLACEMENT_3D('',#13559,#10687,#10688);
#9099=AXIS2_PLACEMENT_3D('',#13560,#10689,#10690);
#9100=AXIS2_PLACEMENT_3D('',#13561,#10691,#10692);
#9101=AXIS2_PLACEMENT_3D('',#13565,#10694,#10695);
#9102=AXIS2_PLACEMENT_3D('',#13583,#10697,#10698);
#9103=AXIS2_PLACEMENT_3D('',#13584,#10699,#10700);
#9104=AXIS2_PLACEMENT_3D('',#13588,#10702,#10703);
#9105=AXIS2_PLACEMENT_3D('',#13589,#10704,#10705);
#9106=AXIS2_PLACEMENT_3D('',#13590,#10706,#10707);
#9107=AXIS2_PLACEMENT_3D('',#13594,#10709,#10710);
#9108=AXIS2_PLACEMENT_3D('',#13595,#10711,#10712);
#9109=AXIS2_PLACEMENT_3D('',#13596,#10713,#10714);
#9110=AXIS2_PLACEMENT_3D('',#13600,#10716,#10717);
#9111=AXIS2_PLACEMENT_3D('',#13601,#10718,#10719);
#9112=AXIS2_PLACEMENT_3D('',#13602,#10720,#10721);
#9113=AXIS2_PLACEMENT_3D('',#13606,#10723,#10724);
#9114=AXIS2_PLACEMENT_3D('',#13607,#10725,#10726);
#9115=AXIS2_PLACEMENT_3D('',#13610,#10728,#10729);
#9116=AXIS2_PLACEMENT_3D('',#13613,#10731,#10732);
#9117=AXIS2_PLACEMENT_3D('',#13617,#10735,#10736);
#9118=AXIS2_PLACEMENT_3D('',#13620,#10738,#10739);
#9119=AXIS2_PLACEMENT_3D('',#13621,#10740,#10741);
#9120=AXIS2_PLACEMENT_3D('',#13624,#10743,#10744);
#9121=AXIS2_PLACEMENT_3D('',#13638,#10746,#10747);
#9122=AXIS2_PLACEMENT_3D('',#13641,#10749,#10750);
#9123=AXIS2_PLACEMENT_3D('',#13668,#10753,#10754);
#9124=AXIS2_PLACEMENT_3D('',#13672,#10757,#10758);
#9125=AXIS2_PLACEMENT_3D('',#13676,#10761,#10762);
#9126=AXIS2_PLACEMENT_3D('',#13758,#10771,#10772);
#9127=AXIS2_PLACEMENT_3D('',#13761,#10774,#10775);
#9128=AXIS2_PLACEMENT_3D('',#13775,#10777,#10778);
#9129=AXIS2_PLACEMENT_3D('',#13778,#10780,#10781);
#9130=AXIS2_PLACEMENT_3D('',#13792,#10783,#10784);
#9131=AXIS2_PLACEMENT_3D('',#13795,#10786,#10787);
#9132=AXIS2_PLACEMENT_3D('',#13835,#10791,#10792);
#9133=AXIS2_PLACEMENT_3D('',#13838,#10794,#10795);
#9134=AXIS2_PLACEMENT_3D('',#13839,#10796,#10797);
#9135=AXIS2_PLACEMENT_3D('',#13842,#10799,#10800);
#9136=AXIS2_PLACEMENT_3D('',#13843,#10801,#10802);
#9137=AXIS2_PLACEMENT_3D('',#13847,#10805,#10806);
#9138=AXIS2_PLACEMENT_3D('',#13877,#10811,#10812);
#9139=AXIS2_PLACEMENT_3D('',#13880,#10814,#10815);
#9140=AXIS2_PLACEMENT_3D('',#13881,#10816,#10817);
#9141=AXIS2_PLACEMENT_3D('',#13884,#10819,#10820);
#9142=AXIS2_PLACEMENT_3D('',#13885,#10821,#10822);
#9143=AXIS2_PLACEMENT_3D('',#13886,#10823,#10824);
#9144=AXIS2_PLACEMENT_3D('',#13901,#10825,#10826);
#9145=AXIS2_PLACEMENT_3D('',#13902,#10827,#10828);
#9146=AXIS2_PLACEMENT_3D('',#13903,#10829,#10830);
#9147=AXIS2_PLACEMENT_3D('',#13908,#10832,#10833);
#9148=AXIS2_PLACEMENT_3D('',#13911,#10835,#10836);
#9149=AXIS2_PLACEMENT_3D('',#13917,#10840,#10841);
#9150=AXIS2_PLACEMENT_3D('',#13918,#10842,#10843);
#9151=AXIS2_PLACEMENT_3D('',#13922,#10845,#10846);
#9152=AXIS2_PLACEMENT_3D('',#13923,#10847,#10848);
#9153=AXIS2_PLACEMENT_3D('',#13924,#10849,#10850);
#9154=AXIS2_PLACEMENT_3D('',#13928,#10852,#10853);
#9155=AXIS2_PLACEMENT_3D('',#13929,#10854,#10855);
#9156=AXIS2_PLACEMENT_3D('',#13930,#10856,#10857);
#9157=AXIS2_PLACEMENT_3D('',#13934,#10859,#10860);
#9158=AXIS2_PLACEMENT_3D('',#13952,#10862,#10863);
#9159=AXIS2_PLACEMENT_3D('',#13953,#10864,#10865);
#9160=AXIS2_PLACEMENT_3D('',#13957,#10867,#10868);
#9161=AXIS2_PLACEMENT_3D('',#13958,#10869,#10870);
#9162=AXIS2_PLACEMENT_3D('',#13959,#10871,#10872);
#9163=AXIS2_PLACEMENT_3D('',#13963,#10874,#10875);
#9164=AXIS2_PLACEMENT_3D('',#13979,#10878,#10879);
#9165=AXIS2_PLACEMENT_3D('',#13982,#10881,#10882);
#9166=AXIS2_PLACEMENT_3D('',#13983,#10883,#10884);
#9167=AXIS2_PLACEMENT_3D('',#13986,#10886,#10887);
#9168=AXIS2_PLACEMENT_3D('',#14039,#10892,#10893);
#9169=AXIS2_PLACEMENT_3D('',#14042,#10895,#10896);
#9170=AXIS2_PLACEMENT_3D('',#14082,#10900,#10901);
#9171=AXIS2_PLACEMENT_3D('',#14086,#10904,#10905);
#9172=AXIS2_PLACEMENT_3D('',#14089,#10907,#10908);
#9173=AXIS2_PLACEMENT_3D('',#14090,#10909,#10910);
#9174=AXIS2_PLACEMENT_3D('',#14093,#10912,#10913);
#9175=AXIS2_PLACEMENT_3D('',#14094,#10914,#10915);
#9176=AXIS2_PLACEMENT_3D('',#14097,#10917,#10918);
#9177=AXIS2_PLACEMENT_3D('',#14098,#10919,#10920);
#9178=AXIS2_PLACEMENT_3D('',#14101,#10922,#10923);
#9179=AXIS2_PLACEMENT_3D('',#14115,#10925,#10926);
#9180=AXIS2_PLACEMENT_3D('',#14118,#10928,#10929);
#9181=AXIS2_PLACEMENT_3D('',#14119,#10930,#10931);
#9182=AXIS2_PLACEMENT_3D('',#14122,#10933,#10934);
#9183=AXIS2_PLACEMENT_3D('',#14136,#10936,#10937);
#9184=AXIS2_PLACEMENT_3D('',#14177,#10942,#10943);
#9185=AXIS2_PLACEMENT_3D('',#14178,#10944,#10945);
#9186=AXIS2_PLACEMENT_3D('',#14179,#10946,#10947);
#9187=AXIS2_PLACEMENT_3D('',#14180,#10948,#10949);
#9188=AXIS2_PLACEMENT_3D('',#14181,#10950,#10951);
#9189=AXIS2_PLACEMENT_3D('',#14187,#10955,#10956);
#9190=AXIS2_PLACEMENT_3D('',#14190,#10958,#10959);
#9191=AXIS2_PLACEMENT_3D('',#14191,#10960,#10961);
#9192=AXIS2_PLACEMENT_3D('',#14194,#10963,#10964);
#9193=AXIS2_PLACEMENT_3D('',#14195,#10965,#10966);
#9194=AXIS2_PLACEMENT_3D('',#14198,#10968,#10969);
#9195=AXIS2_PLACEMENT_3D('',#14199,#10970,#10971);
#9196=AXIS2_PLACEMENT_3D('',#14202,#10973,#10974);
#9197=AXIS2_PLACEMENT_3D('',#14203,#10975,#10976);
#9198=AXIS2_PLACEMENT_3D('',#14206,#10978,#10979);
#9199=AXIS2_PLACEMENT_3D('',#14207,#10980,#10981);
#9200=AXIS2_PLACEMENT_3D('',#14210,#10983,#10984);
#9201=AXIS2_PLACEMENT_3D('',#14211,#10985,#10986);
#9202=AXIS2_PLACEMENT_3D('',#14214,#10988,#10989);
#9203=AXIS2_PLACEMENT_3D('',#14228,#10991,#10992);
#9204=AXIS2_PLACEMENT_3D('',#14231,#10994,#10995);
#9205=AXIS2_PLACEMENT_3D('',#14232,#10996,#10997);
#9206=AXIS2_PLACEMENT_3D('',#14235,#10999,#11000);
#9207=AXIS2_PLACEMENT_3D('',#14236,#11001,#11002);
#9208=AXIS2_PLACEMENT_3D('',#14239,#11004,#11005);
#9209=AXIS2_PLACEMENT_3D('',#14240,#11006,#11007);
#9210=AXIS2_PLACEMENT_3D('',#14243,#11009,#11010);
#9211=AXIS2_PLACEMENT_3D('',#14244,#11011,#11012);
#9212=AXIS2_PLACEMENT_3D('',#14248,#11015,#11016);
#9213=AXIS2_PLACEMENT_3D('',#14252,#11019,#11020);
#9214=AXIS2_PLACEMENT_3D('',#14256,#11023,#11024);
#9215=AXIS2_PLACEMENT_3D('',#14260,#11027,#11028);
#9216=AXIS2_PLACEMENT_3D('',#14277,#11032,#11033);
#9217=AXIS2_PLACEMENT_3D('',#14280,#11035,#11036);
#9218=AXIS2_PLACEMENT_3D('',#14281,#11037,#11038);
#9219=AXIS2_PLACEMENT_3D('',#14284,#11040,#11041);
#9220=AXIS2_PLACEMENT_3D('',#14285,#11042,#11043);
#9221=AXIS2_PLACEMENT_3D('',#14288,#11045,#11046);
#9222=AXIS2_PLACEMENT_3D('',#14302,#11048,#11049);
#9223=AXIS2_PLACEMENT_3D('',#14305,#11051,#11052);
#9224=AXIS2_PLACEMENT_3D('',#14319,#11054,#11055);
#9225=AXIS2_PLACEMENT_3D('',#14322,#11057,#11058);
#9226=AXIS2_PLACEMENT_3D('',#14323,#11059,#11060);
#9227=AXIS2_PLACEMENT_3D('',#14327,#11063,#11064);
#9228=AXIS2_PLACEMENT_3D('',#14329,#11066,#11067);
#9229=AXIS2_PLACEMENT_3D('',#14345,#11070,#11071);
#9230=AXIS2_PLACEMENT_3D('',#14375,#11076,#11077);
#9231=AXIS2_PLACEMENT_3D('',#14378,#11079,#11080);
#9232=AXIS2_PLACEMENT_3D('',#14379,#11081,#11082);
#9233=AXIS2_PLACEMENT_3D('',#14382,#11084,#11085);
#9234=AXIS2_PLACEMENT_3D('',#14383,#11086,#11087);
#9235=AXIS2_PLACEMENT_3D('',#14387,#11090,#11091);
#9236=AXIS2_PLACEMENT_3D('',#14391,#11094,#11095);
#9237=AXIS2_PLACEMENT_3D('',#14395,#11098,#11099);
#9238=AXIS2_PLACEMENT_3D('',#14399,#11102,#11103);
#9239=AXIS2_PLACEMENT_3D('',#14416,#11107,#11108);
#9240=AXIS2_PLACEMENT_3D('',#14417,#11109,#11110);
#9241=AXIS2_PLACEMENT_3D('',#14418,#11111,#11112);
#9242=AXIS2_PLACEMENT_3D('',#14419,#11113,#11114);
#9243=AXIS2_PLACEMENT_3D('',#14420,#11115,#11116);
#9244=AXIS2_PLACEMENT_3D('',#14425,#11118,#11119);
#9245=AXIS2_PLACEMENT_3D('',#14428,#11121,#11122);
#9246=AXIS2_PLACEMENT_3D('',#14434,#11126,#11127);
#9247=AXIS2_PLACEMENT_3D('',#14440,#11131,#11132);
#9248=AXIS2_PLACEMENT_3D('',#14480,#11138,#11139);
#9249=AXIS2_PLACEMENT_3D('',#14481,#11140,#11141);
#9250=AXIS2_PLACEMENT_3D('',#14485,#11143,#11144);
#9251=AXIS2_PLACEMENT_3D('',#14486,#11145,#11146);
#9252=AXIS2_PLACEMENT_3D('',#14487,#11147,#11148);
#9253=AXIS2_PLACEMENT_3D('',#14491,#11150,#11151);
#9254=AXIS2_PLACEMENT_3D('',#14546,#11156,#11157);
#9255=AXIS2_PLACEMENT_3D('',#14552,#11161,#11162);
#9256=AXIS2_PLACEMENT_3D('',#14558,#11166,#11167);
#9257=AXIS2_PLACEMENT_3D('',#14626,#11176,#11177);
#9258=AXIS2_PLACEMENT_3D('',#14629,#11179,#11180);
#9259=AXIS2_PLACEMENT_3D('',#14630,#11181,#11182);
#9260=AXIS2_PLACEMENT_3D('',#14633,#11184,#11185);
#9261=AXIS2_PLACEMENT_3D('',#14660,#11188,#11189);
#9262=AXIS2_PLACEMENT_3D('',#14663,#11191,#11192);
#9263=AXIS2_PLACEMENT_3D('',#14677,#11194,#11195);
#9264=AXIS2_PLACEMENT_3D('',#14680,#11197,#11198);
#9265=AXIS2_PLACEMENT_3D('',#14681,#11199,#11200);
#9266=AXIS2_PLACEMENT_3D('',#14685,#11203,#11204);
#9267=AXIS2_PLACEMENT_3D('',#14689,#11207,#11208);
#9268=AXIS2_PLACEMENT_3D('',#14693,#11211,#11212);
#9269=AXIS2_PLACEMENT_3D('',#14696,#11214,#11215);
#9270=AXIS2_PLACEMENT_3D('',#14710,#11217,#11218);
#9271=AXIS2_PLACEMENT_3D('',#14713,#11220,#11221);
#9272=AXIS2_PLACEMENT_3D('',#14714,#11222,#11223);
#9273=AXIS2_PLACEMENT_3D('',#14717,#11225,#11226);
#9274=AXIS2_PLACEMENT_3D('',#14784,#11231,#11232);
#9275=AXIS2_PLACEMENT_3D('',#14785,#11233,#11234);
#9276=AXIS2_PLACEMENT_3D('',#14786,#11235,#11236);
#9277=AXIS2_PLACEMENT_3D('',#14787,#11237,#11238);
#9278=AXIS2_PLACEMENT_3D('',#14788,#11239,#11240);
#9279=AXIS2_PLACEMENT_3D('',#14789,#11241,#11242);
#9280=AXIS2_PLACEMENT_3D('',#14790,#11243,#11244);
#9281=AXIS2_PLACEMENT_3D('',#14791,#11245,#11246);
#9282=AXIS2_PLACEMENT_3D('',#14794,#11248,#11249);
#9283=AXIS2_PLACEMENT_3D('',#14810,#11252,#11253);
#9284=AXIS2_PLACEMENT_3D('',#14813,#11255,#11256);
#9285=AXIS2_PLACEMENT_3D('',#14814,#11257,#11258);
#9286=AXIS2_PLACEMENT_3D('',#14817,#11260,#11261);
#9287=AXIS2_PLACEMENT_3D('',#14818,#11262,#11263);
#9288=AXIS2_PLACEMENT_3D('',#14821,#11265,#11266);
#9289=AXIS2_PLACEMENT_3D('',#14861,#11270,#11271);
#9290=AXIS2_PLACEMENT_3D('',#14864,#11273,#11274);
#9291=AXIS2_PLACEMENT_3D('',#14865,#11275,#11276);
#9292=AXIS2_PLACEMENT_3D('',#14868,#11278,#11279);
#9293=AXIS2_PLACEMENT_3D('',#14869,#11280,#11281);
#9294=AXIS2_PLACEMENT_3D('',#14872,#11283,#11284);
#9295=AXIS2_PLACEMENT_3D('',#14912,#11288,#11289);
#9296=AXIS2_PLACEMENT_3D('',#14915,#11291,#11292);
#9297=AXIS2_PLACEMENT_3D('',#14929,#11294,#11295);
#9298=AXIS2_PLACEMENT_3D('',#14932,#11297,#11298);
#9299=AXIS2_PLACEMENT_3D('',#14933,#11299,#11300);
#9300=AXIS2_PLACEMENT_3D('',#14937,#11303,#11304);
#9301=AXIS2_PLACEMENT_3D('',#14940,#11306,#11307);
#9302=AXIS2_PLACEMENT_3D('',#14954,#11309,#11310);
#9303=AXIS2_PLACEMENT_3D('',#14957,#11312,#11313);
#9304=AXIS2_PLACEMENT_3D('',#14958,#11314,#11315);
#9305=AXIS2_PLACEMENT_3D('',#14961,#11317,#11318);
#9306=AXIS2_PLACEMENT_3D('',#14975,#11320,#11321);
#9307=AXIS2_PLACEMENT_3D('',#14978,#11323,#11324);
#9308=AXIS2_PLACEMENT_3D('',#15005,#11327,#11328);
#9309=AXIS2_PLACEMENT_3D('',#15008,#11330,#11331);
#9310=AXIS2_PLACEMENT_3D('',#15009,#11332,#11333);
#9311=AXIS2_PLACEMENT_3D('',#15012,#11335,#11336);
#9312=AXIS2_PLACEMENT_3D('',#15013,#11337,#11338);
#9313=AXIS2_PLACEMENT_3D('',#15016,#11340,#11341);
#9314=AXIS2_PLACEMENT_3D('',#15069,#11346,#11347);
#9315=AXIS2_PLACEMENT_3D('',#15072,#11349,#11350);
#9316=AXIS2_PLACEMENT_3D('',#15073,#11351,#11352);
#9317=AXIS2_PLACEMENT_3D('',#15076,#11354,#11355);
#9318=AXIS2_PLACEMENT_3D('',#15077,#11356,#11357);
#9319=AXIS2_PLACEMENT_3D('',#15080,#11359,#11360);
#9320=AXIS2_PLACEMENT_3D('',#15094,#11362,#11363);
#9321=AXIS2_PLACEMENT_3D('',#15098,#11366,#11367);
#9322=AXIS2_PLACEMENT_3D('',#15101,#11369,#11370);
#9323=AXIS2_PLACEMENT_3D('',#15102,#11371,#11372);
#9324=AXIS2_PLACEMENT_3D('',#15105,#11374,#11375);
#9325=AXIS2_PLACEMENT_3D('',#15106,#11376,#11377);
#9326=AXIS2_PLACEMENT_3D('',#15109,#11379,#11380);
#9327=AXIS2_PLACEMENT_3D('',#15110,#11381,#11382);
#9328=AXIS2_PLACEMENT_3D('',#15113,#11384,#11385);
#9329=AXIS2_PLACEMENT_3D('',#15140,#11388,#11389);
#9330=AXIS2_PLACEMENT_3D('',#15141,#11390,#11391);
#9331=AXIS2_PLACEMENT_3D('',#15142,#11392,#11393);
#9332=AXIS2_PLACEMENT_3D('',#15143,#11394,#11395);
#9333=AXIS2_PLACEMENT_3D('',#15144,#11396,#11397);
#9334=AXIS2_PLACEMENT_3D('',#15145,#11398,#11399);
#9335=AXIS2_PLACEMENT_3D('',#15146,#11400,#11401);
#9336=AXIS2_PLACEMENT_3D('',#15149,#11403,#11404);
#9337=AXIS2_PLACEMENT_3D('',#15152,#11406,#11407);
#9338=AXIS2_PLACEMENT_3D('',#15155,#11409,#11410);
#9339=AXIS2_PLACEMENT_3D('',#15156,#11411,#11412);
#9340=AXIS2_PLACEMENT_3D('',#15159,#11414,#11415);
#9341=AXIS2_PLACEMENT_3D('',#15160,#11416,#11417);
#9342=AXIS2_PLACEMENT_3D('',#15163,#11419,#11420);
#9343=AXIS2_PLACEMENT_3D('',#15164,#11421,#11422);
#9344=AXIS2_PLACEMENT_3D('',#15167,#11424,#11425);
#9345=AXIS2_PLACEMENT_3D('',#15168,#11426,#11427);
#9346=AXIS2_PLACEMENT_3D('',#15171,#11429,#11430);
#9347=AXIS2_PLACEMENT_3D('',#15172,#11431,#11432);
#9348=AXIS2_PLACEMENT_3D('',#15175,#11434,#11435);
#9349=AXIS2_PLACEMENT_3D('',#15176,#11436,#11437);
#9350=AXIS2_PLACEMENT_3D('',#15177,#11438,#11439);
#9351=AXIS2_PLACEMENT_3D('',#15178,#11440,#11441);
#9352=AXIS2_PLACEMENT_3D('',#15179,#11442,#11443);
#9353=AXIS2_PLACEMENT_3D('',#15185,#11447,#11448);
#9354=AXIS2_PLACEMENT_3D('',#15189,#11451,#11452);
#9355=AXIS2_PLACEMENT_3D('',#15193,#11455,#11456);
#9356=AXIS2_PLACEMENT_3D('',#15197,#11459,#11460);
#9357=AXIS2_PLACEMENT_3D('',#15201,#11463,#11464);
#9358=AXIS2_PLACEMENT_3D('',#15205,#11467,#11468);
#9359=AXIS2_PLACEMENT_3D('',#15207,#11470,#11471);
#9360=AXIS2_PLACEMENT_3D('',#15208,#11472,#11473);
#9361=AXIS2_PLACEMENT_3D('',#15214,#11477,#11478);
#9362=AXIS2_PLACEMENT_3D('',#15218,#11481,#11482);
#9363=AXIS2_PLACEMENT_3D('',#15222,#11485,#11486);
#9364=AXIS2_PLACEMENT_3D('',#15226,#11489,#11490);
#9365=AXIS2_PLACEMENT_3D('',#15230,#11493,#11494);
#9366=AXIS2_PLACEMENT_3D('',#15234,#11497,#11498);
#9367=AXIS2_PLACEMENT_3D('',#15236,#11500,#11501);
#9368=AXIS2_PLACEMENT_3D('',#15237,#11502,#11503);
#9369=AXIS2_PLACEMENT_3D('',#15239,#11505,#11506);
#9370=AXIS2_PLACEMENT_3D('',#15240,#11507,#11508);
#9371=AXIS2_PLACEMENT_3D('',#15241,#11509,#11510);
#9372=AXIS2_PLACEMENT_3D('',#15243,#11511,#11512);
#9373=AXIS2_PLACEMENT_3D('',#15244,#11513,#11514);
#9374=AXIS2_PLACEMENT_3D('',#15246,#11516,#11517);
#9375=AXIS2_PLACEMENT_3D('',#15247,#11518,#11519);
#9376=AXIS2_PLACEMENT_3D('',#15248,#11520,#11521);
#9377=DIRECTION('',(0.,0.,1.));
#9378=DIRECTION('',(1.,0.,0.));
#9379=DIRECTION('',(1.,0.,0.));
#9380=DIRECTION('',(0.,0.,-1.));
#9381=DIRECTION('',(0.,0.,-1.));
#9382=DIRECTION('',(0.,-1.,0.));
#9383=DIRECTION('',(1.,0.,0.));
#9384=DIRECTION('',(0.,0.,-1.));
#9385=DIRECTION('',(1.,0.,0.));
#9386=DIRECTION('',(0.,0.,-1.));
#9387=DIRECTION('',(0.,-1.,0.));
#9388=DIRECTION('',(0.,0.,-1.));
#9389=DIRECTION('',(0.,-1.,0.));
#9390=DIRECTION('',(0.,0.,1.));
#9391=DIRECTION('',(1.,0.,0.));
#9392=DIRECTION('',(0.,-1.,0.));
#9393=DIRECTION('',(1.,0.,0.));
#9394=DIRECTION('',(1.,0.,0.));
#9395=DIRECTION('',(-1.,0.,0.));
#9396=DIRECTION('',(0.,0.,1.));
#9397=DIRECTION('',(0.,-1.,0.));
#9398=DIRECTION('',(0.,0.,-1.));
#9399=DIRECTION('',(0.,0.,-1.));
#9400=DIRECTION('',(0.,1.,0.));
#9401=DIRECTION('',(-1.,0.,0.));
#9402=DIRECTION('',(0.,0.,1.));
#9403=DIRECTION('',(-1.,0.,0.));
#9404=DIRECTION('',(0.,0.,1.));
#9405=DIRECTION('',(3.46944695195362E-16,-1.,0.));
#9406=DIRECTION('',(1.,3.46944695195362E-16,0.));
#9407=DIRECTION('',(0.,0.,-1.));
#9408=DIRECTION('',(-1.,-3.46944695195362E-16,0.));
#9409=DIRECTION('',(0.,0.,-1.));
#9410=DIRECTION('',(3.46944695195362E-16,-1.,0.));
#9411=DIRECTION('',(1.,3.46944695195362E-16,0.));
#9412=DIRECTION('',(1.,0.,0.));
#9413=DIRECTION('',(0.,0.,1.));
#9414=DIRECTION('',(1.,0.,0.));
#9415=DIRECTION('',(-1.,0.,0.));
#9416=DIRECTION('',(0.,-1.,0.));
#9417=DIRECTION('',(0.,-1.,0.));
#9418=DIRECTION('',(0.,0.,1.));
#9419=DIRECTION('',(1.,0.,0.));
#9420=DIRECTION('',(-0.866025403784443,0.499999999999993,0.));
#9421=DIRECTION('',(-0.5,-0.866025403784438,0.));
#9422=DIRECTION('',(-0.258819045102519,0.965925826289069,0.));
#9423=DIRECTION('',(-0.965925826289068,-0.258819045102523,0.));
#9424=DIRECTION('',(0.259232340080558,-0.965814989455205,0.));
#9425=DIRECTION('',(0.866025403784443,-0.499999999999993,0.));
#9426=DIRECTION('',(0.5,0.86602540378444,0.));
#9427=DIRECTION('',(0.,0.,-1.));
#9428=DIRECTION('',(-1.,0.,0.));
#9429=DIRECTION('',(0.,0.,-1.));
#9430=DIRECTION('',(-1.,0.,0.));
#9431=DIRECTION('',(0.,0.,-1.));
#9432=DIRECTION('',(-1.,0.,0.));
#9433=DIRECTION('',(0.,0.,-1.));
#9434=DIRECTION('',(-1.,0.,0.));
#9435=DIRECTION('',(0.,0.,-1.));
#9436=DIRECTION('',(-1.,0.,0.));
#9437=DIRECTION('',(0.,0.,-1.));
#9438=DIRECTION('',(-1.,0.,0.));
#9439=DIRECTION('',(0.238285782045857,-0.97119508136872,0.));
#9440=DIRECTION('',(0.,0.,-1.));
#9441=DIRECTION('',(-1.,0.,0.));
#9442=DIRECTION('',(0.,0.,-1.));
#9443=DIRECTION('',(-1.,0.,0.));
#9444=DIRECTION('',(0.,0.,-1.));
#9445=DIRECTION('',(-1.,0.,0.));
#9446=DIRECTION('',(0.,0.,-1.));
#9447=DIRECTION('',(-1.,0.,0.));
#9448=DIRECTION('',(0.,0.,-1.));
#9449=DIRECTION('',(-1.,0.,0.));
#9450=DIRECTION('',(0.,0.,-1.));
#9451=DIRECTION('',(-1.,0.,0.));
#9452=DIRECTION('',(0.,0.,-1.));
#9453=DIRECTION('',(-1.,0.,0.));
#9454=DIRECTION('',(0.,0.,-1.));
#9455=DIRECTION('',(-1.,0.,0.));
#9456=DIRECTION('',(0.,0.,-1.));
#9457=DIRECTION('',(-1.,0.,0.));
#9458=DIRECTION('',(0.,0.,-1.));
#9459=DIRECTION('',(-1.,0.,0.));
#9460=DIRECTION('',(-0.458951123919625,0.88846151624756,0.));
#9461=DIRECTION('',(0.,0.,-1.));
#9462=DIRECTION('',(-1.,0.,0.));
#9463=DIRECTION('',(0.,0.,-1.));
#9464=DIRECTION('',(-1.,0.,0.));
#9465=DIRECTION('',(0.,0.,-1.));
#9466=DIRECTION('',(-1.,0.,0.));
#9467=DIRECTION('',(0.,0.,-1.));
#9468=DIRECTION('',(-1.,0.,0.));
#9469=DIRECTION('',(0.,0.,-1.));
#9470=DIRECTION('',(-1.,0.,0.));
#9471=DIRECTION('',(0.,0.,-1.));
#9472=DIRECTION('',(-1.,0.,0.));
#9473=DIRECTION('',(0.,0.,-1.));
#9474=DIRECTION('',(-1.,0.,0.));
#9475=DIRECTION('',(0.,0.,-1.));
#9476=DIRECTION('',(-1.,0.,0.));
#9477=DIRECTION('',(0.,0.,-1.));
#9478=DIRECTION('',(-1.,0.,0.));
#9479=DIRECTION('',(0.,1.,0.));
#9480=DIRECTION('',(-1.,0.,0.));
#9481=DIRECTION('',(0.,-1.,0.));
#9482=DIRECTION('',(1.,0.,0.));
#9483=DIRECTION('',(0.218357398523753,0.975868867476537,0.));
#9484=DIRECTION('',(0.,0.,-1.));
#9485=DIRECTION('',(-1.,0.,0.));
#9486=DIRECTION('',(0.,0.,-1.));
#9487=DIRECTION('',(-1.,0.,0.));
#9488=DIRECTION('',(0.,1.,0.));
#9489=DIRECTION('',(-1.,0.,0.));
#9490=DIRECTION('',(0.,0.,-1.));
#9491=DIRECTION('',(-1.,0.,0.));
#9492=DIRECTION('',(0.,0.,-1.));
#9493=DIRECTION('',(-1.,0.,0.));
#9494=DIRECTION('',(0.,0.,-1.));
#9495=DIRECTION('',(-1.,0.,0.));
#9496=DIRECTION('',(0.,0.,-1.));
#9497=DIRECTION('',(-1.,0.,0.));
#9498=DIRECTION('',(0.,0.,-1.));
#9499=DIRECTION('',(-1.,0.,0.));
#9500=DIRECTION('',(0.,0.,-1.));
#9501=DIRECTION('',(-1.,0.,0.));
#9502=DIRECTION('',(0.548700023492193,0.836019308520842,0.));
#9503=DIRECTION('',(0.,0.,-1.));
#9504=DIRECTION('',(-1.,0.,0.));
#9505=DIRECTION('',(0.,0.,-1.));
#9506=DIRECTION('',(-1.,0.,0.));
#9507=DIRECTION('',(0.,0.,-1.));
#9508=DIRECTION('',(-1.,0.,0.));
#9509=DIRECTION('',(0.,0.,-1.));
#9510=DIRECTION('',(-1.,0.,0.));
#9511=DIRECTION('',(0.,0.,-1.));
#9512=DIRECTION('',(-1.,0.,0.));
#9513=DIRECTION('',(0.,1.,0.));
#9514=DIRECTION('',(0.,0.,-1.));
#9515=DIRECTION('',(-1.,0.,0.));
#9516=DIRECTION('',(0.,0.,-1.));
#9517=DIRECTION('',(-1.,0.,0.));
#9518=DIRECTION('',(0.,0.,-1.));
#9519=DIRECTION('',(-1.,0.,0.));
#9520=DIRECTION('',(0.,0.,-1.));
#9521=DIRECTION('',(-1.,0.,0.));
#9522=DIRECTION('',(0.,0.,-1.));
#9523=DIRECTION('',(-1.,0.,0.));
#9524=DIRECTION('',(0.,0.,-1.));
#9525=DIRECTION('',(-1.,0.,0.));
#9526=DIRECTION('',(0.,0.,-1.));
#9527=DIRECTION('',(-1.,0.,0.));
#9528=DIRECTION('',(0.,0.,-1.));
#9529=DIRECTION('',(-1.,0.,0.));
#9530=DIRECTION('',(0.,-1.,0.));
#9531=DIRECTION('',(-1.,0.,0.));
#9532=DIRECTION('',(0.,-1.,0.));
#9533=DIRECTION('',(1.,0.,0.));
#9534=DIRECTION('',(0.,-1.,0.));
#9535=DIRECTION('',(1.,0.,0.));
#9536=DIRECTION('',(0.,1.,0.));
#9537=DIRECTION('',(1.,0.,0.));
#9538=DIRECTION('',(0.,1.,0.));
#9539=DIRECTION('',(-1.,0.,0.));
#9540=DIRECTION('',(0.,1.,0.));
#9541=DIRECTION('',(0.,-1.,0.));
#9542=DIRECTION('',(1.,0.,0.));
#9543=DIRECTION('',(0.,1.,0.));
#9544=DIRECTION('',(0.,0.,-1.));
#9545=DIRECTION('',(-1.,0.,0.));
#9546=DIRECTION('',(0.,0.,-1.));
#9547=DIRECTION('',(-1.,0.,0.));
#9548=DIRECTION('',(0.,0.,-1.));
#9549=DIRECTION('',(-1.,0.,0.));
#9550=DIRECTION('',(0.,0.,-1.));
#9551=DIRECTION('',(-1.,0.,0.));
#9552=DIRECTION('',(0.,0.,-1.));
#9553=DIRECTION('',(-1.,0.,0.));
#9554=DIRECTION('',(0.,-1.,0.));
#9555=DIRECTION('',(1.,0.,0.));
#9556=DIRECTION('',(0.,1.,0.));
#9557=DIRECTION('',(-1.,0.,0.));
#9558=DIRECTION('',(-0.217784431389451,-0.975996896226814,0.));
#9559=DIRECTION('',(0.,0.,-1.));
#9560=DIRECTION('',(-1.,0.,0.));
#9561=DIRECTION('',(0.,0.,-1.));
#9562=DIRECTION('',(-1.,0.,0.));
#9563=DIRECTION('',(0.,0.,-1.));
#9564=DIRECTION('',(-1.,0.,0.));
#9565=DIRECTION('',(0.,0.,-1.));
#9566=DIRECTION('',(-1.,0.,0.));
#9567=DIRECTION('',(0.,0.,-1.));
#9568=DIRECTION('',(-1.,0.,0.));
#9569=DIRECTION('',(0.,0.,-1.));
#9570=DIRECTION('',(-1.,0.,0.));
#9571=DIRECTION('',(0.,0.,-1.));
#9572=DIRECTION('',(-1.,0.,0.));
#9573=DIRECTION('',(0.,0.,-1.));
#9574=DIRECTION('',(-1.,0.,0.));
#9575=DIRECTION('',(0.,0.,-1.));
#9576=DIRECTION('',(-1.,0.,0.));
#9577=DIRECTION('',(0.,0.,-1.));
#9578=DIRECTION('',(-1.,0.,0.));
#9579=DIRECTION('',(0.,0.,-1.));
#9580=DIRECTION('',(-1.,0.,0.));
#9581=DIRECTION('',(-2.04085114820801E-16,1.,0.));
#9582=DIRECTION('',(-1.,0.,0.));
#9583=DIRECTION('',(0.996917333733128,-0.0784590957278419,0.));
#9584=DIRECTION('',(-0.987688340595138,0.156434465040231,0.));
#9585=DIRECTION('',(0.942641491092178,-0.333806859233772,0.));
#9586=DIRECTION('',(-0.866025403784438,0.5,0.));
#9587=DIRECTION('',(0.5,0.86602540378444,0.));
#9588=DIRECTION('',(-0.866025403784439,0.5,0.));
#9589=DIRECTION('',(0.,0.,1.));
#9590=DIRECTION('',(1.,0.,0.));
#9591=DIRECTION('',(0.,0.,1.));
#9592=DIRECTION('',(1.,0.,0.));
#9593=DIRECTION('',(0.987688340595138,-0.156434465040227,0.));
#9594=DIRECTION('',(-1.,0.,0.));
#9595=DIRECTION('',(-1.,0.,0.));
#9596=DIRECTION('',(0.,-1.,0.));
#9597=DIRECTION('',(0.,0.,-1.));
#9598=DIRECTION('',(-1.,0.,0.));
#9599=DIRECTION('',(0.,0.,-1.));
#9600=DIRECTION('',(-1.,0.,0.));
#9601=DIRECTION('',(0.,0.,-1.));
#9602=DIRECTION('',(-1.,0.,0.));
#9603=DIRECTION('',(0.,1.,0.));
#9604=DIRECTION('',(-1.,0.,0.));
#9605=DIRECTION('',(0.,-1.,0.));
#9606=DIRECTION('',(1.,0.,0.));
#9607=DIRECTION('',(0.,1.,0.));
#9608=DIRECTION('',(0.,0.,-1.));
#9609=DIRECTION('',(-1.,0.,0.));
#9610=DIRECTION('',(0.,0.,-1.));
#9611=DIRECTION('',(-1.,0.,0.));
#9612=DIRECTION('',(0.,0.,-1.));
#9613=DIRECTION('',(-1.,0.,0.));
#9614=DIRECTION('',(0.,0.,-1.));
#9615=DIRECTION('',(-1.,0.,0.));
#9616=DIRECTION('',(0.,0.,-1.));
#9617=DIRECTION('',(-1.,0.,0.));
#9618=DIRECTION('',(0.,0.,-1.));
#9619=DIRECTION('',(-1.,0.,0.));
#9620=DIRECTION('',(0.,0.,-1.));
#9621=DIRECTION('',(-1.,0.,0.));
#9622=DIRECTION('',(0.,1.,0.));
#9623=DIRECTION('',(0.,0.,-1.));
#9624=DIRECTION('',(-1.,0.,0.));
#9625=DIRECTION('',(0.,0.,-1.));
#9626=DIRECTION('',(-1.,0.,0.));
#9627=DIRECTION('',(0.,1.,0.));
#9628=DIRECTION('',(0.,0.,-1.));
#9629=DIRECTION('',(-1.,0.,0.));
#9630=DIRECTION('',(0.,0.,-1.));
#9631=DIRECTION('',(-1.,0.,0.));
#9632=DIRECTION('',(0.,0.,-1.));
#9633=DIRECTION('',(-1.,0.,0.));
#9634=DIRECTION('',(0.,0.,-1.));
#9635=DIRECTION('',(-1.,0.,0.));
#9636=DIRECTION('',(0.,0.,-1.));
#9637=DIRECTION('',(-1.,0.,0.));
#9638=DIRECTION('',(0.,0.,-1.));
#9639=DIRECTION('',(-1.,0.,0.));
#9640=DIRECTION('',(0.,0.,-1.));
#9641=DIRECTION('',(-1.,0.,0.));
#9642=DIRECTION('',(0.,0.,-1.));
#9643=DIRECTION('',(-1.,0.,0.));
#9644=DIRECTION('',(0.,-1.,0.));
#9645=DIRECTION('',(-1.,0.,0.));
#9646=DIRECTION('',(0.,-1.,0.));
#9647=DIRECTION('',(1.,0.,0.));
#9648=DIRECTION('',(0.,-1.,0.));
#9649=DIRECTION('',(1.,0.,0.));
#9650=DIRECTION('',(0.,1.,0.));
#9651=DIRECTION('',(1.,0.,0.));
#9652=DIRECTION('',(0.,1.,0.));
#9653=DIRECTION('',(-1.,0.,0.));
#9654=DIRECTION('',(0.,1.,0.));
#9655=DIRECTION('',(0.,0.,-1.));
#9656=DIRECTION('',(-1.,0.,0.));
#9657=DIRECTION('',(0.,0.,-1.));
#9658=DIRECTION('',(-1.,0.,0.));
#9659=DIRECTION('',(0.,0.,-1.));
#9660=DIRECTION('',(-1.,0.,0.));
#9661=DIRECTION('',(0.,0.,-1.));
#9662=DIRECTION('',(-1.,0.,0.));
#9663=DIRECTION('',(0.,-1.,0.));
#9664=DIRECTION('',(0.220260871434584,-0.97544100206772,0.));
#9665=DIRECTION('',(0.,0.,-1.));
#9666=DIRECTION('',(-1.,0.,0.));
#9667=DIRECTION('',(0.,0.,-1.));
#9668=DIRECTION('',(-1.,0.,0.));
#9669=DIRECTION('',(0.,0.,-1.));
#9670=DIRECTION('',(-1.,0.,0.));
#9671=DIRECTION('',(0.,0.,-1.));
#9672=DIRECTION('',(-1.,0.,0.));
#9673=DIRECTION('',(0.,0.,-1.));
#9674=DIRECTION('',(-1.,0.,0.));
#9675=DIRECTION('',(0.224459655550562,-0.974483382634165,0.));
#9676=DIRECTION('',(1.,0.,0.));
#9677=DIRECTION('',(-0.00198581168735329,0.999998028274027,0.));
#9678=DIRECTION('',(0.,0.,-1.));
#9679=DIRECTION('',(-1.,0.,0.));
#9680=DIRECTION('',(0.,0.,-1.));
#9681=DIRECTION('',(-1.,0.,0.));
#9682=DIRECTION('',(0.,0.,-1.));
#9683=DIRECTION('',(-1.,0.,0.));
#9684=DIRECTION('',(0.711163518086163,-0.7030266357282,0.));
#9685=DIRECTION('',(0.,-1.,0.));
#9686=DIRECTION('',(1.,0.,0.));
#9687=DIRECTION('',(0.,1.,0.));
#9688=DIRECTION('',(0.,0.,-1.));
#9689=DIRECTION('',(-1.,0.,0.));
#9690=DIRECTION('',(0.,0.,-1.));
#9691=DIRECTION('',(-1.,0.,0.));
#9692=DIRECTION('',(0.,0.,-1.));
#9693=DIRECTION('',(-1.,0.,0.));
#9694=DIRECTION('',(0.,0.,-1.));
#9695=DIRECTION('',(-1.,0.,0.));
#9696=DIRECTION('',(0.,0.,-1.));
#9697=DIRECTION('',(-1.,0.,0.));
#9698=DIRECTION('',(0.,-1.,0.));
#9699=DIRECTION('',(1.,0.,0.));
#9700=DIRECTION('',(0.,1.,0.));
#9701=DIRECTION('',(-1.,0.,0.));
#9702=DIRECTION('',(-0.217784431389451,-0.975996896226814,0.));
#9703=DIRECTION('',(0.,0.,-1.));
#9704=DIRECTION('',(-1.,0.,0.));
#9705=DIRECTION('',(0.,0.,-1.));
#9706=DIRECTION('',(-1.,0.,0.));
#9707=DIRECTION('',(0.,0.,-1.));
#9708=DIRECTION('',(-1.,0.,0.));
#9709=DIRECTION('',(0.,0.,-1.));
#9710=DIRECTION('',(-1.,0.,0.));
#9711=DIRECTION('',(0.,0.,-1.));
#9712=DIRECTION('',(-1.,0.,0.));
#9713=DIRECTION('',(0.,0.,-1.));
#9714=DIRECTION('',(-1.,0.,0.));
#9715=DIRECTION('',(0.,0.,-1.));
#9716=DIRECTION('',(-1.,0.,0.));
#9717=DIRECTION('',(0.,0.,-1.));
#9718=DIRECTION('',(-1.,0.,0.));
#9719=DIRECTION('',(0.,0.,-1.));
#9720=DIRECTION('',(-1.,0.,0.));
#9721=DIRECTION('',(0.,0.,-1.));
#9722=DIRECTION('',(-1.,0.,0.));
#9723=DIRECTION('',(0.,0.,-1.));
#9724=DIRECTION('',(-1.,0.,0.));
#9725=DIRECTION('',(0.,0.,-1.));
#9726=DIRECTION('',(-1.,0.,0.));
#9727=DIRECTION('',(0.,0.,-1.));
#9728=DIRECTION('',(-1.,0.,0.));
#9729=DIRECTION('',(0.,0.,-1.));
#9730=DIRECTION('',(-1.,0.,0.));
#9731=DIRECTION('',(0.,0.,-1.));
#9732=DIRECTION('',(-1.,0.,0.));
#9733=DIRECTION('',(-1.,0.,0.));
#9734=DIRECTION('',(0.,-1.,0.));
#9735=DIRECTION('',(1.,0.,0.));
#9736=DIRECTION('',(0.,0.,-1.));
#9737=DIRECTION('',(-1.,0.,0.));
#9738=DIRECTION('',(0.,0.,-1.));
#9739=DIRECTION('',(-1.,0.,0.));
#9740=DIRECTION('',(0.,0.,-1.));
#9741=DIRECTION('',(-1.,0.,0.));
#9742=DIRECTION('',(0.,0.,-1.));
#9743=DIRECTION('',(-1.,0.,0.));
#9744=DIRECTION('',(0.,0.,-1.));
#9745=DIRECTION('',(-1.,0.,0.));
#9746=DIRECTION('',(0.,0.,-1.));
#9747=DIRECTION('',(-1.,0.,0.));
#9748=DIRECTION('',(0.,0.,-1.));
#9749=DIRECTION('',(-1.,0.,0.));
#9750=DIRECTION('',(0.,0.,-1.));
#9751=DIRECTION('',(-1.,0.,0.));
#9752=DIRECTION('',(0.,0.,-1.));
#9753=DIRECTION('',(-1.,0.,0.));
#9754=DIRECTION('',(0.,0.,-1.));
#9755=DIRECTION('',(-1.,0.,0.));
#9756=DIRECTION('',(0.,0.,-1.));
#9757=DIRECTION('',(-1.,0.,0.));
#9758=DIRECTION('',(0.,0.,-1.));
#9759=DIRECTION('',(-1.,0.,0.));
#9760=DIRECTION('',(-0.733390456466819,-0.679807648061855,0.));
#9761=DIRECTION('',(0.866025403784435,-0.500000000000007,0.));
#9762=DIRECTION('',(0.707753942615618,0.70645902691667,0.));
#9763=DIRECTION('',(-0.24391033703491,-0.969797786905866,0.));
#9764=DIRECTION('',(0.866025403784441,-0.5,0.));
#9765=DIRECTION('',(0.208810390829182,0.977956144559542,0.));
#9766=DIRECTION('',(-0.866025403784438,0.5,0.));
#9767=DIRECTION('',(0.,-1.,0.));
#9768=DIRECTION('',(0.,0.,-1.));
#9769=DIRECTION('',(-1.,0.,0.));
#9770=DIRECTION('',(0.,0.,-1.));
#9771=DIRECTION('',(-1.,0.,0.));
#9772=DIRECTION('',(0.,0.,-1.));
#9773=DIRECTION('',(0.333806859233772,0.942641491092178,0.));
#9774=DIRECTION('',(-0.942641491092178,0.333806859233772,0.));
#9775=DIRECTION('',(0.,0.,-1.));
#9776=DIRECTION('',(0.942641491092179,-0.33380685923377,0.));
#9777=DIRECTION('',(0.,0.,-1.));
#9778=DIRECTION('',(0.0784590957278419,0.996917333733128,0.));
#9779=DIRECTION('',(-0.996917333733128,0.0784590957278419,0.));
#9780=DIRECTION('',(0.,0.,-1.));
#9781=DIRECTION('',(0.996917333733128,-0.0784590957278441,0.));
#9782=DIRECTION('',(0.,0.,-1.));
#9783=DIRECTION('',(-0.5,-0.866025403784439,0.));
#9784=DIRECTION('',(0.866025403784439,-0.5,0.));
#9785=DIRECTION('',(0.,0.,-1.));
#9786=DIRECTION('',(-0.866025403784439,0.5,0.));
#9787=DIRECTION('',(0.,0.,1.));
#9788=DIRECTION('',(0.,-1.,0.));
#9789=DIRECTION('',(0.,0.,-1.));
#9790=DIRECTION('',(0.,0.,-1.));
#9791=DIRECTION('',(-1.,0.,0.));
#9792=DIRECTION('',(0.,0.,-1.));
#9793=DIRECTION('',(-1.,-2.04085114820801E-16,0.));
#9794=DIRECTION('',(2.04085114820801E-16,-1.,0.));
#9795=DIRECTION('',(0.,0.,-1.));
#9796=DIRECTION('',(-1.56125112837913E-15,1.,0.));
#9797=DIRECTION('',(0.,0.,-1.));
#9798=DIRECTION('',(-2.04085114820801E-16,1.,0.));
#9799=DIRECTION('',(0.,0.,-1.));
#9800=DIRECTION('',(-2.04085114820801E-16,1.,0.));
#9801=DIRECTION('',(-1.,-2.04085114820801E-16,0.));
#9802=DIRECTION('',(2.04085114820801E-16,-1.,0.));
#9803=DIRECTION('',(-1.,-2.04085114820801E-16,0.));
#9804=DIRECTION('',(2.04085114820801E-16,-1.,0.));
#9805=DIRECTION('',(-1.,-2.04085114820801E-16,0.));
#9806=DIRECTION('',(2.04085114820801E-16,-1.,0.));
#9807=DIRECTION('',(-1.,-2.04085114820801E-16,0.));
#9808=DIRECTION('',(2.04085114820801E-16,-1.,0.));
#9809=DIRECTION('',(-1.,-2.04085114820801E-16,0.));
#9810=DIRECTION('',(2.04085114820801E-16,-1.,0.));
#9811=DIRECTION('',(-1.,-2.04085114820801E-16,0.));
#9812=DIRECTION('',(2.04085114820801E-16,-1.,0.));
#9813=DIRECTION('',(0.,1.,0.));
#9814=DIRECTION('',(0.,0.,-1.));
#9815=DIRECTION('',(0.,1.,0.));
#9816=DIRECTION('',(0.,0.,-1.));
#9817=DIRECTION('',(0.156434465040227,0.987688340595138,0.));
#9818=DIRECTION('',(-0.987688340595138,0.156434465040227,0.));
#9819=DIRECTION('',(0.987688340595138,-0.156434465040227,0.));
#9820=DIRECTION('',(0.,0.,-1.));
#9821=DIRECTION('',(0.,0.,-1.));
#9822=DIRECTION('',(-1.,0.,0.));
#9823=DIRECTION('',(0.,0.,1.));
#9824=DIRECTION('',(1.,0.,0.));
#9825=DIRECTION('',(0.,0.,-1.));
#9826=DIRECTION('',(0.,1.,0.));
#9827=DIRECTION('',(0.,0.,1.));
#9828=DIRECTION('',(1.,0.,0.));
#9829=DIRECTION('',(0.,0.,-1.));
#9830=DIRECTION('',(-1.,0.,0.));
#9831=DIRECTION('',(0.,1.,0.));
#9832=DIRECTION('',(0.,0.,1.));
#9833=DIRECTION('',(1.,0.,0.));
#9834=DIRECTION('',(1.,0.,0.));
#9835=DIRECTION('',(0.,0.,-1.));
#9836=DIRECTION('',(0.,0.,1.));
#9837=DIRECTION('',(1.,0.,0.));
#9838=DIRECTION('',(0.,0.,1.));
#9839=DIRECTION('',(1.,0.,0.));
#9840=DIRECTION('',(0.,0.,1.));
#9841=DIRECTION('',(1.,0.,0.));
#9842=DIRECTION('',(0.,0.,1.));
#9843=DIRECTION('',(1.,0.,0.));
#9844=DIRECTION('',(0.866025403784439,-0.5,0.));
#9845=DIRECTION('',(0.942641491092179,-0.33380685923377,0.));
#9846=DIRECTION('',(0.987688340595139,-0.156434465040226,0.));
#9847=DIRECTION('',(0.996917333733128,-0.0784590957278441,0.));
#9848=DIRECTION('',(1.,5.98875974014764E-17,0.));
#9849=DIRECTION('',(-1.61081465626418E-15,1.,0.));
#9850=DIRECTION('',(1.,0.,0.));
#9851=DIRECTION('',(1.,0.,0.));
#9852=DIRECTION('',(0.,0.,1.));
#9853=DIRECTION('',(1.,0.,0.));
#9854=DIRECTION('',(0.,-1.,0.));
#9855=DIRECTION('',(1.,0.,0.));
#9856=DIRECTION('',(1.,0.,0.));
#9857=DIRECTION('',(1.,3.46944695195362E-16,0.));
#9858=DIRECTION('',(0.,1.,0.));
#9859=DIRECTION('',(-1.,-3.46944695195362E-16,0.));
#9860=DIRECTION('',(-0.97218375567819,-0.234219438124697,0.));
#9861=DIRECTION('',(-0.156434465040231,-0.987688340595138,0.));
#9862=DIRECTION('',(0.987688340595138,-0.156434465040231,0.));
#9863=DIRECTION('',(0.15643446504023,0.987688340595138,0.));
#9864=DIRECTION('',(0.996055481687562,-0.0887326174535506,0.));
#9865=DIRECTION('',(0.866025403784439,-0.5,0.));
#9866=DIRECTION('',(0.5,0.866025403784439,0.));
#9867=DIRECTION('',(-0.866025403784439,0.5,0.));
#9868=DIRECTION('',(0.5,0.866025403784439,0.));
#9869=DIRECTION('',(-0.866025403784439,0.5,0.));
#9870=DIRECTION('',(-0.5,-0.866025403784439,0.));
#9871=DIRECTION('',(0.,0.,1.));
#9872=DIRECTION('',(1.,0.,0.));
#9873=DIRECTION('',(0.866025403784439,-0.5,0.));
#9874=DIRECTION('',(-0.5,-0.866025403784439,0.));
#9875=DIRECTION('',(0.866025403784439,-0.5,0.));
#9876=DIRECTION('',(0.,0.,1.));
#9877=DIRECTION('',(1.,0.,0.));
#9878=DIRECTION('',(0.5,0.86602540378444,0.));
#9879=DIRECTION('',(0.,0.,1.));
#9880=DIRECTION('',(1.,0.,0.));
#9881=DIRECTION('',(0.,0.,1.));
#9882=DIRECTION('',(1.,0.,0.));
#9883=DIRECTION('',(0.,0.,1.));
#9884=DIRECTION('',(1.,0.,0.));
#9885=DIRECTION('',(0.,0.,1.));
#9886=DIRECTION('',(1.,0.,0.));
#9887=DIRECTION('',(-0.866025403784439,0.5,0.));
#9888=DIRECTION('',(-0.5,-0.86602540378444,0.));
#9889=DIRECTION('',(0.,0.,1.));
#9890=DIRECTION('',(1.,0.,0.));
#9891=DIRECTION('',(0.866025403784439,-0.5,0.));
#9892=DIRECTION('',(0.5,0.866025403784439,0.));
#9893=DIRECTION('',(-0.866025403784439,0.5,0.));
#9894=DIRECTION('',(0.,0.,1.));
#9895=DIRECTION('',(1.,0.,0.));
#9896=DIRECTION('',(0.5,0.866025403784441,0.));
#9897=DIRECTION('',(0.86602540378444,-0.5,0.));
#9898=DIRECTION('',(-0.5,-0.866025403784439,0.));
#9899=DIRECTION('',(-0.866025403784439,0.5,0.));
#9900=DIRECTION('',(0.5,0.866025403784439,0.));
#9901=DIRECTION('',(0.632076704286365,-0.774905826470861,0.));
#9902=DIRECTION('',(0.,0.,1.));
#9903=DIRECTION('',(1.,0.,0.));
#9904=DIRECTION('',(-0.15643446504023,-0.987688340595138,0.));
#9905=DIRECTION('',(0.987688340595138,-0.156434465040229,0.));
#9906=DIRECTION('',(0.15643446504023,0.987688340595138,0.));
#9907=DIRECTION('',(0.751548431192325,-0.659677918057255,0.));
#9908=DIRECTION('',(0.,0.,1.));
#9909=DIRECTION('',(1.,0.,0.));
#9910=DIRECTION('',(0.,1.,0.));
#9911=DIRECTION('',(1.,3.46944695195362E-16,0.));
#9912=DIRECTION('',(1.,0.,0.));
#9913=DIRECTION('',(1.,0.,0.));
#9914=DIRECTION('',(0.,1.,0.));
#9915=DIRECTION('',(0.,0.,1.));
#9916=DIRECTION('',(1.,0.,0.));
#9917=DIRECTION('',(1.,0.,0.));
#9918=DIRECTION('',(-1.23908819712629E-16,1.,0.));
#9919=DIRECTION('',(-1.,0.,0.));
#9920=DIRECTION('',(0.987688340595139,-0.156434465040224,0.));
#9921=DIRECTION('',(0.,0.,1.));
#9922=DIRECTION('',(1.,0.,0.));
#9923=DIRECTION('',(-0.5,-0.866025403784439,0.));
#9924=DIRECTION('',(0.866025403784439,-0.5,0.));
#9925=DIRECTION('',(0.,0.,-1.));
#9926=DIRECTION('',(0.866025403784439,-0.5,0.));
#9927=DIRECTION('',(0.,0.,-1.));
#9928=DIRECTION('',(0.5,0.86602540378444,0.));
#9929=DIRECTION('',(-0.86602540378444,0.5,0.));
#9930=DIRECTION('',(0.,0.,-1.));
#9931=DIRECTION('',(-0.866025403784439,0.5,0.));
#9932=DIRECTION('',(0.,0.,-1.));
#9933=DIRECTION('',(0.,0.,1.));
#9934=DIRECTION('',(1.,0.,0.));
#9935=DIRECTION('',(-0.866025403784439,0.5,0.));
#9936=DIRECTION('',(0.5,0.866025403784439,0.));
#9937=DIRECTION('',(-0.866025403784439,0.5,0.));
#9938=DIRECTION('',(0.5,0.866025403784439,0.));
#9939=DIRECTION('',(0.,0.,1.));
#9940=DIRECTION('',(1.,0.,0.));
#9941=DIRECTION('',(0.987688340595138,-0.156434465040229,0.));
#9942=DIRECTION('',(0.15643446504023,0.987688340595138,0.));
#9943=DIRECTION('',(0.987688340595138,-0.156434465040231,0.));
#9944=DIRECTION('',(-0.156434465040231,-0.987688340595138,0.));
#9945=DIRECTION('',(0.,0.,1.));
#9946=DIRECTION('',(1.,0.,0.));
#9947=DIRECTION('',(1.,0.,0.));
#9948=DIRECTION('',(0.,0.,1.));
#9949=DIRECTION('',(1.,0.,0.));
#9950=DIRECTION('',(0.,1.,0.));
#9951=DIRECTION('',(0.,0.,1.));
#9952=DIRECTION('',(1.,0.,0.));
#9953=DIRECTION('',(1.,0.,0.));
#9954=DIRECTION('',(9.91270557701033E-17,-1.,0.));
#9955=DIRECTION('',(1.,0.,0.));
#9956=DIRECTION('',(0.,0.,-1.));
#9957=DIRECTION('',(-1.,-2.04085114820801E-16,0.));
#9958=DIRECTION('',(2.04085114820801E-16,-1.,0.));
#9959=DIRECTION('',(-1.,-2.04085114820801E-16,0.));
#9960=DIRECTION('',(2.04085114820801E-16,-1.,0.));
#9961=DIRECTION('',(-1.,-2.04085114820801E-16,0.));
#9962=DIRECTION('',(2.04085114820801E-16,-1.,0.));
#9963=DIRECTION('',(-1.,-2.04085114820801E-16,0.));
#9964=DIRECTION('',(2.04085114820801E-16,-1.,0.));
#9965=DIRECTION('',(-1.,-2.04085114820801E-16,0.));
#9966=DIRECTION('',(2.04085114820801E-16,-1.,0.));
#9967=DIRECTION('',(-1.,-2.04085114820801E-16,0.));
#9968=DIRECTION('',(2.04085114820801E-16,-1.,0.));
#9969=DIRECTION('',(0.,-1.,0.));
#9970=DIRECTION('',(0.,-1.,0.));
#9971=DIRECTION('',(0.,0.,-1.));
#9972=DIRECTION('',(0.,0.,-1.));
#9973=DIRECTION('',(0.,0.,-1.));
#9974=DIRECTION('',(9.91270557701033E-17,-1.,0.));
#9975=DIRECTION('',(0.,1.,0.));
#9976=DIRECTION('',(0.,0.,1.));
#9977=DIRECTION('',(0.,0.,-1.));
#9978=DIRECTION('',(1.,0.,0.));
#9979=DIRECTION('',(0.,0.,-1.));
#9980=DIRECTION('',(0.,0.,-1.));
#9981=DIRECTION('',(1.,0.,0.));
#9982=DIRECTION('',(0.,0.,-1.));
#9983=DIRECTION('',(1.,0.,0.));
#9984=DIRECTION('',(0.,0.,-1.));
#9985=DIRECTION('',(0.,0.,-1.));
#9986=DIRECTION('',(3.46944695195362E-16,-1.,0.));
#9987=DIRECTION('',(1.,3.46944695195362E-16,0.));
#9988=DIRECTION('',(0.,0.,-1.));
#9989=DIRECTION('',(3.46944695195362E-16,-1.,0.));
#9990=DIRECTION('',(1.,3.46944695195362E-16,0.));
#9991=DIRECTION('',(0.,0.,-1.));
#9992=DIRECTION('',(0.234219438124697,-0.97218375567819,0.));
#9993=DIRECTION('',(0.97218375567819,0.234219438124697,0.));
#9994=DIRECTION('',(0.234219438124697,-0.97218375567819,0.));
#9995=DIRECTION('',(0.97218375567819,0.234219438124697,0.));
#9996=DIRECTION('',(0.234219438124697,-0.97218375567819,0.));
#9997=DIRECTION('',(0.97218375567819,0.234219438124697,0.));
#9998=DIRECTION('',(-0.97218375567819,-0.234219438124697,0.));
#9999=DIRECTION('',(0.,0.,-1.));
#10000=DIRECTION('',(0.987688340595138,-0.156434465040231,0.));
#10001=DIRECTION('',(0.156434465040231,0.987688340595138,0.));
#10002=DIRECTION('',(0.,0.,-1.));
#10003=DIRECTION('',(-0.156434465040231,-0.987688340595138,0.));
#10004=DIRECTION('',(0.,0.,-1.));
#10005=DIRECTION('',(0.,0.,-1.));
#10006=DIRECTION('',(0.156434465040231,0.987688340595138,0.));
#10007=DIRECTION('',(-0.987688340595138,0.156434465040231,0.));
#10008=DIRECTION('',(0.,0.,-1.));
#10009=DIRECTION('',(-0.987688340595138,0.15643446504023,0.));
#10010=DIRECTION('',(-0.15643446504023,-0.987688340595138,0.));
#10011=DIRECTION('',(0.,0.,-1.));
#10012=DIRECTION('',(0.,0.,-1.));
#10013=DIRECTION('',(0.156434465040231,0.987688340595138,0.));
#10014=DIRECTION('',(0.,0.,-1.));
#10015=DIRECTION('',(0.0887326174535506,0.996055481687562,0.));
#10016=DIRECTION('',(-0.996055481687562,0.0887326174535506,0.));
#10017=DIRECTION('',(0.996055481687562,-0.0887326174535506,0.));
#10018=DIRECTION('',(0.,0.,-1.));
#10019=DIRECTION('',(0.5,0.866025403784439,0.));
#10020=DIRECTION('',(-0.866025403784439,0.5,0.));
#10021=DIRECTION('',(0.866025403784439,-0.5,0.));
#10022=DIRECTION('',(0.,0.,-1.));
#10023=DIRECTION('',(-0.866025403784439,0.5,0.));
#10024=DIRECTION('',(-0.5,-0.866025403784439,0.));
#10025=DIRECTION('',(-0.5,-0.86602540378444,0.));
#10026=DIRECTION('',(0.,0.,-1.));
#10027=DIRECTION('',(0.,0.,-1.));
#10028=DIRECTION('',(0.,0.,-1.));
#10029=DIRECTION('',(-0.5,-0.866025403784439,0.));
#10030=DIRECTION('',(0.866025403784439,-0.5,0.));
#10031=DIRECTION('',(0.,0.,-1.));
#10032=DIRECTION('',(-0.866025403784439,0.5,0.));
#10033=DIRECTION('',(-0.5,-0.866025403784439,0.));
#10034=DIRECTION('',(0.,0.,-1.));
#10035=DIRECTION('',(0.5,0.866025403784439,0.));
#10036=DIRECTION('',(0.866025403784439,-0.5,0.));
#10037=DIRECTION('',(0.5,0.866025403784439,0.));
#10038=DIRECTION('',(0.866025403784439,-0.5,0.));
#10039=DIRECTION('',(0.5,0.866025403784439,0.));
#10040=DIRECTION('',(-0.5,-0.866025403784439,0.));
#10041=DIRECTION('',(-0.86602540378444,0.5,0.));
#10042=DIRECTION('',(-0.5,-0.86602540378444,0.));
#10043=DIRECTION('',(0.,0.,1.));
#10044=DIRECTION('',(-0.5,-0.86602540378444,0.));
#10045=DIRECTION('',(0.,0.,-1.));
#10046=DIRECTION('',(0.5,0.866025403784438,0.));
#10047=DIRECTION('',(0.,0.,1.));
#10048=DIRECTION('',(-0.86602540378444,0.5,0.));
#10049=DIRECTION('',(-0.5,-0.86602540378444,0.));
#10050=DIRECTION('',(-0.5,-0.866025403784438,0.));
#10051=DIRECTION('',(0.866025403784438,-0.5,0.));
#10052=DIRECTION('',(0.866025403784439,-0.5,0.));
#10053=DIRECTION('',(-0.156434465040231,-0.987688340595138,0.));
#10054=DIRECTION('',(0.987688340595138,-0.156434465040231,0.));
#10055=DIRECTION('',(0.987688340595138,-0.156434465040226,0.));
#10056=DIRECTION('',(0.,-1.,0.));
#10057=DIRECTION('',(0.,0.,-1.));
#10058=DIRECTION('',(1.,6.17320854190311E-17,0.));
#10059=DIRECTION('',(-0.5,-0.866025403784439,0.));
#10060=DIRECTION('',(0.866025403784439,-0.5,0.));
#10061=DIRECTION('',(0.774905826470861,0.632076704286365,0.));
#10062=DIRECTION('',(-0.632076704286365,0.774905826470861,0.));
#10063=DIRECTION('',(0.632076704286365,-0.774905826470861,0.));
#10064=DIRECTION('',(0.,0.,-1.));
#10065=DIRECTION('',(0.156434465040229,0.987688340595138,0.));
#10066=DIRECTION('',(-0.987688340595138,0.156434465040229,0.));
#10067=DIRECTION('',(0.659677918057255,0.751548431192325,0.));
#10068=DIRECTION('',(-0.751548431192325,0.659677918057255,0.));
#10069=DIRECTION('',(0.659677918057255,0.751548431192325,0.));
#10070=DIRECTION('',(-0.751548431192325,0.659677918057255,0.));
#10071=DIRECTION('',(0.,0.,-1.));
#10072=DIRECTION('',(0.751548431192325,-0.659677918057255,0.));
#10073=DIRECTION('',(0.,1.,0.));
#10074=DIRECTION('',(0.,0.,1.));
#10075=DIRECTION('',(0.,0.,-1.));
#10076=DIRECTION('',(0.,0.,1.));
#10077=DIRECTION('',(1.,0.,0.));
#10078=DIRECTION('',(0.,1.,0.));
#10079=DIRECTION('',(0.,1.,0.));
#10080=DIRECTION('',(0.,0.,1.));
#10081=DIRECTION('',(0.,1.,0.));
#10082=DIRECTION('',(0.,1.,0.));
#10083=DIRECTION('',(0.,0.,1.));
#10084=DIRECTION('',(0.,0.,1.));
#10085=DIRECTION('',(1.,0.,0.));
#10086=DIRECTION('',(0.,0.,1.));
#10087=DIRECTION('',(1.,0.,0.));
#10088=DIRECTION('',(0.,0.,1.));
#10089=DIRECTION('',(1.,0.,0.));
#10090=DIRECTION('',(0.,0.,1.));
#10091=DIRECTION('',(1.,0.,0.));
#10092=DIRECTION('',(0.,0.,1.));
#10093=DIRECTION('',(1.,0.,0.));
#10094=DIRECTION('',(0.866025403784439,-0.5,0.));
#10095=DIRECTION('',(0.5,0.866025403784439,0.));
#10096=DIRECTION('',(-0.86602540378444,0.5,0.));
#10097=DIRECTION('',(-0.5,-0.86602540378444,0.));
#10098=DIRECTION('',(0.866025403784439,-0.5,0.));
#10099=DIRECTION('',(0.5,0.866025403784439,0.));
#10100=DIRECTION('',(0.866025403784439,-0.5,0.));
#10101=DIRECTION('',(0.5,0.866025403784439,0.));
#10102=DIRECTION('',(0.866025403784439,-0.5,0.));
#10103=DIRECTION('',(0.5,0.866025403784439,0.));
#10104=DIRECTION('',(0.866025403784439,-0.5,0.));
#10105=DIRECTION('',(0.5,0.866025403784439,0.));
#10106=DIRECTION('',(0.866025403784439,-0.5,0.));
#10107=DIRECTION('',(0.5,0.866025403784439,0.));
#10108=DIRECTION('',(0.,0.,-1.));
#10109=DIRECTION('',(-1.,0.,0.));
#10110=DIRECTION('',(0.,0.,1.));
#10111=DIRECTION('',(1.,0.,0.));
#10112=DIRECTION('',(-0.86602540378444,0.5,0.));
#10113=DIRECTION('',(-0.5,-0.86602540378444,0.));
#10114=DIRECTION('',(0.,0.,1.));
#10115=DIRECTION('',(1.,0.,0.));
#10116=DIRECTION('',(0.,0.,1.));
#10117=DIRECTION('',(1.,0.,0.));
#10118=DIRECTION('',(-2.04085114820801E-16,1.,0.));
#10119=DIRECTION('',(1.,0.,0.));
#10120=DIRECTION('',(0.,1.,0.));
#10121=DIRECTION('',(0.,0.,1.));
#10122=DIRECTION('',(0.,0.,-1.));
#10123=DIRECTION('',(0.,0.,1.));
#10124=DIRECTION('',(1.,0.,0.));
#10125=DIRECTION('',(-1.,-2.04085114820801E-16,0.));
#10126=DIRECTION('',(2.04085114820801E-16,-1.,0.));
#10127=DIRECTION('',(-1.,-2.04085114820801E-16,0.));
#10128=DIRECTION('',(2.04085114820801E-16,-1.,0.));
#10129=DIRECTION('',(-1.,-2.04085114820801E-16,0.));
#10130=DIRECTION('',(2.04085114820801E-16,-1.,0.));
#10131=DIRECTION('',(-1.,-2.04085114820801E-16,0.));
#10132=DIRECTION('',(2.04085114820801E-16,-1.,0.));
#10133=DIRECTION('',(-1.,-2.04085114820801E-16,0.));
#10134=DIRECTION('',(2.04085114820801E-16,-1.,0.));
#10135=DIRECTION('',(-1.,-2.04085114820801E-16,0.));
#10136=DIRECTION('',(2.04085114820801E-16,-1.,0.));
#10137=DIRECTION('',(0.,0.,-1.));
#10138=DIRECTION('',(-1.,0.,0.));
#10139=DIRECTION('',(0.,0.,1.));
#10140=DIRECTION('',(1.,0.,0.));
#10141=DIRECTION('',(0.866025403784439,-0.5,0.));
#10142=DIRECTION('',(0.5,0.866025403784439,0.));
#10143=DIRECTION('',(0.5,0.866025403784439,0.));
#10144=DIRECTION('',(-0.866025403784439,0.5,0.));
#10145=DIRECTION('',(0.,0.,1.));
#10146=DIRECTION('',(-0.866025403784439,0.5,0.));
#10147=DIRECTION('',(0.,0.,1.));
#10148=DIRECTION('',(1.,0.,0.));
#10149=DIRECTION('',(0.,0.,1.));
#10150=DIRECTION('',(0.,0.,1.));
#10151=DIRECTION('',(1.,0.,0.));
#10152=DIRECTION('',(-0.156434465040224,-0.987688340595139,0.));
#10153=DIRECTION('',(0.987688340595139,-0.156434465040224,0.));
#10154=DIRECTION('',(0.,0.,1.));
#10155=DIRECTION('',(0.987688340595139,-0.156434465040224,0.));
#10156=DIRECTION('',(0.,1.,0.));
#10157=DIRECTION('',(0.,0.,1.));
#10158=DIRECTION('',(0.,0.,1.));
#10159=DIRECTION('',(-1.,0.,0.));
#10160=DIRECTION('',(1.,1.23908819712629E-16,0.));
#10161=DIRECTION('',(-1.23908819712629E-16,1.,0.));
#10162=DIRECTION('',(0.,0.,1.));
#10163=DIRECTION('',(-1.61081465626418E-15,1.,0.));
#10164=DIRECTION('',(0.,0.,-1.));
#10165=DIRECTION('',(-2.04085114820801E-16,1.,0.));
#10166=DIRECTION('',(0.,0.,-1.));
#10167=DIRECTION('',(-1.23908819712629E-16,1.,0.));
#10168=DIRECTION('',(0.,0.,1.));
#10169=DIRECTION('',(1.,0.,0.));
#10170=DIRECTION('',(-1.,-2.04085114820801E-16,0.));
#10171=DIRECTION('',(-0.5,-0.866025403784439,0.));
#10172=DIRECTION('',(0.866025403784439,-0.5,0.));
#10173=DIRECTION('',(0.866025403784439,-0.5,0.));
#10174=DIRECTION('',(0.,0.,1.));
#10175=DIRECTION('',(5.98875974014764E-17,-1.,0.));
#10176=DIRECTION('',(1.,5.98875974014764E-17,0.));
#10177=DIRECTION('',(0.,0.,1.));
#10178=DIRECTION('',(1.,5.98875974014764E-17,0.));
#10179=DIRECTION('',(-0.0784590957278441,-0.996917333733128,0.));
#10180=DIRECTION('',(0.996917333733128,-0.0784590957278441,0.));
#10181=DIRECTION('',(0.,0.,1.));
#10182=DIRECTION('',(0.996917333733128,-0.0784590957278441,0.));
#10183=DIRECTION('',(-0.156434465040226,-0.987688340595138,0.));
#10184=DIRECTION('',(0.987688340595139,-0.156434465040226,0.));
#10185=DIRECTION('',(0.,0.,1.));
#10186=DIRECTION('',(0.987688340595139,-0.156434465040226,0.));
#10187=DIRECTION('',(-0.33380685923377,-0.942641491092179,0.));
#10188=DIRECTION('',(0.942641491092179,-0.33380685923377,0.));
#10189=DIRECTION('',(0.942641491092179,-0.33380685923377,0.));
#10190=DIRECTION('',(0.,0.,1.));
#10191=DIRECTION('',(1.,0.,0.));
#10192=DIRECTION('',(-1.,-2.04085114820801E-16,0.));
#10193=DIRECTION('',(-2.04085114820801E-16,1.,0.));
#10194=DIRECTION('',(-1.,-2.04085114820801E-16,0.));
#10195=DIRECTION('',(-1.,-2.04085114820801E-16,0.));
#10196=DIRECTION('',(0.,0.,1.));
#10197=DIRECTION('',(1.,0.,0.));
#10198=DIRECTION('',(-1.,-2.04085114820801E-16,0.));
#10199=DIRECTION('',(-2.04085114820801E-16,1.,0.));
#10200=DIRECTION('',(-1.,-2.04085114820801E-16,0.));
#10201=DIRECTION('',(0.,0.,-1.));
#10202=DIRECTION('',(-1.,0.,0.));
#10203=DIRECTION('',(0.,0.,1.));
#10204=DIRECTION('',(1.,0.,0.));
#10205=DIRECTION('',(0.,0.,1.));
#10206=DIRECTION('',(1.,0.,0.));
#10207=DIRECTION('',(0.,0.,1.));
#10208=DIRECTION('',(1.,0.,0.));
#10209=DIRECTION('',(0.,0.,1.));
#10210=DIRECTION('',(1.,0.,0.));
#10211=DIRECTION('',(0.,0.,1.));
#10212=DIRECTION('',(1.,0.,0.));
#10213=DIRECTION('',(0.,0.,1.));
#10214=DIRECTION('',(1.,0.,0.));
#10215=DIRECTION('',(0.,0.,1.));
#10216=DIRECTION('',(1.,0.,0.));
#10217=DIRECTION('',(0.,0.,1.));
#10218=DIRECTION('',(1.,0.,0.));
#10219=DIRECTION('',(0.,0.,1.));
#10220=DIRECTION('',(1.,0.,0.));
#10221=DIRECTION('',(0.,0.,1.));
#10222=DIRECTION('',(1.,0.,0.));
#10223=DIRECTION('',(0.,0.,1.));
#10224=DIRECTION('',(1.,0.,0.));
#10225=DIRECTION('',(0.,0.,1.));
#10226=DIRECTION('',(1.,0.,0.));
#10227=DIRECTION('',(0.,0.,1.));
#10228=DIRECTION('',(1.,0.,0.));
#10229=DIRECTION('',(0.,0.,1.));
#10230=DIRECTION('',(1.,0.,0.));
#10231=DIRECTION('',(0.,0.,1.));
#10232=DIRECTION('',(1.,0.,0.));
#10233=DIRECTION('',(0.,0.,1.));
#10234=DIRECTION('',(1.,0.,0.));
#10235=DIRECTION('',(0.,0.,1.));
#10236=DIRECTION('',(1.,0.,0.));
#10237=DIRECTION('',(0.,0.,1.));
#10238=DIRECTION('',(1.,0.,0.));
#10239=DIRECTION('',(0.,-1.,0.));
#10240=DIRECTION('',(0.,0.,-1.));
#10241=DIRECTION('',(0.,0.,-1.));
#10242=DIRECTION('',(-1.,0.,0.));
#10243=DIRECTION('',(0.,0.,-1.));
#10244=DIRECTION('',(-1.,0.,0.));
#10245=DIRECTION('',(0.,0.,1.));
#10246=DIRECTION('',(0.,0.,-1.));
#10247=DIRECTION('',(0.,1.,0.));
#10248=DIRECTION('',(0.,0.,-1.));
#10249=DIRECTION('',(0.999811111798726,-0.0194355530869641,0.));
#10250=DIRECTION('',(0.,0.,-1.));
#10251=DIRECTION('',(0.,0.,-1.));
#10252=DIRECTION('',(-1.,0.,0.));
#10253=DIRECTION('',(0.,0.,-1.));
#10254=DIRECTION('',(0.994011143044731,-0.109278760529702,0.));
#10255=DIRECTION('',(0.,0.,-1.));
#10256=DIRECTION('',(0.,0.,-1.));
#10257=DIRECTION('',(-1.,0.,0.));
#10258=DIRECTION('',(0.,0.,-1.));
#10259=DIRECTION('',(0.958218121151609,-0.28603851540777,0.));
#10260=DIRECTION('',(0.,0.,-1.));
#10261=DIRECTION('',(0.,0.,-1.));
#10262=DIRECTION('',(-1.,0.,0.));
#10263=DIRECTION('',(0.,0.,-1.));
#10264=DIRECTION('',(0.8310389917175,-0.556214162211967,0.));
#10265=DIRECTION('',(0.,0.,-1.));
#10266=DIRECTION('',(0.,0.,-1.));
#10267=DIRECTION('',(-1.,0.,0.));
#10268=DIRECTION('',(0.,0.,-1.));
#10269=DIRECTION('',(0.,0.,-1.));
#10270=DIRECTION('',(0.,0.,-1.));
#10271=DIRECTION('',(-0.120342321336327,-0.992732454236983,0.));
#10272=DIRECTION('',(0.,0.,-1.));
#10273=DIRECTION('',(0.,0.,-1.));
#10274=DIRECTION('',(-1.,0.,0.));
#10275=DIRECTION('',(0.,0.,-1.));
#10276=DIRECTION('',(-0.307547381345557,-0.951532767815954,0.));
#10277=DIRECTION('',(0.,0.,-1.));
#10278=DIRECTION('',(0.,0.,-1.));
#10279=DIRECTION('',(-1.,0.,0.));
#10280=DIRECTION('',(0.,0.,-1.));
#10281=DIRECTION('',(-0.452537956413568,-0.891745141845489,0.));
#10282=DIRECTION('',(0.,0.,-1.));
#10283=DIRECTION('',(0.,0.,-1.));
#10284=DIRECTION('',(-1.,0.,0.));
#10285=DIRECTION('',(0.,0.,-1.));
#10286=DIRECTION('',(-1.,0.,0.));
#10287=DIRECTION('',(0.,0.,1.));
#10288=DIRECTION('',(0.,0.,-1.));
#10289=DIRECTION('',(0.,1.,0.));
#10290=DIRECTION('',(0.,1.,0.));
#10291=DIRECTION('',(0.,0.,1.));
#10292=DIRECTION('',(0.,0.,-1.));
#10293=DIRECTION('',(1.,0.,0.));
#10294=DIRECTION('',(1.,0.,0.));
#10295=DIRECTION('',(0.,0.,-1.));
#10296=DIRECTION('',(0.,0.,-1.));
#10297=DIRECTION('',(0.,-1.,0.));
#10298=DIRECTION('',(0.,-1.,0.));
#10299=DIRECTION('',(0.,0.,-1.));
#10300=DIRECTION('',(0.,0.,-1.));
#10301=DIRECTION('',(-1.,0.,0.));
#10302=DIRECTION('',(-1.,0.,0.));
#10303=DIRECTION('',(0.,0.,1.));
#10304=DIRECTION('',(0.,0.,-1.));
#10305=DIRECTION('',(0.,1.,0.));
#10306=DIRECTION('',(0.,0.,-1.));
#10307=DIRECTION('',(0.,0.,-1.));
#10308=DIRECTION('',(-0.393907310207414,-0.919150167799125,0.));
#10309=DIRECTION('',(0.,0.,-1.));
#10310=DIRECTION('',(0.,0.,-1.));
#10311=DIRECTION('',(-1.,0.,0.));
#10312=DIRECTION('',(0.,0.,-1.));
#10313=DIRECTION('',(-0.242537810760973,-0.970141953711556,0.));
#10314=DIRECTION('',(0.,0.,-1.));
#10315=DIRECTION('',(0.,0.,-1.));
#10316=DIRECTION('',(-1.,0.,0.));
#10317=DIRECTION('',(0.,0.,-1.));
#10318=DIRECTION('',(0.,0.,-1.));
#10319=DIRECTION('',(0.,0.,-1.));
#10320=DIRECTION('',(0.,0.,-1.));
#10321=DIRECTION('',(0.,0.,-1.));
#10322=DIRECTION('',(0.998874889029063,-0.0474231596076911,0.));
#10323=DIRECTION('',(0.,0.,-1.));
#10324=DIRECTION('',(0.,0.,-1.));
#10325=DIRECTION('',(-1.,0.,0.));
#10326=DIRECTION('',(1.,0.,0.));
#10327=DIRECTION('',(0.,0.,-1.));
#10328=DIRECTION('',(0.,-1.,0.));
#10329=DIRECTION('',(0.,0.,-1.));
#10330=DIRECTION('',(1.,0.,0.));
#10331=DIRECTION('',(1.,0.,0.));
#10332=DIRECTION('',(0.,0.,-1.));
#10333=DIRECTION('',(0.,0.,-1.));
#10334=DIRECTION('',(0.,-1.,0.));
#10335=DIRECTION('',(0.,0.,-1.));
#10336=DIRECTION('',(0.,0.,-1.));
#10337=DIRECTION('',(-0.999952759308794,0.00972003861768574,0.));
#10338=DIRECTION('',(0.,0.,-1.));
#10339=DIRECTION('',(0.,0.,-1.));
#10340=DIRECTION('',(-1.,0.,0.));
#10341=DIRECTION('',(0.,0.,-1.));
#10342=DIRECTION('',(-0.995012761998585,0.0997476990208153,0.));
#10343=DIRECTION('',(0.,0.,-1.));
#10344=DIRECTION('',(0.,0.,-1.));
#10345=DIRECTION('',(-1.,0.,0.));
#10346=DIRECTION('',(0.,0.,-1.));
#10347=DIRECTION('',(-0.955535724535757,0.29487536203611,0.));
#10348=DIRECTION('',(0.,0.,-1.));
#10349=DIRECTION('',(0.,0.,-1.));
#10350=DIRECTION('',(-1.,0.,0.));
#10351=DIRECTION('',(0.,0.,-1.));
#10352=DIRECTION('',(-0.82510136316151,0.564984725907717,0.));
#10353=DIRECTION('',(0.,0.,-1.));
#10354=DIRECTION('',(0.,0.,-1.));
#10355=DIRECTION('',(-1.,0.,0.));
#10356=DIRECTION('',(0.,0.,-1.));
#10357=DIRECTION('',(-0.667837907649761,0.74430674396111,0.));
#10358=DIRECTION('',(0.,0.,-1.));
#10359=DIRECTION('',(0.,0.,-1.));
#10360=DIRECTION('',(-1.,0.,0.));
#10361=DIRECTION('',(0.,0.,-1.));
#10362=DIRECTION('',(-0.563745129808684,0.825948805082367,0.));
#10363=DIRECTION('',(0.,0.,-1.));
#10364=DIRECTION('',(0.,0.,-1.));
#10365=DIRECTION('',(-1.,0.,0.));
#10366=DIRECTION('',(0.,0.,-1.));
#10367=DIRECTION('',(-0.367941751205344,0.929848841328495,0.));
#10368=DIRECTION('',(0.,0.,-1.));
#10369=DIRECTION('',(0.,0.,-1.));
#10370=DIRECTION('',(-1.,0.,0.));
#10371=DIRECTION('',(0.,0.,-1.));
#10372=DIRECTION('',(0.,0.,-1.));
#10373=DIRECTION('',(0.121991639057831,0.992531127975331,0.));
#10374=DIRECTION('',(0.,0.,-1.));
#10375=DIRECTION('',(0.,0.,-1.));
#10376=DIRECTION('',(-1.,0.,0.));
#10377=DIRECTION('',(0.,0.,-1.));
#10378=DIRECTION('',(0.321697522430744,0.946842491685877,0.));
#10379=DIRECTION('',(0.,0.,-1.));
#10380=DIRECTION('',(0.,0.,-1.));
#10381=DIRECTION('',(-1.,0.,0.));
#10382=DIRECTION('',(0.,0.,-1.));
#10383=DIRECTION('',(0.461180683818535,0.887306247511347,0.));
#10384=DIRECTION('',(0.,0.,-1.));
#10385=DIRECTION('',(0.,0.,-1.));
#10386=DIRECTION('',(-1.,0.,0.));
#10387=DIRECTION('',(0.,0.,-1.));
#10388=DIRECTION('',(0.596030648370346,0.802961684143911,0.));
#10389=DIRECTION('',(0.,0.,-1.));
#10390=DIRECTION('',(0.,0.,-1.));
#10391=DIRECTION('',(-1.,0.,0.));
#10392=DIRECTION('',(0.975996896226814,-0.217784431389451,0.));
#10393=DIRECTION('',(0.217784431389451,0.975996896226814,0.));
#10394=DIRECTION('',(0.,0.,-1.));
#10395=DIRECTION('',(-0.217784431389451,-0.975996896226814,0.));
#10396=DIRECTION('',(0.,-1.,0.));
#10397=DIRECTION('',(0.,0.,-1.));
#10398=DIRECTION('',(0.,0.,-1.));
#10399=DIRECTION('',(-1.,0.,0.));
#10400=DIRECTION('',(-1.,0.,0.));
#10401=DIRECTION('',(0.,0.,1.));
#10402=DIRECTION('',(0.,0.,-1.));
#10403=DIRECTION('',(0.,1.,0.));
#10404=DIRECTION('',(0.,1.,0.));
#10405=DIRECTION('',(0.,0.,1.));
#10406=DIRECTION('',(0.,0.,-1.));
#10407=DIRECTION('',(1.,0.,0.));
#10408=DIRECTION('',(1.,0.,0.));
#10409=DIRECTION('',(0.,0.,-1.));
#10410=DIRECTION('',(0.,0.,-1.));
#10411=DIRECTION('',(0.,-1.,0.));
#10412=DIRECTION('',(0.,0.,-1.));
#10413=DIRECTION('',(0.,0.,-1.));
#10414=DIRECTION('',(0.394962064305004,0.918697429929969,0.));
#10415=DIRECTION('',(0.,0.,-1.));
#10416=DIRECTION('',(0.,0.,-1.));
#10417=DIRECTION('',(-1.,0.,0.));
#10418=DIRECTION('',(0.,0.,-1.));
#10419=DIRECTION('',(0.224939095362339,0.974372825656367,0.));
#10420=DIRECTION('',(0.,0.,-1.));
#10421=DIRECTION('',(0.,0.,-1.));
#10422=DIRECTION('',(-1.,0.,0.));
#10423=DIRECTION('',(0.,0.,-1.));
#10424=DIRECTION('',(0.0825297922453938,0.996588597863698,0.));
#10425=DIRECTION('',(0.,0.,-1.));
#10426=DIRECTION('',(0.,0.,-1.));
#10427=DIRECTION('',(-1.,0.,0.));
#10428=DIRECTION('',(0.,0.,-1.));
#10429=DIRECTION('',(0.,0.,-1.));
#10430=DIRECTION('',(-0.775629755599202,0.63118815121097,0.));
#10431=DIRECTION('',(0.,0.,-1.));
#10432=DIRECTION('',(0.,0.,-1.));
#10433=DIRECTION('',(-1.,0.,0.));
#10434=DIRECTION('',(0.,0.,-1.));
#10435=DIRECTION('',(0.,0.,-1.));
#10436=DIRECTION('',(-0.998873970860751,0.0474424950532391,0.));
#10437=DIRECTION('',(0.,0.,-1.));
#10438=DIRECTION('',(0.,0.,-1.));
#10439=DIRECTION('',(-1.,0.,0.));
#10440=DIRECTION('',(-1.,0.,0.));
#10441=DIRECTION('',(0.,0.,1.));
#10442=DIRECTION('',(0.,0.,-1.));
#10443=DIRECTION('',(0.,1.,0.));
#10444=DIRECTION('',(0.,1.,0.));
#10445=DIRECTION('',(0.,0.,1.));
#10446=DIRECTION('',(1.,0.,0.));
#10447=DIRECTION('',(0.,0.,-1.));
#10448=DIRECTION('',(1.,0.,0.));
#10449=DIRECTION('',(0.,0.,-1.));
#10450=DIRECTION('',(0.,0.,-1.));
#10451=DIRECTION('',(-1.,0.,0.));
#10452=DIRECTION('',(0.,0.,1.));
#10453=DIRECTION('',(0.,0.,-1.));
#10454=DIRECTION('',(0.,1.,0.));
#10455=DIRECTION('',(0.,-1.,0.));
#10456=DIRECTION('',(0.,0.,-1.));
#10457=DIRECTION('',(0.,0.,-1.));
#10458=DIRECTION('',(-1.,0.,0.));
#10459=DIRECTION('',(-1.,0.,0.));
#10460=DIRECTION('',(0.,0.,1.));
#10461=DIRECTION('',(0.,0.,-1.));
#10462=DIRECTION('',(0.,1.,0.));
#10463=DIRECTION('',(0.,1.,0.));
#10464=DIRECTION('',(0.,0.,1.));
#10465=DIRECTION('',(0.,0.,-1.));
#10466=DIRECTION('',(1.,0.,0.));
#10467=DIRECTION('',(-1.,0.,0.));
#10468=DIRECTION('',(0.,0.,1.));
#10469=DIRECTION('',(0.,0.,-1.));
#10470=DIRECTION('',(0.,1.,0.));
#10471=DIRECTION('',(0.,1.,0.));
#10472=DIRECTION('',(0.,0.,1.));
#10473=DIRECTION('',(0.,0.,-1.));
#10474=DIRECTION('',(1.,0.,0.));
#10475=DIRECTION('',(1.,0.,0.));
#10476=DIRECTION('',(0.,0.,-1.));
#10477=DIRECTION('',(0.,0.,-1.));
#10478=DIRECTION('',(0.,-1.,0.));
#10479=DIRECTION('',(0.,1.,0.));
#10480=DIRECTION('',(0.,0.,1.));
#10481=DIRECTION('',(0.,0.,-1.));
#10482=DIRECTION('',(1.,0.,0.));
#10483=DIRECTION('',(1.,0.,0.));
#10484=DIRECTION('',(0.,0.,-1.));
#10485=DIRECTION('',(0.,0.,-1.));
#10486=DIRECTION('',(0.,-1.,0.));
#10487=DIRECTION('',(0.,-1.,0.));
#10488=DIRECTION('',(0.,0.,-1.));
#10489=DIRECTION('',(0.,0.,-1.));
#10490=DIRECTION('',(-1.,0.,0.));
#10491=DIRECTION('',(1.,0.,0.));
#10492=DIRECTION('',(0.,0.,-1.));
#10493=DIRECTION('',(0.,0.,-1.));
#10494=DIRECTION('',(0.,-1.,0.));
#10495=DIRECTION('',(0.,0.,-1.));
#10496=DIRECTION('',(-0.99849013223627,0.0549313737930872,0.));
#10497=DIRECTION('',(0.,0.,-1.));
#10498=DIRECTION('',(0.,0.,-1.));
#10499=DIRECTION('',(-1.,0.,0.));
#10500=DIRECTION('',(0.,0.,-1.));
#10501=DIRECTION('',(-0.977838453832542,0.209360832550846,0.));
#10502=DIRECTION('',(0.,0.,-1.));
#10503=DIRECTION('',(0.,0.,-1.));
#10504=DIRECTION('',(-1.,0.,0.));
#10505=DIRECTION('',(0.,0.,-1.));
#10506=DIRECTION('',(-0.877157289899933,0.480203174474518,0.));
#10507=DIRECTION('',(0.,0.,-1.));
#10508=DIRECTION('',(0.,0.,-1.));
#10509=DIRECTION('',(-1.,0.,0.));
#10510=DIRECTION('',(0.,0.,-1.));
#10511=DIRECTION('',(0.,0.,-1.));
#10512=DIRECTION('',(-0.117791929523627,0.993038298022338,0.));
#10513=DIRECTION('',(0.,0.,-1.));
#10514=DIRECTION('',(0.,0.,-1.));
#10515=DIRECTION('',(-1.,0.,0.));
#10516=DIRECTION('',(0.,0.,-1.));
#10517=DIRECTION('',(-0.0312280144119497,0.999512286625776,0.));
#10518=DIRECTION('',(0.,0.,-1.));
#10519=DIRECTION('',(0.,0.,-1.));
#10520=DIRECTION('',(-1.,0.,0.));
#10521=DIRECTION('',(0.,0.,-1.));
#10522=DIRECTION('',(0.0156774536225126,0.999877101171896,0.));
#10523=DIRECTION('',(0.,0.,-1.));
#10524=DIRECTION('',(0.,0.,-1.));
#10525=DIRECTION('',(-1.,0.,0.));
#10526=DIRECTION('',(0.,0.,-1.));
#10527=DIRECTION('',(0.0557621730822234,0.998444079582401,0.));
#10528=DIRECTION('',(0.,0.,-1.));
#10529=DIRECTION('',(0.,0.,-1.));
#10530=DIRECTION('',(-1.,0.,0.));
#10531=DIRECTION('',(0.,0.,-1.));
#10532=DIRECTION('',(0.115630246082921,0.993292326654547,0.));
#10533=DIRECTION('',(0.,0.,-1.));
#10534=DIRECTION('',(0.,0.,-1.));
#10535=DIRECTION('',(-1.,0.,0.));
#10536=DIRECTION('',(-1.,0.,0.));
#10537=DIRECTION('',(0.,0.,1.));
#10538=DIRECTION('',(0.,0.,-1.));
#10539=DIRECTION('',(0.,1.,0.));
#10540=DIRECTION('',(0.,0.,-1.));
#10541=DIRECTION('',(-0.0579904342960977,0.998317138754088,0.));
#10542=DIRECTION('',(0.,0.,-1.));
#10543=DIRECTION('',(0.,0.,-1.));
#10544=DIRECTION('',(-1.,0.,0.));
#10545=DIRECTION('',(0.,0.,-1.));
#10546=DIRECTION('',(-0.321526823470443,0.946900470899137,0.));
#10547=DIRECTION('',(0.,0.,-1.));
#10548=DIRECTION('',(0.,0.,-1.));
#10549=DIRECTION('',(-1.,0.,0.));
#10550=DIRECTION('',(0.,0.,-1.));
#10551=DIRECTION('',(1.,0.,0.));
#10552=DIRECTION('',(0.,0.,-1.));
#10553=DIRECTION('',(0.,0.,-1.));
#10554=DIRECTION('',(-1.,0.,0.));
#10555=DIRECTION('',(0.,0.,1.));
#10556=DIRECTION('',(0.,0.,-1.));
#10557=DIRECTION('',(0.,1.,0.));
#10558=DIRECTION('',(0.,-1.,0.));
#10559=DIRECTION('',(0.,0.,-1.));
#10560=DIRECTION('',(0.,0.,-1.));
#10561=DIRECTION('',(-1.,0.,0.));
#10562=DIRECTION('',(-1.,0.,0.));
#10563=DIRECTION('',(0.,0.,1.));
#10564=DIRECTION('',(0.,0.,-1.));
#10565=DIRECTION('',(0.,1.,0.));
#10566=DIRECTION('',(0.,1.,0.));
#10567=DIRECTION('',(0.,0.,1.));
#10568=DIRECTION('',(0.,0.,-1.));
#10569=DIRECTION('',(1.,0.,0.));
#10570=DIRECTION('',(-1.,0.,0.));
#10571=DIRECTION('',(0.,0.,1.));
#10572=DIRECTION('',(0.,0.,-1.));
#10573=DIRECTION('',(0.,1.,0.));
#10574=DIRECTION('',(0.,1.,0.));
#10575=DIRECTION('',(0.,0.,1.));
#10576=DIRECTION('',(0.,0.,-1.));
#10577=DIRECTION('',(1.,0.,0.));
#10578=DIRECTION('',(1.,0.,0.));
#10579=DIRECTION('',(0.,0.,-1.));
#10580=DIRECTION('',(0.,0.,-1.));
#10581=DIRECTION('',(0.,-1.,0.));
#10582=DIRECTION('',(0.,1.,0.));
#10583=DIRECTION('',(0.,0.,1.));
#10584=DIRECTION('',(0.,0.,-1.));
#10585=DIRECTION('',(1.,0.,0.));
#10586=DIRECTION('',(1.,0.,0.));
#10587=DIRECTION('',(0.,0.,-1.));
#10588=DIRECTION('',(0.,0.,-1.));
#10589=DIRECTION('',(0.,-1.,0.));
#10590=DIRECTION('',(0.,-1.,0.));
#10591=DIRECTION('',(0.,0.,-1.));
#10592=DIRECTION('',(0.,0.,-1.));
#10593=DIRECTION('',(-1.,0.,0.));
#10594=DIRECTION('',(1.,0.,0.));
#10595=DIRECTION('',(0.,0.,-1.));
#10596=DIRECTION('',(0.,0.,-1.));
#10597=DIRECTION('',(0.,-1.,0.));
#10598=DIRECTION('',(0.,0.,-1.));
#10599=DIRECTION('',(-0.998490132236267,0.054931373793143,0.));
#10600=DIRECTION('',(0.,0.,-1.));
#10601=DIRECTION('',(0.,0.,-1.));
#10602=DIRECTION('',(-1.,0.,0.));
#10603=DIRECTION('',(0.,0.,-1.));
#10604=DIRECTION('',(-0.977838453832542,0.209360832550848,0.));
#10605=DIRECTION('',(0.,0.,-1.));
#10606=DIRECTION('',(0.,0.,-1.));
#10607=DIRECTION('',(-1.,0.,0.));
#10608=DIRECTION('',(0.,0.,-1.));
#10609=DIRECTION('',(-0.877157289883143,0.480203174505187,0.));
#10610=DIRECTION('',(0.,0.,-1.));
#10611=DIRECTION('',(0.,0.,-1.));
#10612=DIRECTION('',(-1.,0.,0.));
#10613=DIRECTION('',(0.,0.,-1.));
#10614=DIRECTION('',(0.,0.,-1.));
#10615=DIRECTION('',(-0.117791929523621,0.993038298022338,0.));
#10616=DIRECTION('',(0.,0.,-1.));
#10617=DIRECTION('',(0.,0.,-1.));
#10618=DIRECTION('',(-1.,0.,0.));
#10619=DIRECTION('',(0.,0.,-1.));
#10620=DIRECTION('',(-0.0312280144119256,0.999512286625777,0.));
#10621=DIRECTION('',(0.,0.,-1.));
#10622=DIRECTION('',(0.,0.,-1.));
#10623=DIRECTION('',(-1.,0.,0.));
#10624=DIRECTION('',(0.,0.,-1.));
#10625=DIRECTION('',(0.0156774536225147,0.999877101171896,0.));
#10626=DIRECTION('',(0.,0.,-1.));
#10627=DIRECTION('',(0.,0.,-1.));
#10628=DIRECTION('',(-1.,0.,0.));
#10629=DIRECTION('',(0.,0.,-1.));
#10630=DIRECTION('',(0.0557621730822192,0.998444079582401,0.));
#10631=DIRECTION('',(0.,0.,-1.));
#10632=DIRECTION('',(0.,0.,-1.));
#10633=DIRECTION('',(-1.,0.,0.));
#10634=DIRECTION('',(0.,0.,-1.));
#10635=DIRECTION('',(0.115630246082935,0.993292326654545,0.));
#10636=DIRECTION('',(0.,0.,-1.));
#10637=DIRECTION('',(0.,0.,-1.));
#10638=DIRECTION('',(-1.,0.,0.));
#10639=DIRECTION('',(-1.,0.,0.));
#10640=DIRECTION('',(0.,0.,1.));
#10641=DIRECTION('',(0.,0.,-1.));
#10642=DIRECTION('',(0.,1.,0.));
#10643=DIRECTION('',(0.,0.,-1.));
#10644=DIRECTION('',(-0.0579904342960925,0.998317138754089,0.));
#10645=DIRECTION('',(0.,0.,-1.));
#10646=DIRECTION('',(0.,0.,-1.));
#10647=DIRECTION('',(-1.,0.,0.));
#10648=DIRECTION('',(0.,0.,-1.));
#10649=DIRECTION('',(-0.321526823470444,0.946900470899136,0.));
#10650=DIRECTION('',(0.,0.,-1.));
#10651=DIRECTION('',(0.,0.,-1.));
#10652=DIRECTION('',(-1.,0.,0.));
#10653=DIRECTION('',(0.,0.,-1.));
#10654=DIRECTION('',(1.,0.,0.));
#10655=DIRECTION('',(0.,0.,-1.));
#10656=DIRECTION('',(0.,0.,-1.));
#10657=DIRECTION('',(0.,0.,-1.));
#10658=DIRECTION('',(0.992181444537879,0.124803770434742,0.));
#10659=DIRECTION('',(0.,0.,-1.));
#10660=DIRECTION('',(-1.,0.,0.));
#10661=DIRECTION('',(0.,0.,-1.));
#10662=DIRECTION('',(0.,0.,-1.));
#10663=DIRECTION('',(-1.,0.,0.));
#10664=DIRECTION('',(0.,0.,-1.));
#10665=DIRECTION('',(0.,0.,-1.));
#10666=DIRECTION('',(0.,0.,-1.));
#10667=DIRECTION('',(0.,0.,-1.));
#10668=DIRECTION('',(-0.274178422671276,0.961678840643534,0.));
#10669=DIRECTION('',(0.,0.,-1.));
#10670=DIRECTION('',(-1.,0.,0.));
#10671=DIRECTION('',(0.,0.,-1.));
#10672=DIRECTION('',(0.,0.,-1.));
#10673=DIRECTION('',(-1.,0.,0.));
#10674=DIRECTION('',(0.,0.,-1.));
#10675=DIRECTION('',(-0.700300371104755,0.713848296370134,0.));
#10676=DIRECTION('',(0.,0.,-1.));
#10677=DIRECTION('',(-1.,0.,0.));
#10678=DIRECTION('',(0.,0.,-1.));
#10679=DIRECTION('',(0.,0.,-1.));
#10680=DIRECTION('',(-1.,0.,0.));
#10681=DIRECTION('',(0.,0.,-1.));
#10682=DIRECTION('',(0.,0.,-1.));
#10683=DIRECTION('',(-0.991915058549024,0.126903572147071,0.));
#10684=DIRECTION('',(0.,0.,-1.));
#10685=DIRECTION('',(-1.,0.,0.));
#10686=DIRECTION('',(0.,0.,-1.));
#10687=DIRECTION('',(0.,0.,-1.));
#10688=DIRECTION('',(-1.,0.,0.));
#10689=DIRECTION('',(0.,0.,-1.));
#10690=DIRECTION('',(-0.992418529918912,-0.122904277686281,0.));
#10691=DIRECTION('',(0.,0.,-1.));
#10692=DIRECTION('',(-1.,0.,0.));
#10693=DIRECTION('',(0.,0.,-1.));
#10694=DIRECTION('',(0.,0.,-1.));
#10695=DIRECTION('',(-1.,0.,0.));
#10696=DIRECTION('',(0.,0.,-1.));
#10697=DIRECTION('',(0.,0.,-1.));
#10698=DIRECTION('',(-0.7053600696397,-0.708849188585187,0.));
#10699=DIRECTION('',(0.,0.,-1.));
#10700=DIRECTION('',(-1.,0.,0.));
#10701=DIRECTION('',(0.,0.,-1.));
#10702=DIRECTION('',(0.,0.,-1.));
#10703=DIRECTION('',(-1.,0.,0.));
#10704=DIRECTION('',(0.,0.,-1.));
#10705=DIRECTION('',(-0.275412095786835,-0.961326259650855,0.));
#10706=DIRECTION('',(0.,0.,-1.));
#10707=DIRECTION('',(-1.,0.,0.));
#10708=DIRECTION('',(0.,0.,-1.));
#10709=DIRECTION('',(0.,0.,-1.));
#10710=DIRECTION('',(-1.,0.,0.));
#10711=DIRECTION('',(0.,0.,-1.));
#10712=DIRECTION('',(0.266647758185834,-0.96379405116159,0.));
#10713=DIRECTION('',(0.,0.,-1.));
#10714=DIRECTION('',(-1.,0.,0.));
#10715=DIRECTION('',(0.,0.,-1.));
#10716=DIRECTION('',(0.,0.,-1.));
#10717=DIRECTION('',(-1.,0.,0.));
#10718=DIRECTION('',(0.,0.,-1.));
#10719=DIRECTION('',(0.696417175306465,-0.717637177087534,0.));
#10720=DIRECTION('',(0.,0.,-1.));
#10721=DIRECTION('',(-1.,0.,0.));
#10722=DIRECTION('',(0.,0.,-1.));
#10723=DIRECTION('',(0.,0.,-1.));
#10724=DIRECTION('',(-1.,0.,0.));
#10725=DIRECTION('',(0.,0.,-1.));
#10726=DIRECTION('',(-0.737880213301114,0.674931693446605,0.));
#10727=DIRECTION('',(0.,0.,-1.));
#10728=DIRECTION('',(0.,0.,-1.));
#10729=DIRECTION('',(-1.,0.,0.));
#10730=DIRECTION('',(0.,0.,-1.));
#10731=DIRECTION('',(0.7030266357282,0.711163518086163,0.));
#10732=DIRECTION('',(-0.711163518086163,0.7030266357282,0.));
#10733=DIRECTION('',(0.,0.,-1.));
#10734=DIRECTION('',(0.711163518086163,-0.7030266357282,0.));
#10735=DIRECTION('',(0.,0.,-1.));
#10736=DIRECTION('',(-0.585702120216824,0.810526388449825,0.));
#10737=DIRECTION('',(0.,0.,-1.));
#10738=DIRECTION('',(0.,0.,-1.));
#10739=DIRECTION('',(-1.,0.,0.));
#10740=DIRECTION('',(0.,0.,-1.));
#10741=DIRECTION('',(-0.173038467328576,0.984915066807579,0.));
#10742=DIRECTION('',(0.,0.,-1.));
#10743=DIRECTION('',(0.,0.,-1.));
#10744=DIRECTION('',(-1.,0.,0.));
#10745=DIRECTION('',(0.,0.,-1.));
#10746=DIRECTION('',(0.,0.,-1.));
#10747=DIRECTION('',(0.476425708467278,0.879214731627861,0.));
#10748=DIRECTION('',(0.,0.,-1.));
#10749=DIRECTION('',(0.,0.,-1.));
#10750=DIRECTION('',(-1.,0.,0.));
#10751=DIRECTION('',(0.,0.,-1.));
#10752=DIRECTION('',(0.,0.,-1.));
#10753=DIRECTION('',(-0.999998028274027,-0.00198581168735329,0.));
#10754=DIRECTION('',(0.00198581168735329,-0.999998028274027,0.));
#10755=DIRECTION('',(0.,0.,-1.));
#10756=DIRECTION('',(-0.00198581168735329,0.999998028274027,0.));
#10757=DIRECTION('',(0.,1.,0.));
#10758=DIRECTION('',(0.,0.,1.));
#10759=DIRECTION('',(0.,0.,-1.));
#10760=DIRECTION('',(1.,0.,0.));
#10761=DIRECTION('',(0.974483382634165,0.224459655550562,0.));
#10762=DIRECTION('',(-0.224459655550562,0.974483382634165,0.));
#10763=DIRECTION('',(0.,0.,-1.));
#10764=DIRECTION('',(0.224459655550562,-0.974483382634165,0.));
#10765=DIRECTION('',(0.,0.,-1.));
#10766=DIRECTION('',(0.,0.,-1.));
#10767=DIRECTION('',(0.,0.,-1.));
#10768=DIRECTION('',(0.,0.,-1.));
#10769=DIRECTION('',(0.,0.,-1.));
#10770=DIRECTION('',(0.,0.,-1.));
#10771=DIRECTION('',(0.,0.,-1.));
#10772=DIRECTION('',(-0.993025852064134,0.117896807133615,0.));
#10773=DIRECTION('',(0.,0.,-1.));
#10774=DIRECTION('',(0.,0.,-1.));
#10775=DIRECTION('',(-1.,0.,0.));
#10776=DIRECTION('',(0.,0.,-1.));
#10777=DIRECTION('',(0.,0.,-1.));
#10778=DIRECTION('',(-0.682742695002049,0.7306588892372,0.));
#10779=DIRECTION('',(0.,0.,-1.));
#10780=DIRECTION('',(0.,0.,-1.));
#10781=DIRECTION('',(-1.,0.,0.));
#10782=DIRECTION('',(0.,0.,-1.));
#10783=DIRECTION('',(0.,0.,-1.));
#10784=DIRECTION('',(0.10380963520287,0.994597184612468,0.));
#10785=DIRECTION('',(0.,0.,-1.));
#10786=DIRECTION('',(0.,0.,-1.));
#10787=DIRECTION('',(-1.,0.,0.));
#10788=DIRECTION('',(0.,0.,-1.));
#10789=DIRECTION('',(0.,0.,-1.));
#10790=DIRECTION('',(0.,0.,-1.));
#10791=DIRECTION('',(0.,0.,-1.));
#10792=DIRECTION('',(-0.965322512667638,0.261060235457332,0.));
#10793=DIRECTION('',(0.,0.,-1.));
#10794=DIRECTION('',(0.,0.,-1.));
#10795=DIRECTION('',(-1.,0.,0.));
#10796=DIRECTION('',(0.,0.,-1.));
#10797=DIRECTION('',(0.965322512666298,-0.261060235462288,0.));
#10798=DIRECTION('',(0.,0.,-1.));
#10799=DIRECTION('',(0.,0.,-1.));
#10800=DIRECTION('',(-1.,0.,0.));
#10801=DIRECTION('',(0.97544100206772,0.220260871434584,0.));
#10802=DIRECTION('',(-0.220260871434584,0.97544100206772,0.));
#10803=DIRECTION('',(0.,0.,-1.));
#10804=DIRECTION('',(0.220260871434584,-0.97544100206772,0.));
#10805=DIRECTION('',(1.,0.,0.));
#10806=DIRECTION('',(0.,0.,-1.));
#10807=DIRECTION('',(0.,0.,-1.));
#10808=DIRECTION('',(0.,-1.,0.));
#10809=DIRECTION('',(0.,0.,-1.));
#10810=DIRECTION('',(0.,0.,-1.));
#10811=DIRECTION('',(0.,0.,-1.));
#10812=DIRECTION('',(-0.0809069735442696,0.996721657049704,0.));
#10813=DIRECTION('',(0.,0.,-1.));
#10814=DIRECTION('',(0.,0.,-1.));
#10815=DIRECTION('',(-1.,0.,0.));
#10816=DIRECTION('',(0.,0.,-1.));
#10817=DIRECTION('',(-0.248342858252938,0.968672196749118,0.));
#10818=DIRECTION('',(0.,0.,-1.));
#10819=DIRECTION('',(0.,0.,-1.));
#10820=DIRECTION('',(-1.,0.,0.));
#10821=DIRECTION('',(0.,0.,-1.));
#10822=DIRECTION('',(-0.466713992941096,0.884408304344197,0.));
#10823=DIRECTION('',(0.,0.,-1.));
#10824=DIRECTION('',(-1.,0.,0.));
#10825=DIRECTION('',(0.,0.,-1.));
#10826=DIRECTION('',(1.,0.,0.));
#10827=DIRECTION('',(0.,0.,-1.));
#10828=DIRECTION('',(0.982860207219319,-0.184352415402666,0.));
#10829=DIRECTION('',(0.,0.,-1.));
#10830=DIRECTION('',(-1.,0.,0.));
#10831=DIRECTION('',(0.,0.,-1.));
#10832=DIRECTION('',(0.,0.,-1.));
#10833=DIRECTION('',(-1.,0.,0.));
#10834=DIRECTION('',(0.,0.,-1.));
#10835=DIRECTION('',(0.,1.,0.));
#10836=DIRECTION('',(0.,0.,1.));
#10837=DIRECTION('',(1.,0.,0.));
#10838=DIRECTION('',(0.,0.,-1.));
#10839=DIRECTION('',(1.,0.,0.));
#10840=DIRECTION('',(0.,0.,-1.));
#10841=DIRECTION('',(-0.982688098579383,-0.18526764669104,0.));
#10842=DIRECTION('',(0.,0.,-1.));
#10843=DIRECTION('',(-1.,0.,0.));
#10844=DIRECTION('',(0.,0.,-1.));
#10845=DIRECTION('',(0.,0.,-1.));
#10846=DIRECTION('',(-1.,0.,0.));
#10847=DIRECTION('',(0.,0.,-1.));
#10848=DIRECTION('',(-0.848240813106774,-0.529610727780281,0.));
#10849=DIRECTION('',(0.,0.,-1.));
#10850=DIRECTION('',(-1.,0.,0.));
#10851=DIRECTION('',(0.,0.,-1.));
#10852=DIRECTION('',(0.,0.,-1.));
#10853=DIRECTION('',(-1.,0.,0.));
#10854=DIRECTION('',(0.,0.,-1.));
#10855=DIRECTION('',(-0.580884350435472,-0.813986100261644,0.));
#10856=DIRECTION('',(0.,0.,-1.));
#10857=DIRECTION('',(-1.,0.,0.));
#10858=DIRECTION('',(0.,0.,-1.));
#10859=DIRECTION('',(0.,0.,-1.));
#10860=DIRECTION('',(-1.,0.,0.));
#10861=DIRECTION('',(0.,0.,-1.));
#10862=DIRECTION('',(0.,0.,-1.));
#10863=DIRECTION('',(0.242789098130326,-0.970079096686998,0.));
#10864=DIRECTION('',(0.,0.,-1.));
#10865=DIRECTION('',(-1.,0.,0.));
#10866=DIRECTION('',(0.,0.,-1.));
#10867=DIRECTION('',(0.,0.,-1.));
#10868=DIRECTION('',(-1.,0.,0.));
#10869=DIRECTION('',(0.,0.,-1.));
#10870=DIRECTION('',(0.620117329936205,-0.784509080325264,0.));
#10871=DIRECTION('',(0.,0.,-1.));
#10872=DIRECTION('',(-1.,0.,0.));
#10873=DIRECTION('',(0.,0.,-1.));
#10874=DIRECTION('',(0.,0.,-1.));
#10875=DIRECTION('',(-1.,0.,0.));
#10876=DIRECTION('',(0.,0.,-1.));
#10877=DIRECTION('',(0.,0.,-1.));
#10878=DIRECTION('',(0.,0.,-1.));
#10879=DIRECTION('',(-0.226294981404118,-0.974058818240105,0.));
#10880=DIRECTION('',(0.,0.,-1.));
#10881=DIRECTION('',(0.,0.,-1.));
#10882=DIRECTION('',(-1.,0.,0.));
#10883=DIRECTION('',(0.,0.,-1.));
#10884=DIRECTION('',(-0.61181362946091,-0.791001948673875,0.));
#10885=DIRECTION('',(0.,0.,-1.));
#10886=DIRECTION('',(0.,0.,-1.));
#10887=DIRECTION('',(-1.,0.,0.));
#10888=DIRECTION('',(0.,0.,-1.));
#10889=DIRECTION('',(0.,0.,-1.));
#10890=DIRECTION('',(0.,0.,-1.));
#10891=DIRECTION('',(0.,0.,-1.));
#10892=DIRECTION('',(0.,0.,-1.));
#10893=DIRECTION('',(-0.600803958096653,0.799396399751335,0.));
#10894=DIRECTION('',(0.,0.,-1.));
#10895=DIRECTION('',(0.,0.,-1.));
#10896=DIRECTION('',(-1.,0.,0.));
#10897=DIRECTION('',(0.,0.,-1.));
#10898=DIRECTION('',(0.,0.,-1.));
#10899=DIRECTION('',(0.,0.,-1.));
#10900=DIRECTION('',(-0.836019308520842,0.548700023492193,0.));
#10901=DIRECTION('',(-0.548700023492193,-0.836019308520842,0.));
#10902=DIRECTION('',(0.,0.,-1.));
#10903=DIRECTION('',(0.548700023492193,0.836019308520842,0.));
#10904=DIRECTION('',(0.,0.,-1.));
#10905=DIRECTION('',(0.596823820786638,0.80237231192361,0.));
#10906=DIRECTION('',(0.,0.,-1.));
#10907=DIRECTION('',(0.,0.,-1.));
#10908=DIRECTION('',(-1.,0.,0.));
#10909=DIRECTION('',(0.,0.,-1.));
#10910=DIRECTION('',(0.405626403791073,0.914038960081856,0.));
#10911=DIRECTION('',(0.,0.,-1.));
#10912=DIRECTION('',(0.,0.,-1.));
#10913=DIRECTION('',(-1.,0.,0.));
#10914=DIRECTION('',(0.,0.,-1.));
#10915=DIRECTION('',(0.245843635511458,0.969309500045527,0.));
#10916=DIRECTION('',(0.,0.,-1.));
#10917=DIRECTION('',(0.,0.,-1.));
#10918=DIRECTION('',(-1.,0.,0.));
#10919=DIRECTION('',(0.,0.,-1.));
#10920=DIRECTION('',(0.0849874928412057,0.996382018133891,0.));
#10921=DIRECTION('',(0.,0.,-1.));
#10922=DIRECTION('',(0.,0.,-1.));
#10923=DIRECTION('',(-1.,0.,0.));
#10924=DIRECTION('',(0.,0.,-1.));
#10925=DIRECTION('',(0.,0.,-1.));
#10926=DIRECTION('',(-0.529986721551843,0.848005940414765,0.));
#10927=DIRECTION('',(0.,0.,-1.));
#10928=DIRECTION('',(0.,0.,-1.));
#10929=DIRECTION('',(-1.,0.,0.));
#10930=DIRECTION('',(0.,0.,-1.));
#10931=DIRECTION('',(-0.818254593604541,0.574855999399038,0.));
#10932=DIRECTION('',(0.,0.,-1.));
#10933=DIRECTION('',(0.,0.,-1.));
#10934=DIRECTION('',(-1.,0.,0.));
#10935=DIRECTION('',(0.,0.,-1.));
#10936=DIRECTION('',(0.,-1.,0.));
#10937=DIRECTION('',(0.,0.,-1.));
#10938=DIRECTION('',(0.,0.,-1.));
#10939=DIRECTION('',(-1.,0.,0.));
#10940=DIRECTION('',(0.,0.,-1.));
#10941=DIRECTION('',(0.,0.,-1.));
#10942=DIRECTION('',(0.,0.,-1.));
#10943=DIRECTION('',(0.863512085809442,-0.504328144823415,0.));
#10944=DIRECTION('',(0.,0.,-1.));
#10945=DIRECTION('',(-1.,0.,0.));
#10946=DIRECTION('',(0.,0.,-1.));
#10947=DIRECTION('',(-1.,0.,0.));
#10948=DIRECTION('',(0.,0.,-1.));
#10949=DIRECTION('',(1.,0.,0.));
#10950=DIRECTION('',(1.,0.,0.));
#10951=DIRECTION('',(0.,0.,-1.));
#10952=DIRECTION('',(0.,0.,-1.));
#10953=DIRECTION('',(0.,-1.,0.));
#10954=DIRECTION('',(0.,0.,-1.));
#10955=DIRECTION('',(0.,0.,-1.));
#10956=DIRECTION('',(-0.999952759308794,0.00972003861766205,0.));
#10957=DIRECTION('',(0.,0.,-1.));
#10958=DIRECTION('',(0.,0.,-1.));
#10959=DIRECTION('',(-1.,0.,0.));
#10960=DIRECTION('',(0.,0.,-1.));
#10961=DIRECTION('',(-0.995012761998589,0.0997476990207798,0.));
#10962=DIRECTION('',(0.,0.,-1.));
#10963=DIRECTION('',(0.,0.,-1.));
#10964=DIRECTION('',(-1.,0.,0.));
#10965=DIRECTION('',(0.,0.,-1.));
#10966=DIRECTION('',(-0.955535724535745,0.294875362036146,0.));
#10967=DIRECTION('',(0.,0.,-1.));
#10968=DIRECTION('',(0.,0.,-1.));
#10969=DIRECTION('',(-1.,0.,0.));
#10970=DIRECTION('',(0.,0.,-1.));
#10971=DIRECTION('',(-0.82510136316151,0.564984725907717,0.));
#10972=DIRECTION('',(0.,0.,-1.));
#10973=DIRECTION('',(0.,0.,-1.));
#10974=DIRECTION('',(-1.,0.,0.));
#10975=DIRECTION('',(0.,0.,-1.));
#10976=DIRECTION('',(-0.667837907649795,0.74430674396108,0.));
#10977=DIRECTION('',(0.,0.,-1.));
#10978=DIRECTION('',(0.,0.,-1.));
#10979=DIRECTION('',(-1.,0.,0.));
#10980=DIRECTION('',(0.,0.,-1.));
#10981=DIRECTION('',(-0.563745129808668,0.825948805082378,0.));
#10982=DIRECTION('',(0.,0.,-1.));
#10983=DIRECTION('',(0.,0.,-1.));
#10984=DIRECTION('',(-1.,0.,0.));
#10985=DIRECTION('',(0.,0.,-1.));
#10986=DIRECTION('',(-0.36794175126662,0.929848841304248,0.));
#10987=DIRECTION('',(0.,0.,-1.));
#10988=DIRECTION('',(0.,0.,-1.));
#10989=DIRECTION('',(-1.,0.,0.));
#10990=DIRECTION('',(0.,0.,-1.));
#10991=DIRECTION('',(0.,0.,-1.));
#10992=DIRECTION('',(0.121991639057816,0.992531127975333,0.));
#10993=DIRECTION('',(0.,0.,-1.));
#10994=DIRECTION('',(0.,0.,-1.));
#10995=DIRECTION('',(-1.,0.,0.));
#10996=DIRECTION('',(0.,0.,-1.));
#10997=DIRECTION('',(0.321697522430761,0.946842491685871,0.));
#10998=DIRECTION('',(0.,0.,-1.));
#10999=DIRECTION('',(0.,0.,-1.));
#11000=DIRECTION('',(-1.,0.,0.));
#11001=DIRECTION('',(0.,0.,-1.));
#11002=DIRECTION('',(0.461180683818508,0.887306247511361,0.));
#11003=DIRECTION('',(0.,0.,-1.));
#11004=DIRECTION('',(0.,0.,-1.));
#11005=DIRECTION('',(-1.,0.,0.));
#11006=DIRECTION('',(0.,0.,-1.));
#11007=DIRECTION('',(0.596030648370341,0.802961684143914,0.));
#11008=DIRECTION('',(0.,0.,-1.));
#11009=DIRECTION('',(0.,0.,-1.));
#11010=DIRECTION('',(-1.,0.,0.));
#11011=DIRECTION('',(0.975996896226814,-0.217784431389451,0.));
#11012=DIRECTION('',(0.217784431389451,0.975996896226814,0.));
#11013=DIRECTION('',(0.,0.,-1.));
#11014=DIRECTION('',(-0.217784431389451,-0.975996896226814,0.));
#11015=DIRECTION('',(0.,-1.,0.));
#11016=DIRECTION('',(0.,0.,-1.));
#11017=DIRECTION('',(0.,0.,-1.));
#11018=DIRECTION('',(-1.,0.,0.));
#11019=DIRECTION('',(-1.,0.,0.));
#11020=DIRECTION('',(0.,0.,1.));
#11021=DIRECTION('',(0.,0.,-1.));
#11022=DIRECTION('',(0.,1.,0.));
#11023=DIRECTION('',(0.,1.,0.));
#11024=DIRECTION('',(0.,0.,1.));
#11025=DIRECTION('',(0.,0.,-1.));
#11026=DIRECTION('',(1.,0.,0.));
#11027=DIRECTION('',(1.,0.,0.));
#11028=DIRECTION('',(0.,0.,-1.));
#11029=DIRECTION('',(0.,0.,-1.));
#11030=DIRECTION('',(0.,-1.,0.));
#11031=DIRECTION('',(0.,0.,-1.));
#11032=DIRECTION('',(0.,0.,-1.));
#11033=DIRECTION('',(0.394962064305004,0.918697429929968,0.));
#11034=DIRECTION('',(0.,0.,-1.));
#11035=DIRECTION('',(0.,0.,-1.));
#11036=DIRECTION('',(-1.,0.,0.));
#11037=DIRECTION('',(0.,0.,-1.));
#11038=DIRECTION('',(0.224939095362334,0.974372825656368,0.));
#11039=DIRECTION('',(0.,0.,-1.));
#11040=DIRECTION('',(0.,0.,-1.));
#11041=DIRECTION('',(-1.,0.,0.));
#11042=DIRECTION('',(0.,0.,-1.));
#11043=DIRECTION('',(0.0825297922453851,0.996588597863699,0.));
#11044=DIRECTION('',(0.,0.,-1.));
#11045=DIRECTION('',(0.,0.,-1.));
#11046=DIRECTION('',(-1.,0.,0.));
#11047=DIRECTION('',(0.,0.,-1.));
#11048=DIRECTION('',(0.,0.,-1.));
#11049=DIRECTION('',(-0.775629755599263,0.631188151210895,0.));
#11050=DIRECTION('',(0.,0.,-1.));
#11051=DIRECTION('',(0.,0.,-1.));
#11052=DIRECTION('',(-1.,0.,0.));
#11053=DIRECTION('',(0.,0.,-1.));
#11054=DIRECTION('',(0.,0.,-1.));
#11055=DIRECTION('',(-0.998873970860752,0.0474424950532082,0.));
#11056=DIRECTION('',(0.,0.,-1.));
#11057=DIRECTION('',(0.,0.,-1.));
#11058=DIRECTION('',(-1.,0.,0.));
#11059=DIRECTION('',(-1.,0.,0.));
#11060=DIRECTION('',(0.,0.,1.));
#11061=DIRECTION('',(0.,0.,-1.));
#11062=DIRECTION('',(0.,1.,0.));
#11063=DIRECTION('',(0.,1.,0.));
#11064=DIRECTION('',(0.,0.,1.));
#11065=DIRECTION('',(1.,0.,0.));
#11066=DIRECTION('',(0.,0.,-1.));
#11067=DIRECTION('',(1.,0.,0.));
#11068=DIRECTION('',(0.,0.,-1.));
#11069=DIRECTION('',(0.,0.,-1.));
#11070=DIRECTION('',(-1.,0.,0.));
#11071=DIRECTION('',(0.,0.,1.));
#11072=DIRECTION('',(0.,0.,-1.));
#11073=DIRECTION('',(0.,1.,0.));
#11074=DIRECTION('',(0.,0.,-1.));
#11075=DIRECTION('',(0.,0.,-1.));
#11076=DIRECTION('',(0.,0.,-1.));
#11077=DIRECTION('',(-0.455352628017759,-0.890311172656684,0.));
#11078=DIRECTION('',(0.,0.,-1.));
#11079=DIRECTION('',(0.,0.,-1.));
#11080=DIRECTION('',(-1.,0.,0.));
#11081=DIRECTION('',(0.,0.,-1.));
#11082=DIRECTION('',(-0.648527187190798,-0.761191491987654,0.));
#11083=DIRECTION('',(0.,0.,-1.));
#11084=DIRECTION('',(0.,0.,-1.));
#11085=DIRECTION('',(-1.,0.,0.));
#11086=DIRECTION('',(-0.975868867476537,0.218357398523753,0.));
#11087=DIRECTION('',(-0.218357398523753,-0.975868867476537,0.));
#11088=DIRECTION('',(0.,0.,-1.));
#11089=DIRECTION('',(0.218357398523753,0.975868867476537,0.));
#11090=DIRECTION('',(0.,1.,0.));
#11091=DIRECTION('',(0.,0.,1.));
#11092=DIRECTION('',(0.,0.,-1.));
#11093=DIRECTION('',(1.,0.,0.));
#11094=DIRECTION('',(1.,0.,0.));
#11095=DIRECTION('',(0.,0.,-1.));
#11096=DIRECTION('',(0.,0.,-1.));
#11097=DIRECTION('',(0.,-1.,0.));
#11098=DIRECTION('',(0.,-1.,0.));
#11099=DIRECTION('',(0.,0.,-1.));
#11100=DIRECTION('',(0.,0.,-1.));
#11101=DIRECTION('',(-1.,0.,0.));
#11102=DIRECTION('',(-1.,0.,0.));
#11103=DIRECTION('',(0.,0.,1.));
#11104=DIRECTION('',(0.,0.,-1.));
#11105=DIRECTION('',(0.,1.,0.));
#11106=DIRECTION('',(0.,0.,-1.));
#11107=DIRECTION('',(0.,0.,-1.));
#11108=DIRECTION('',(-0.117464512473091,-0.993077080749253,0.));
#11109=DIRECTION('',(0.,0.,-1.));
#11110=DIRECTION('',(-1.,0.,0.));
#11111=DIRECTION('',(0.,0.,-1.));
#11112=DIRECTION('',(1.,0.,0.));
#11113=DIRECTION('',(0.,0.,-1.));
#11114=DIRECTION('',(0.0211716599577688,0.99977585528689,0.));
#11115=DIRECTION('',(0.,0.,-1.));
#11116=DIRECTION('',(-1.,0.,0.));
#11117=DIRECTION('',(0.,0.,-1.));
#11118=DIRECTION('',(0.,0.,-1.));
#11119=DIRECTION('',(-1.,0.,0.));
#11120=DIRECTION('',(0.,0.,-1.));
#11121=DIRECTION('',(0.,1.,0.));
#11122=DIRECTION('',(0.,0.,1.));
#11123=DIRECTION('',(1.,0.,0.));
#11124=DIRECTION('',(0.,0.,-1.));
#11125=DIRECTION('',(1.,0.,0.));
#11126=DIRECTION('',(-1.,0.,0.));
#11127=DIRECTION('',(0.,0.,1.));
#11128=DIRECTION('',(0.,1.,0.));
#11129=DIRECTION('',(0.,0.,-1.));
#11130=DIRECTION('',(0.,1.,0.));
#11131=DIRECTION('',(0.,-1.,0.));
#11132=DIRECTION('',(0.,0.,-1.));
#11133=DIRECTION('',(-1.,0.,0.));
#11134=DIRECTION('',(0.,0.,-1.));
#11135=DIRECTION('',(-1.,0.,0.));
#11136=DIRECTION('',(0.,0.,-1.));
#11137=DIRECTION('',(0.,0.,-1.));
#11138=DIRECTION('',(0.,0.,-1.));
#11139=DIRECTION('',(0.873153189239561,-0.487445902763356,0.));
#11140=DIRECTION('',(0.,0.,-1.));
#11141=DIRECTION('',(-1.,0.,0.));
#11142=DIRECTION('',(0.,0.,-1.));
#11143=DIRECTION('',(0.,0.,-1.));
#11144=DIRECTION('',(-1.,0.,0.));
#11145=DIRECTION('',(0.,0.,-1.));
#11146=DIRECTION('',(0.991438866641544,-0.130571718655042,0.));
#11147=DIRECTION('',(0.,0.,-1.));
#11148=DIRECTION('',(-1.,0.,0.));
#11149=DIRECTION('',(0.,0.,-1.));
#11150=DIRECTION('',(0.,0.,-1.));
#11151=DIRECTION('',(-1.,0.,0.));
#11152=DIRECTION('',(0.,0.,-1.));
#11153=DIRECTION('',(0.,0.,-1.));
#11154=DIRECTION('',(0.,0.,-1.));
#11155=DIRECTION('',(0.,0.,-1.));
#11156=DIRECTION('',(0.,1.,0.));
#11157=DIRECTION('',(0.,0.,1.));
#11158=DIRECTION('',(1.,0.,0.));
#11159=DIRECTION('',(0.,0.,-1.));
#11160=DIRECTION('',(1.,0.,0.));
#11161=DIRECTION('',(-1.,0.,0.));
#11162=DIRECTION('',(0.,0.,1.));
#11163=DIRECTION('',(0.,1.,0.));
#11164=DIRECTION('',(0.,0.,-1.));
#11165=DIRECTION('',(0.,1.,0.));
#11166=DIRECTION('',(0.,-1.,0.));
#11167=DIRECTION('',(0.,0.,-1.));
#11168=DIRECTION('',(-1.,0.,0.));
#11169=DIRECTION('',(0.,0.,-1.));
#11170=DIRECTION('',(-1.,0.,0.));
#11171=DIRECTION('',(0.,0.,-1.));
#11172=DIRECTION('',(0.,0.,-1.));
#11173=DIRECTION('',(0.,0.,-1.));
#11174=DIRECTION('',(0.,0.,-1.));
#11175=DIRECTION('',(0.,0.,-1.));
#11176=DIRECTION('',(0.,0.,-1.));
#11177=DIRECTION('',(0.673693284645161,0.739011067727686,0.));
#11178=DIRECTION('',(0.,0.,-1.));
#11179=DIRECTION('',(0.,0.,-1.));
#11180=DIRECTION('',(-1.,0.,0.));
#11181=DIRECTION('',(0.,0.,-1.));
#11182=DIRECTION('',(0.870298074578464,0.492525391614501,0.));
#11183=DIRECTION('',(0.,0.,-1.));
#11184=DIRECTION('',(0.,0.,-1.));
#11185=DIRECTION('',(-1.,0.,0.));
#11186=DIRECTION('',(0.,0.,-1.));
#11187=DIRECTION('',(0.,0.,-1.));
#11188=DIRECTION('',(0.,0.,-1.));
#11189=DIRECTION('',(0.755453409348514,-0.655202370496099,0.));
#11190=DIRECTION('',(0.,0.,-1.));
#11191=DIRECTION('',(0.,0.,-1.));
#11192=DIRECTION('',(-1.,0.,0.));
#11193=DIRECTION('',(0.,0.,-1.));
#11194=DIRECTION('',(0.,0.,-1.));
#11195=DIRECTION('',(0.120270432306117,-0.992741166222545,0.));
#11196=DIRECTION('',(0.,0.,-1.));
#11197=DIRECTION('',(0.,0.,-1.));
#11198=DIRECTION('',(-1.,0.,0.));
#11199=DIRECTION('',(0.,1.,0.));
#11200=DIRECTION('',(0.,0.,1.));
#11201=DIRECTION('',(0.,0.,-1.));
#11202=DIRECTION('',(1.,0.,0.));
#11203=DIRECTION('',(1.,0.,0.));
#11204=DIRECTION('',(0.,0.,-1.));
#11205=DIRECTION('',(0.,0.,-1.));
#11206=DIRECTION('',(0.,-1.,0.));
#11207=DIRECTION('',(0.,-1.,0.));
#11208=DIRECTION('',(0.,0.,-1.));
#11209=DIRECTION('',(0.,0.,-1.));
#11210=DIRECTION('',(-1.,0.,0.));
#11211=DIRECTION('',(0.,0.,-1.));
#11212=DIRECTION('',(0.0559205727255785,0.998435220505589,0.));
#11213=DIRECTION('',(0.,0.,-1.));
#11214=DIRECTION('',(0.,0.,-1.));
#11215=DIRECTION('',(-1.,0.,0.));
#11216=DIRECTION('',(0.,0.,-1.));
#11217=DIRECTION('',(0.,0.,-1.));
#11218=DIRECTION('',(0.370099015424131,0.928992313629176,0.));
#11219=DIRECTION('',(0.,0.,-1.));
#11220=DIRECTION('',(0.,0.,-1.));
#11221=DIRECTION('',(-1.,0.,0.));
#11222=DIRECTION('',(0.,0.,-1.));
#11223=DIRECTION('',(0.601278202091076,0.799039751007497,0.));
#11224=DIRECTION('',(0.,0.,-1.));
#11225=DIRECTION('',(0.,0.,-1.));
#11226=DIRECTION('',(-1.,0.,0.));
#11227=DIRECTION('',(0.,0.,-1.));
#11228=DIRECTION('',(0.,0.,-1.));
#11229=DIRECTION('',(0.,0.,-1.));
#11230=DIRECTION('',(0.,0.,-1.));
#11231=DIRECTION('',(0.,0.,-1.));
#11232=DIRECTION('',(0.571949380337075,-0.82028891637766,0.));
#11233=DIRECTION('',(0.,0.,-1.));
#11234=DIRECTION('',(-1.,0.,0.));
#11235=DIRECTION('',(0.,0.,-1.));
#11236=DIRECTION('',(0.248171741752685,0.968716050551161,0.));
#11237=DIRECTION('',(0.,0.,-1.));
#11238=DIRECTION('',(-1.,0.,0.));
#11239=DIRECTION('',(0.,0.,-1.));
#11240=DIRECTION('',(-1.,0.,0.));
#11241=DIRECTION('',(0.,0.,-1.));
#11242=DIRECTION('',(1.,0.,0.));
#11243=DIRECTION('',(0.,0.,1.));
#11244=DIRECTION('',(1.,0.,0.));
#11245=DIRECTION('',(0.,0.,-1.));
#11246=DIRECTION('',(0.978320852126653,0.207094930633706,0.));
#11247=DIRECTION('',(0.,0.,-1.));
#11248=DIRECTION('',(0.,0.,-1.));
#11249=DIRECTION('',(-1.,0.,0.));
#11250=DIRECTION('',(0.,0.,-1.));
#11251=DIRECTION('',(0.,0.,-1.));
#11252=DIRECTION('',(0.,0.,-1.));
#11253=DIRECTION('',(0.735877819264027,-0.67711434419544,0.));
#11254=DIRECTION('',(0.,0.,-1.));
#11255=DIRECTION('',(0.,0.,-1.));
#11256=DIRECTION('',(-1.,0.,0.));
#11257=DIRECTION('',(0.,0.,-1.));
#11258=DIRECTION('',(0.495809668075047,-0.868431213766129,0.));
#11259=DIRECTION('',(0.,0.,-1.));
#11260=DIRECTION('',(0.,0.,-1.));
#11261=DIRECTION('',(-1.,0.,0.));
#11262=DIRECTION('',(0.,0.,-1.));
#11263=DIRECTION('',(-0.438246338139779,0.898854908818478,0.));
#11264=DIRECTION('',(0.,0.,-1.));
#11265=DIRECTION('',(0.,0.,-1.));
#11266=DIRECTION('',(-1.,0.,0.));
#11267=DIRECTION('',(0.,0.,-1.));
#11268=DIRECTION('',(0.,0.,-1.));
#11269=DIRECTION('',(0.,0.,-1.));
#11270=DIRECTION('',(0.,0.,-1.));
#11271=DIRECTION('',(-0.82049551000317,-0.571652969960481,0.));
#11272=DIRECTION('',(0.,0.,-1.));
#11273=DIRECTION('',(0.,0.,-1.));
#11274=DIRECTION('',(-1.,0.,0.));
#11275=DIRECTION('',(0.,0.,-1.));
#11276=DIRECTION('',(-0.59146823984453,-0.8063282962015,0.));
#11277=DIRECTION('',(0.,0.,-1.));
#11278=DIRECTION('',(0.,0.,-1.));
#11279=DIRECTION('',(-1.,0.,0.));
#11280=DIRECTION('',(0.,0.,-1.));
#11281=DIRECTION('',(-0.289783726544023,-0.957092154303993,0.));
#11282=DIRECTION('',(0.,0.,-1.));
#11283=DIRECTION('',(0.,0.,-1.));
#11284=DIRECTION('',(-1.,0.,0.));
#11285=DIRECTION('',(0.,0.,-1.));
#11286=DIRECTION('',(0.,0.,-1.));
#11287=DIRECTION('',(0.,0.,-1.));
#11288=DIRECTION('',(0.,0.,-1.));
#11289=DIRECTION('',(-0.506878723472086,0.862017377836032,0.));
#11290=DIRECTION('',(0.,0.,-1.));
#11291=DIRECTION('',(0.,0.,-1.));
#11292=DIRECTION('',(-1.,0.,0.));
#11293=DIRECTION('',(0.,0.,-1.));
#11294=DIRECTION('',(0.,0.,-1.));
#11295=DIRECTION('',(0.881748653640957,0.471719526628227,0.));
#11296=DIRECTION('',(0.,0.,-1.));
#11297=DIRECTION('',(0.,0.,-1.));
#11298=DIRECTION('',(-1.,0.,0.));
#11299=DIRECTION('',(-0.88846151624756,-0.458951123919625,2.49990837685008E-26));
#11300=DIRECTION('',(0.458951123919625,-0.88846151624756,4.97114338256753E-34));
#11301=DIRECTION('',(0.,0.,-1.));
#11302=DIRECTION('',(0.458951123919625,-0.88846151624756,4.97114338256753E-34));
#11303=DIRECTION('',(0.,0.,-1.));
#11304=DIRECTION('',(0.89669950554407,0.442639804758927,0.));
#11305=DIRECTION('',(0.,0.,-1.));
#11306=DIRECTION('',(0.,0.,-1.));
#11307=DIRECTION('',(-1.,0.,0.));
#11308=DIRECTION('',(0.,0.,-1.));
#11309=DIRECTION('',(0.,0.,-1.));
#11310=DIRECTION('',(0.0902491777737736,-0.995919216558832,0.));
#11311=DIRECTION('',(0.,0.,-1.));
#11312=DIRECTION('',(0.,0.,-1.));
#11313=DIRECTION('',(-1.,0.,0.));
#11314=DIRECTION('',(0.,0.,-1.));
#11315=DIRECTION('',(-0.163056550127577,-0.986616724701387,0.));
#11316=DIRECTION('',(0.,0.,-1.));
#11317=DIRECTION('',(0.,0.,-1.));
#11318=DIRECTION('',(-1.,0.,0.));
#11319=DIRECTION('',(0.,0.,-1.));
#11320=DIRECTION('',(0.,0.,-1.));
#11321=DIRECTION('',(-0.79841300503979,-0.602110183756538,0.));
#11322=DIRECTION('',(0.,0.,-1.));
#11323=DIRECTION('',(0.,0.,-1.));
#11324=DIRECTION('',(-1.,0.,0.));
#11325=DIRECTION('',(0.,0.,-1.));
#11326=DIRECTION('',(0.,0.,-1.));
#11327=DIRECTION('',(0.,0.,-1.));
#11328=DIRECTION('',(-0.733477738657489,0.679713474115304,0.));
#11329=DIRECTION('',(0.,0.,-1.));
#11330=DIRECTION('',(0.,0.,-1.));
#11331=DIRECTION('',(-1.,0.,0.));
#11332=DIRECTION('',(0.,0.,-1.));
#11333=DIRECTION('',(-0.522808908198275,0.852449907917484,0.));
#11334=DIRECTION('',(0.,0.,-1.));
#11335=DIRECTION('',(0.,0.,-1.));
#11336=DIRECTION('',(-1.,0.,0.));
#11337=DIRECTION('',(0.,0.,-1.));
#11338=DIRECTION('',(0.464016556321444,-0.885826526730594,0.));
#11339=DIRECTION('',(0.,0.,-1.));
#11340=DIRECTION('',(0.,0.,-1.));
#11341=DIRECTION('',(-1.,0.,0.));
#11342=DIRECTION('',(0.,0.,-1.));
#11343=DIRECTION('',(0.,0.,-1.));
#11344=DIRECTION('',(0.,0.,-1.));
#11345=DIRECTION('',(0.,0.,-1.));
#11346=DIRECTION('',(0.,0.,-1.));
#11347=DIRECTION('',(-0.0903304265817117,0.995911850533754,0.));
#11348=DIRECTION('',(0.,0.,-1.));
#11349=DIRECTION('',(0.,0.,-1.));
#11350=DIRECTION('',(-1.,0.,0.));
#11351=DIRECTION('',(0.,0.,-1.));
#11352=DIRECTION('',(-0.22196746606111,0.975054072352098,0.));
#11353=DIRECTION('',(0.,0.,-1.));
#11354=DIRECTION('',(0.,0.,-1.));
#11355=DIRECTION('',(-1.,0.,0.));
#11356=DIRECTION('',(0.,0.,-1.));
#11357=DIRECTION('',(-0.300447127402209,0.953798471185481,0.));
#11358=DIRECTION('',(0.,0.,-1.));
#11359=DIRECTION('',(0.,0.,-1.));
#11360=DIRECTION('',(-1.,0.,0.));
#11361=DIRECTION('',(0.,0.,-1.));
#11362=DIRECTION('',(0.97119508136872,0.238285782045857,0.));
#11363=DIRECTION('',(-0.238285782045857,0.97119508136872,0.));
#11364=DIRECTION('',(0.,0.,-1.));
#11365=DIRECTION('',(0.238285782045857,-0.97119508136872,0.));
#11366=DIRECTION('',(0.,0.,-1.));
#11367=DIRECTION('',(-0.53395322265695,0.845514018815926,0.));
#11368=DIRECTION('',(0.,0.,-1.));
#11369=DIRECTION('',(0.,0.,-1.));
#11370=DIRECTION('',(-1.,0.,0.));
#11371=DIRECTION('',(0.,0.,-1.));
#11372=DIRECTION('',(-0.318186690202523,0.94802807457267,0.));
#11373=DIRECTION('',(0.,0.,-1.));
#11374=DIRECTION('',(0.,0.,-1.));
#11375=DIRECTION('',(-1.,0.,0.));
#11376=DIRECTION('',(0.,0.,-1.));
#11377=DIRECTION('',(-0.161986894350724,0.986792909408356,0.));
#11378=DIRECTION('',(0.,0.,-1.));
#11379=DIRECTION('',(0.,0.,-1.));
#11380=DIRECTION('',(-1.,0.,0.));
#11381=DIRECTION('',(0.,0.,-1.));
#11382=DIRECTION('',(-0.0494891947600463,0.998774659070805,0.));
#11383=DIRECTION('',(0.,0.,-1.));
#11384=DIRECTION('',(0.,0.,-1.));
#11385=DIRECTION('',(-1.,0.,0.));
#11386=DIRECTION('',(0.,0.,-1.));
#11387=DIRECTION('',(0.,0.,-1.));
#11388=DIRECTION('',(0.,0.,-1.));
#11389=DIRECTION('',(0.817784105915316,0.575525113363689,0.));
#11390=DIRECTION('',(0.,0.,-1.));
#11391=DIRECTION('',(-1.,0.,0.));
#11392=DIRECTION('',(0.,0.,-1.));
#11393=DIRECTION('',(1.,0.,0.));
#11394=DIRECTION('',(0.,0.,1.));
#11395=DIRECTION('',(1.,0.,0.));
#11396=DIRECTION('',(0.,0.,1.));
#11397=DIRECTION('',(1.,0.,0.));
#11398=DIRECTION('',(0.,0.,1.));
#11399=DIRECTION('',(1.,0.,0.));
#11400=DIRECTION('',(0.,0.,-1.));
#11401=DIRECTION('',(0.991192900281343,-0.132425958300701,0.));
#11402=DIRECTION('',(0.,0.,-1.));
#11403=DIRECTION('',(0.,0.,-1.));
#11404=DIRECTION('',(-1.,0.,0.));
#11405=DIRECTION('',(0.,0.,-1.));
#11406=DIRECTION('',(0.,0.,-1.));
#11407=DIRECTION('',(0.606899299064569,-0.794778737004793,0.));
#11408=DIRECTION('',(0.,0.,-1.));
#11409=DIRECTION('',(0.,0.,-1.));
#11410=DIRECTION('',(-1.,0.,0.));
#11411=DIRECTION('',(0.,0.,-1.));
#11412=DIRECTION('',(-0.139582623102551,-0.990210427801996,0.));
#11413=DIRECTION('',(0.,0.,-1.));
#11414=DIRECTION('',(0.,0.,-1.));
#11415=DIRECTION('',(-1.,0.,0.));
#11416=DIRECTION('',(0.,0.,-1.));
#11417=DIRECTION('',(-0.790311103572087,-0.612705769167118,0.));
#11418=DIRECTION('',(0.,0.,-1.));
#11419=DIRECTION('',(0.,0.,-1.));
#11420=DIRECTION('',(-1.,0.,0.));
#11421=DIRECTION('',(0.,0.,-1.));
#11422=DIRECTION('',(-0.991901650974692,0.127008325686472,0.));
#11423=DIRECTION('',(0.,0.,-1.));
#11424=DIRECTION('',(0.,0.,-1.));
#11425=DIRECTION('',(-1.,0.,0.));
#11426=DIRECTION('',(0.,0.,-1.));
#11427=DIRECTION('',(-0.615041511153875,0.788494730202782,0.));
#11428=DIRECTION('',(0.,0.,-1.));
#11429=DIRECTION('',(0.,0.,-1.));
#11430=DIRECTION('',(-1.,0.,0.));
#11431=DIRECTION('',(0.,0.,-1.));
#11432=DIRECTION('',(0.127020607031867,0.991900078329091,0.));
#11433=DIRECTION('',(0.,0.,-1.));
#11434=DIRECTION('',(0.,0.,-1.));
#11435=DIRECTION('',(-1.,0.,0.));
#11436=DIRECTION('',(0.,0.,-1.));
#11437=DIRECTION('',(0.792919989132382,0.609325767413707,0.));
#11438=DIRECTION('',(0.,0.,-1.));
#11439=DIRECTION('',(-1.,0.,0.));
#11440=DIRECTION('',(0.,0.,-1.));
#11441=DIRECTION('',(1.,0.,0.));
#11442=DIRECTION('',(-0.499999999999993,-0.866025403784443,0.));
#11443=DIRECTION('',(0.866025403784443,-0.499999999999993,0.));
#11444=DIRECTION('',(0.,0.,-1.));
#11445=DIRECTION('',(-0.866025403784443,0.499999999999993,0.));
#11446=DIRECTION('',(0.,0.,-1.));
#11447=DIRECTION('',(-0.86602540378444,0.5,0.));
#11448=DIRECTION('',(-0.5,-0.86602540378444,0.));
#11449=DIRECTION('',(0.,0.,-1.));
#11450=DIRECTION('',(0.5,0.86602540378444,0.));
#11451=DIRECTION('',(0.499999999999993,0.866025403784443,0.));
#11452=DIRECTION('',(-0.866025403784443,0.499999999999993,0.));
#11453=DIRECTION('',(0.,0.,-1.));
#11454=DIRECTION('',(0.866025403784443,-0.499999999999993,0.));
#11455=DIRECTION('',(0.965814989455205,0.259232340080558,0.));
#11456=DIRECTION('',(-0.259232340080558,0.965814989455205,0.));
#11457=DIRECTION('',(0.,0.,-1.));
#11458=DIRECTION('',(0.259232340080558,-0.965814989455205,0.));
#11459=DIRECTION('',(0.258819045102523,-0.965925826289068,0.));
#11460=DIRECTION('',(0.965925826289068,0.258819045102523,0.));
#11461=DIRECTION('',(0.,0.,-1.));
#11462=DIRECTION('',(-0.965925826289068,-0.258819045102523,0.));
#11463=DIRECTION('',(-0.965925826289069,-0.258819045102519,0.));
#11464=DIRECTION('',(0.258819045102519,-0.965925826289069,0.));
#11465=DIRECTION('',(0.,0.,-1.));
#11466=DIRECTION('',(-0.258819045102519,0.965925826289069,0.));
#11467=DIRECTION('',(0.866025403784438,-0.5,0.));
#11468=DIRECTION('',(0.5,0.866025403784438,0.));
#11469=DIRECTION('',(-0.5,-0.866025403784438,0.));
#11470=DIRECTION('',(0.,0.,-1.));
#11471=DIRECTION('',(1.,0.,0.));
#11472=DIRECTION('',(0.679807648061855,-0.733390456466819,0.));
#11473=DIRECTION('',(0.733390456466819,0.679807648061855,0.));
#11474=DIRECTION('',(0.,0.,-1.));
#11475=DIRECTION('',(-0.733390456466819,-0.679807648061855,0.));
#11476=DIRECTION('',(0.,0.,-1.));
#11477=DIRECTION('',(-0.5,-0.866025403784438,0.));
#11478=DIRECTION('',(0.866025403784438,-0.5,0.));
#11479=DIRECTION('',(0.,0.,-1.));
#11480=DIRECTION('',(-0.866025403784438,0.5,0.));
#11481=DIRECTION('',(-0.977956144559542,0.208810390829182,0.));
#11482=DIRECTION('',(-0.208810390829182,-0.977956144559542,0.));
#11483=DIRECTION('',(0.,0.,-1.));
#11484=DIRECTION('',(0.208810390829182,0.977956144559542,0.));
#11485=DIRECTION('',(0.5,0.866025403784441,0.));
#11486=DIRECTION('',(-0.866025403784441,0.5,0.));
#11487=DIRECTION('',(0.,0.,-1.));
#11488=DIRECTION('',(0.866025403784441,-0.5,0.));
#11489=DIRECTION('',(0.969797786905866,-0.24391033703491,0.));
#11490=DIRECTION('',(0.24391033703491,0.969797786905866,0.));
#11491=DIRECTION('',(0.,0.,-1.));
#11492=DIRECTION('',(-0.24391033703491,-0.969797786905866,0.));
#11493=DIRECTION('',(-0.70645902691667,0.707753942615618,0.));
#11494=DIRECTION('',(-0.707753942615618,-0.70645902691667,0.));
#11495=DIRECTION('',(0.,0.,-1.));
#11496=DIRECTION('',(0.707753942615618,0.70645902691667,0.));
#11497=DIRECTION('',(0.500000000000007,0.866025403784435,0.));
#11498=DIRECTION('',(-0.866025403784435,0.500000000000007,0.));
#11499=DIRECTION('',(0.866025403784435,-0.500000000000007,0.));
#11500=DIRECTION('',(0.,0.,-1.));
#11501=DIRECTION('',(1.,0.,0.));
#11502=DIRECTION('',(1.,0.,0.));
#11503=DIRECTION('',(0.,0.,-1.));
#11504=DIRECTION('',(1.,0.,0.));
#11505=DIRECTION('',(1.,0.,0.));
#11506=DIRECTION('',(0.,0.,-1.));
#11507=DIRECTION('',(1.,0.,0.));
#11508=DIRECTION('',(0.,0.,-1.));
#11509=DIRECTION('',(1.,0.,0.));
#11510=DIRECTION('',(0.,0.,-1.));
#11511=DIRECTION('',(1.,0.,0.));
#11512=DIRECTION('',(0.,0.,-1.));
#11513=DIRECTION('',(1.,3.46944695195362E-16,0.));
#11514=DIRECTION('',(-3.46944695195362E-16,1.,0.));
#11515=DIRECTION('',(1.,3.46944695195362E-16,0.));
#11516=DIRECTION('',(1.,3.46944695195362E-16,0.));
#11517=DIRECTION('',(-3.46944695195362E-16,1.,0.));
#11518=DIRECTION('',(0.,1.,0.));
#11519=DIRECTION('',(0.,0.,1.));
#11520=DIRECTION('',(0.,1.,0.));
#11521=DIRECTION('',(0.,0.,1.));
#11522=CARTESIAN_POINT('',(0.,0.,0.));
#11523=CARTESIAN_POINT('',(0.0745,-0.02125,0.035));
#11524=CARTESIAN_POINT('',(0.0745,-0.0476,0.035));
#11525=CARTESIAN_POINT('',(0.0745,-0.0476,0.035));
#11526=CARTESIAN_POINT('',(0.0745,-0.0476,0.0225));
#11527=CARTESIAN_POINT('',(0.0745,-0.04875,0.035));
#11528=CARTESIAN_POINT('',(0.0745,-0.0470859521458148,0.035));
#11529=CARTESIAN_POINT('',(0.0745,-0.0325,0.0385));
#11530=CARTESIAN_POINT('',(0.0745,-0.035,0.0237098005422509));
#11531=CARTESIAN_POINT('',(0.0745,-0.0375,0.0385));
#11532=CARTESIAN_POINT('',(0.0745,-0.0229140478541852,0.035));
#11533=CARTESIAN_POINT('',(0.0745,-0.02125,0.035));
#11534=CARTESIAN_POINT('',(0.0745,-0.0224,0.035));
#11535=CARTESIAN_POINT('',(0.0745,-0.0224,0.035));
#11536=CARTESIAN_POINT('',(0.0745,-0.0224,0.0225));
#11537=CARTESIAN_POINT('',(0.0745,-0.04875,0.0225));
#11538=CARTESIAN_POINT('',(0.0906556282806193,-0.0499758264989563,0.0225));
#11539=CARTESIAN_POINT('',(0.071,-0.04875,0.0225));
#11540=CARTESIAN_POINT('',(0.071,-0.0224,0.0225));
#11541=CARTESIAN_POINT('',(0.071,-0.0476,0.0225));
#11542=CARTESIAN_POINT('',(0.07275,-0.0476,0.0225));
#11543=CARTESIAN_POINT('',(0.07275,-0.0224,0.0225));
#11544=CARTESIAN_POINT('',(0.071,-0.02125,0.035));
#11545=CARTESIAN_POINT('',(0.071,-0.04875,0.035));
#11546=CARTESIAN_POINT('',(0.071,-0.047290199457749,0.035));
#11547=CARTESIAN_POINT('',(0.071,-0.0476,0.035));
#11548=CARTESIAN_POINT('',(0.071,-0.0476,0.035));
#11549=CARTESIAN_POINT('',(0.071,-0.0224,0.035));
#11550=CARTESIAN_POINT('',(0.071,-0.0224,0.035));
#11551=CARTESIAN_POINT('',(0.071,-0.02125,0.035));
#11552=CARTESIAN_POINT('',(0.071,-0.0227098005422509,0.035));
#11553=CARTESIAN_POINT('',(0.071,-0.0375,0.0375));
#11554=CARTESIAN_POINT('',(0.071,-0.035,0.0227098005422509));
#11555=CARTESIAN_POINT('',(0.071,-0.0325,0.0375));
#11556=CARTESIAN_POINT('',(0.0845,-0.0475,0.035));
#11557=CARTESIAN_POINT('',(0.0795,-0.0475,0.0235));
#11558=CARTESIAN_POINT('',(0.0795,-0.0475,0.035));
#11559=CARTESIAN_POINT('',(0.0795,-0.0475,0.0225));
#11560=CARTESIAN_POINT('',(0.0845,-0.0475,0.035));
#11561=CARTESIAN_POINT('',(0.093558436086737,-0.0475,0.035));
#11562=CARTESIAN_POINT('',(0.093558436086737,-0.0475,0.0217031250965831));
#11563=CARTESIAN_POINT('',(0.093558436086737,-0.0475,0.0223367617780298));
#11564=CARTESIAN_POINT('',(0.0926698729810778,-0.0475,0.02));
#11565=CARTESIAN_POINT('',(0.0926698729810778,-0.0475,0.0225));
#11566=CARTESIAN_POINT('',(0.0845,-0.0475,0.0225));
#11567=CARTESIAN_POINT('',(0.08025,-0.035,0.0225));
#11568=CARTESIAN_POINT('',(0.0845,-0.0225,0.0225));
#11569=CARTESIAN_POINT('',(0.0926698729810778,-0.0225,0.0225));
#11570=CARTESIAN_POINT('',(0.0795,-0.0225,0.0225));
#11571=CARTESIAN_POINT('',(0.0795,-0.035,0.0225));
#11572=CARTESIAN_POINT('',(0.0926698729810778,-0.0225,0.0225));
#11573=CARTESIAN_POINT('',(0.107286553794009,-0.0620314344650402,0.));
#11574=CARTESIAN_POINT('',(0.137243742261555,-0.0786639843278901,0.));
#11575=CARTESIAN_POINT('',(0.137828225145522,-0.0790014356782852,0.));
#11576=CARTESIAN_POINT('',(0.136659259377588,-0.078326532977495,0.));
#11577=CARTESIAN_POINT('',(0.135097607060097,-0.0810313941351458,0.));
#11578=CARTESIAN_POINT('',(0.133535954742607,-0.0837362552927966,0.));
#11579=CARTESIAN_POINT('',(0.133331659988107,-0.0829738168892809,0.));
#11580=CARTESIAN_POINT('',(0.133127365233606,-0.0822113784857652,0.));
#11581=CARTESIAN_POINT('',(0.132477298892732,-0.082385563236829,0.));
#11582=CARTESIAN_POINT('',(0.131827232551858,-0.0825597479878928,0.));
#11583=CARTESIAN_POINT('',(0.132206154326558,-0.0839714866996692,0.));
#11584=CARTESIAN_POINT('',(0.132585076101258,-0.0853832254114456,0.));
#11585=CARTESIAN_POINT('',(0.133169558985225,-0.0857206767618406,0.));
#11586=CARTESIAN_POINT('',(0.133754041869192,-0.0860581281122357,0.));
#11587=CARTESIAN_POINT('',(0.135791133507357,-0.0825297818952605,0.));
#11588=CARTESIAN_POINT('',(0.00647446365346904,-0.0316138053774499,0.));
#11589=CARTESIAN_POINT('',(0.0103548177083334,-0.031611328125,0.));
#11590=CARTESIAN_POINT('',(0.0100193002741372,-0.0300342834831558,0.));
#11591=CARTESIAN_POINT('',(0.00624956844077997,-0.031685611668138,0.));
#11592=CARTESIAN_POINT('',(0.00907389322916669,-0.02869140625,0.));
#11593=CARTESIAN_POINT('',(0.00907389322916669,-0.02869140625,0.));
#11594=CARTESIAN_POINT('',(0.00846354166666669,-0.0281119791666667,0.));
#11595=CARTESIAN_POINT('',(0.00756835937500002,-0.0277652994791667,0.));
#11596=CARTESIAN_POINT('',(0.00756835937500002,-0.0277652994791667,0.));
#11597=CARTESIAN_POINT('',(0.00756835937500002,-0.0277652994791667,0.));
#11598=CARTESIAN_POINT('',(0.00667317708333336,-0.0274186197916667,0.));
#11599=CARTESIAN_POINT('',(0.00553385416666669,-0.0274186197916667,0.));
#11600=CARTESIAN_POINT('',(0.00553385416666669,-0.0274186197916667,0.));
#11601=CARTESIAN_POINT('',(0.00555371874233506,-0.0378424926426486,0.));
#11602=CARTESIAN_POINT('',(0.00452636827052938,-0.0274690861362158,0.));
#11603=CARTESIAN_POINT('',(0.00532922434137775,-0.0356060594990484,0.));
#11604=CARTESIAN_POINT('',(0.00347820962163049,-0.0276416868914754,0.));
#11605=CARTESIAN_POINT('',(0.00467918970026232,-0.0329024686320327,0.));
#11606=CARTESIAN_POINT('',(0.00247245510264122,-0.0279788016902446,0.));
#11607=CARTESIAN_POINT('',(0.00381205378858976,-0.0310410307419355,0.));
#11608=CARTESIAN_POINT('',(0.00164693358191694,-0.0284952711204897,0.));
#11609=CARTESIAN_POINT('',(0.00186197916666669,-0.0293717447916667,0.));
#11610=CARTESIAN_POINT('',(0.0020768229166667,-0.0302473958333334,0.));
#11611=CARTESIAN_POINT('',(0.0020768229166667,-0.0302473958333334,0.));
#11612=CARTESIAN_POINT('',(0.0023600260416667,-0.0300846354166667,0.));
#11613=CARTESIAN_POINT('',(0.00279785156250002,-0.029931640625,0.));
#11614=CARTESIAN_POINT('',(0.00279785156250002,-0.029931640625,0.));
#11615=CARTESIAN_POINT('',(0.00791034473415534,-0.0446008687906678,0.));
#11616=CARTESIAN_POINT('',(0.00370280704233404,-0.0296468366793656,0.));
#11617=CARTESIAN_POINT('',(0.0062349788402997,-0.0385971397887512,0.));
#11618=CARTESIAN_POINT('',(0.00463871293834306,-0.0294338148332326,0.));
#11619=CARTESIAN_POINT('',(0.00555711517664846,-0.0345009957481468,0.));
#11620=CARTESIAN_POINT('',(0.00551432291666669,-0.0293522135416667,0.));
#11621=CARTESIAN_POINT('',(0.00551432291666669,-0.0293522135416667,0.));
#11622=CARTESIAN_POINT('',(0.00675455729166669,-0.0293522135416667,0.));
#11623=CARTESIAN_POINT('',(0.00741536458333336,-0.029931640625,0.));
#11624=CARTESIAN_POINT('',(0.00741536458333336,-0.029931640625,0.));
#11625=CARTESIAN_POINT('',(0.00741536458333336,-0.029931640625,0.));
#11626=CARTESIAN_POINT('',(0.00807617187500002,-0.0305110677083333,0.));
#11627=CARTESIAN_POINT('',(0.00807617187500002,-0.031650390625,0.));
#11628=CARTESIAN_POINT('',(0.00807617187500002,-0.031650390625,0.));
#11629=CARTESIAN_POINT('',(0.00807617187500002,-0.031650390625,0.));
#11630=CARTESIAN_POINT('',(0.00807617187500002,-0.03234375,0.));
#11631=CARTESIAN_POINT('',(0.00760904947916669,-0.03283203125,0.));
#11632=CARTESIAN_POINT('',(0.00760904947916669,-0.03283203125,0.));
#11633=CARTESIAN_POINT('',(0.00760904947916669,-0.03283203125,0.));
#11634=CARTESIAN_POINT('',(0.00714192708333336,-0.0333203125,0.));
#11635=CARTESIAN_POINT('',(0.00644042968750003,-0.0337158203125,0.));
#11636=CARTESIAN_POINT('',(0.00644042968750003,-0.0337158203125,0.));
#11637=CARTESIAN_POINT('',(-0.0077060158372344,-0.00849837937446389,0.));
#11638=CARTESIAN_POINT('',(0.0049251016293169,-0.0345084045080218,0.));
#11639=CARTESIAN_POINT('',(0.00897958427843746,-0.0428376494521539,0.));
#11640=CARTESIAN_POINT('',(0.0033985567075212,-0.0354444961976146,0.));
#11641=CARTESIAN_POINT('',(0.00631126805157873,-0.0393345099176567,0.));
#11642=CARTESIAN_POINT('',(0.0022184244791667,-0.0367154947916667,0.));
#11643=CARTESIAN_POINT('',(0.0022184244791667,-0.0367154947916667,0.));
#11644=CARTESIAN_POINT('',(0.00175130208333336,-0.0374479166666667,0.));
#11645=CARTESIAN_POINT('',(0.00175130208333336,-0.0385481770833334,0.));
#11646=CARTESIAN_POINT('',(0.00175130208333336,-0.0385481770833334,0.));
#11647=CARTESIAN_POINT('',(0.00175130208333336,-0.0385481770833334,0.));
#11648=CARTESIAN_POINT('',(0.00175130208333336,-0.0395442708333334,0.));
#11649=CARTESIAN_POINT('',(0.00211751302083336,-0.0403173828125,0.));
#11650=CARTESIAN_POINT('',(0.00211751302083336,-0.0403173828125,0.));
#11651=CARTESIAN_POINT('',(0.00570770907160707,-0.0386484549150901,0.));
#11652=CARTESIAN_POINT('',(0.00310384114583336,-0.0416292317708334,0.));
#11653=CARTESIAN_POINT('',(0.00310384114583336,-0.0416292317708334,0.));
#11654=CARTESIAN_POINT('',(0.00372395833333336,-0.04216796875,0.));
#11655=CARTESIAN_POINT('',(0.00454752604166669,-0.0424527994791667,0.));
#11656=CARTESIAN_POINT('',(0.00454752604166669,-0.0424527994791667,0.));
#11657=CARTESIAN_POINT('',(0.00625476248206908,-0.0374574269438214,0.));
#11658=CARTESIAN_POINT('',(0.00628580543936056,-0.0427374015504833,0.));
#11659=CARTESIAN_POINT('',(0.00626799869270176,-0.0321030688227095,0.));
#11660=CARTESIAN_POINT('',(0.00817871093750002,-0.0425651041666667,0.));
#11661=CARTESIAN_POINT('',(0.00817871093750002,-0.0425651041666667,0.));
#11662=CARTESIAN_POINT('',(0.00913411458333336,-0.042392578125,0.));
#11663=CARTESIAN_POINT('',(0.00972656250000002,-0.0420052083333333,0.));
#11664=CARTESIAN_POINT('',(0.00972656250000002,-0.0420052083333333,0.));
#11665=CARTESIAN_POINT('',(-0.00613174307453172,-0.049490804958559,0.));
#11666=CARTESIAN_POINT('',(0.0094401044436708,-0.0414257811938727,0.));
#11667=CARTESIAN_POINT('',(0.00928458230537283,-0.0411245031524124,0.));
#11668=CARTESIAN_POINT('',(0.00913573630084181,-0.0408365914196797,0.));
#11669=CARTESIAN_POINT('',(-0.00649603155478884,-0.0488777160123984,0.));
#11670=CARTESIAN_POINT('',(0.00889160156250003,-0.0403792317708334,0.));
#11671=CARTESIAN_POINT('',(0.00889160156250003,-0.0403792317708334,0.));
#11672=CARTESIAN_POINT('',(0.00878906250000002,-0.0401953125,0.));
#11673=CARTESIAN_POINT('',(0.00876953125000003,-0.04017578125,0.));
#11674=CARTESIAN_POINT('',(0.00876953125000003,-0.04017578125,0.));
#11675=CARTESIAN_POINT('',(0.00997040393534343,-0.0425117752046233,0.));
#11676=CARTESIAN_POINT('',(0.00849446614583336,-0.0403385416666667,0.));
#11677=CARTESIAN_POINT('',(0.00849446614583336,-0.0403385416666667,0.));
#11678=CARTESIAN_POINT('',(0.00834309895833336,-0.040439453125,0.));
#11679=CARTESIAN_POINT('',(0.00805826822916669,-0.0405419921875,0.));
#11680=CARTESIAN_POINT('',(0.00805826822916669,-0.0405419921875,0.));
#11681=CARTESIAN_POINT('',(0.00805826822916669,-0.0405419921875,0.));
#11682=CARTESIAN_POINT('',(0.00777343750000002,-0.04064453125,0.));
#11683=CARTESIAN_POINT('',(0.00730468750000003,-0.0406852213541666,0.));
#11684=CARTESIAN_POINT('',(0.00730468750000003,-0.0406852213541666,0.));
#11685=CARTESIAN_POINT('',(0.00730468750000003,-0.0406852213541666,0.));
#11686=CARTESIAN_POINT('',(0.00683593750000002,-0.0407259114583334,0.));
#11687=CARTESIAN_POINT('',(0.00610351562500003,-0.0406640625,0.));
#11688=CARTESIAN_POINT('',(0.00610351562500003,-0.0406640625,0.));
#11689=CARTESIAN_POINT('',(0.00632173514735711,-0.0385532712675552,0.));
#11690=CARTESIAN_POINT('',(0.00533044231436076,-0.0404296133626067,0.));
#11691=CARTESIAN_POINT('',(0.0065598861745615,-0.0380668185710352,0.));
#11692=CARTESIAN_POINT('',(0.00467939821200716,-0.0399527624700918,0.));
#11693=CARTESIAN_POINT('',(0.00621702000513434,-0.0384015687590532,0.));
#11694=CARTESIAN_POINT('',(0.00423177083333336,-0.0393115234375,0.));
#11695=CARTESIAN_POINT('',(0.00423177083333336,-0.0393115234375,0.));
#11696=CARTESIAN_POINT('',(0.00406901041666669,-0.038955078125,0.));
#11697=CARTESIAN_POINT('',(0.00406901041666669,-0.0386295572916667,0.));
#11698=CARTESIAN_POINT('',(0.00406901041666669,-0.0386295572916667,0.));
#11699=CARTESIAN_POINT('',(0.00406901041666669,-0.0386295572916667,0.));
#11700=CARTESIAN_POINT('',(0.00406901041666669,-0.0378157552083334,0.));
#11701=CARTESIAN_POINT('',(0.00453776041666669,-0.0373177083333334,0.));
#11702=CARTESIAN_POINT('',(0.00453776041666669,-0.0373177083333334,0.));
#11703=CARTESIAN_POINT('',(0.00453776041666669,-0.0373177083333334,0.));
#11704=CARTESIAN_POINT('',(0.00500651041666669,-0.0368196614583334,0.));
#11705=CARTESIAN_POINT('',(0.00569824218750003,-0.0364420572916667,0.));
#11706=CARTESIAN_POINT('',(0.00569824218750003,-0.0364420572916667,0.));
#11707=CARTESIAN_POINT('',(0.0147420826365259,-0.0531379546668892,0.));
#11708=CARTESIAN_POINT('',(0.00720380584370846,-0.0357097047580211,0.));
#11709=CARTESIAN_POINT('',(0.00400683670191646,-0.028340358608892,0.));
#11710=CARTESIAN_POINT('',(0.00871917640951814,-0.0348455160232439,0.));
#11711=CARTESIAN_POINT('',(0.00614199210046852,-0.0313096057276132,0.));
#11712=CARTESIAN_POINT('',(0.00988769531250002,-0.0335725911458334,0.));
#11713=CARTESIAN_POINT('',(0.00988769531250002,-0.0335725911458334,0.));
#11714=CARTESIAN_POINT('',(0.0103548177083334,-0.0328092447916667,0.));
#11715=CARTESIAN_POINT('',(0.0103548177083334,-0.031611328125,0.));
#11716=CARTESIAN_POINT('',(0.0750162760416667,-0.036494140625,0.));
#11717=CARTESIAN_POINT('',(0.0744466145833333,-0.0366569010416667,0.));
#11718=CARTESIAN_POINT('',(0.0736328125,-0.0366764322916667,0.));
#11719=CARTESIAN_POINT('',(0.0750162760416667,-0.036494140625,0.));
#11720=CARTESIAN_POINT('',(0.0736328125,-0.0366764322916667,0.));
#11721=CARTESIAN_POINT('',(0.0736363311607108,-0.0304320987426006,0.));
#11722=CARTESIAN_POINT('',(0.072177734375,-0.03650390625,0.));
#11723=CARTESIAN_POINT('',(0.072177734375,-0.03650390625,0.));
#11724=CARTESIAN_POINT('',(0.071455078125,-0.0363313802083333,0.));
#11725=CARTESIAN_POINT('',(0.0710286458333333,-0.0359244791666667,0.));
#11726=CARTESIAN_POINT('',(0.0710286458333333,-0.0359244791666666,0.));
#11727=CARTESIAN_POINT('',(0.0710286458333333,-0.0295149739583334,0.));
#11728=CARTESIAN_POINT('',(0.0710286458333333,-0.0275,0.));
#11729=CARTESIAN_POINT('',(0.0697981770833333,-0.0275,0.));
#11730=CARTESIAN_POINT('',(0.0685677083333333,-0.0275,0.));
#11731=CARTESIAN_POINT('',(0.0685677083333333,-0.0332373046875,0.));
#11732=CARTESIAN_POINT('',(0.0685677083333333,-0.038974609375,0.));
#11733=CARTESIAN_POINT('',(0.0696663411458333,-0.038974609375,0.));
#11734=CARTESIAN_POINT('',(0.0707649739583333,-0.038974609375,0.));
#11735=CARTESIAN_POINT('',(0.0708968098958333,-0.0383854166666667,0.));
#11736=CARTESIAN_POINT('',(0.0710286458333333,-0.0377962239583334,0.));
#11737=CARTESIAN_POINT('',(0.0749688890919597,-0.033827298163883,0.));
#11738=CARTESIAN_POINT('',(0.0716697096922943,-0.0383434001946381,0.));
#11739=CARTESIAN_POINT('',(0.0733696825857725,-0.0359515108270216,0.));
#11740=CARTESIAN_POINT('',(0.0724527994791667,-0.038740234375,0.));
#11741=CARTESIAN_POINT('',(0.0724527994791667,-0.038740234375,0.));
#11742=CARTESIAN_POINT('',(0.072900390625,-0.0388932291666667,0.));
#11743=CARTESIAN_POINT('',(0.0735107421875,-0.038974609375,0.));
#11744=CARTESIAN_POINT('',(0.0735107421875,-0.038974609375,0.));
#11745=CARTESIAN_POINT('',(0.0735107421875,-0.038974609375,0.));
#11746=CARTESIAN_POINT('',(0.07412109375,-0.0390559895833333,0.));
#11747=CARTESIAN_POINT('',(0.0750162760416667,-0.0390559895833333,0.));
#11748=CARTESIAN_POINT('',(0.0750162760416667,-0.0390559895833333,0.));
#11749=CARTESIAN_POINT('',(0.0750162760416667,-0.0377750651041667,0.));
#11750=CARTESIAN_POINT('',(0.0598600260416667,-0.0390983072916667,0.));
#11751=CARTESIAN_POINT('',(0.0612434895833333,-0.0390983072916667,0.));
#11752=CARTESIAN_POINT('',(0.0623014322916667,-0.0385384114583334,0.));
#11753=CARTESIAN_POINT('',(0.0598600260416667,-0.0390983072916667,0.));
#11754=CARTESIAN_POINT('',(0.0623014322916667,-0.0385384114583334,0.));
#11755=CARTESIAN_POINT('',(0.0623014322916667,-0.0385384114583334,0.));
#11756=CARTESIAN_POINT('',(0.063359375,-0.037978515625,0.));
#11757=CARTESIAN_POINT('',(0.0640397135416667,-0.0370524088541666,0.));
#11758=CARTESIAN_POINT('',(0.0640397135416667,-0.0370524088541666,0.));
#11759=CARTESIAN_POINT('',(0.0640397135416667,-0.0370524088541666,0.));
#11760=CARTESIAN_POINT('',(0.0647200520833333,-0.0361263020833333,0.));
#11761=CARTESIAN_POINT('',(0.0650162760416667,-0.0349153645833333,0.));
#11762=CARTESIAN_POINT('',(0.0650162760416667,-0.0349153645833333,0.));
#11763=CARTESIAN_POINT('',(0.0650162760416667,-0.0349153645833333,0.));
#11764=CARTESIAN_POINT('',(0.0653125,-0.0337044270833333,0.));
#11765=CARTESIAN_POINT('',(0.065126953125,-0.03240234375,0.));
#11766=CARTESIAN_POINT('',(0.065126953125,-0.03240234375,0.));
#11767=CARTESIAN_POINT('',(0.0611393229166667,-0.03240234375,0.));
#11768=CARTESIAN_POINT('',(0.0571516927083333,-0.03240234375,0.));
#11769=CARTESIAN_POINT('',(0.0571516927083333,-0.03240234375,0.));
#11770=CARTESIAN_POINT('',(0.0571516927083333,-0.0317513020833333,0.));
#11771=CARTESIAN_POINT('',(0.0573958333333333,-0.0312027994791667,0.));
#11772=CARTESIAN_POINT('',(0.0573958333333333,-0.0312027994791667,0.));
#11773=CARTESIAN_POINT('',(0.0600823484000076,-0.0323774152280011,0.));
#11774=CARTESIAN_POINT('',(0.0580580402815231,-0.030256917944683,0.));
#11775=CARTESIAN_POINT('',(0.0601014460080211,-0.0324390062238176,0.));
#11776=CARTESIAN_POINT('',(0.0590559895833333,-0.0296370442708334,0.));
#11777=CARTESIAN_POINT('',(0.0590559895833333,-0.0296370442708334,0.));
#11778=CARTESIAN_POINT('',(0.0596354166666667,-0.0294140625,0.));
#11779=CARTESIAN_POINT('',(0.0603059895833333,-0.0294140625,0.));
#11780=CARTESIAN_POINT('',(0.0603059895833333,-0.0294140625,0.));
#11781=CARTESIAN_POINT('',(0.060222224536573,-0.033366407814099,0.));
#11782=CARTESIAN_POINT('',(0.0608658712955031,-0.0294645968068394,0.));
#11783=CARTESIAN_POINT('',(0.0602439912626836,-0.0333493880017028,0.));
#11784=CARTESIAN_POINT('',(0.0615771036011424,-0.0296469321952594,0.));
#11785=CARTESIAN_POINT('',(0.0598196620715978,-0.0346050139716792,0.));
#11786=CARTESIAN_POINT('',(0.0623306455994475,-0.0299822536092009,0.));
#11787=CARTESIAN_POINT('',(0.0610328123546644,-0.0324271475939661,0.));
#11788=CARTESIAN_POINT('',(0.062991709633242,-0.0304717413527453,0.));
#11789=CARTESIAN_POINT('',(0.0634391276041667,-0.0297900390625,0.));
#11790=CARTESIAN_POINT('',(0.06388671875,-0.0291080729166667,0.));
#11791=CARTESIAN_POINT('',(0.06388671875,-0.0291080729166667,0.));
#11792=CARTESIAN_POINT('',(0.0632161458333333,-0.0282747395833334,0.));
#11793=CARTESIAN_POINT('',(0.0623209635416667,-0.0278466796875,0.));
#11794=CARTESIAN_POINT('',(0.0623209635416667,-0.0278466796875,0.));
#11795=CARTESIAN_POINT('',(0.0623209635416667,-0.0278466796875,0.));
#11796=CARTESIAN_POINT('',(0.06142578125,-0.0274186197916667,0.));
#11797=CARTESIAN_POINT('',(0.0600423177083333,-0.0274186197916667,0.));
#11798=CARTESIAN_POINT('',(0.0600423177083333,-0.0274186197916667,0.));
#11799=CARTESIAN_POINT('',(0.0600423177083333,-0.0274186197916667,0.));
#11800=CARTESIAN_POINT('',(0.0589225260416667,-0.0274186197916667,0.));
#11801=CARTESIAN_POINT('',(0.0579459635416667,-0.0278759765625,0.));
#11802=CARTESIAN_POINT('',(0.0579459635416667,-0.0278759765625,0.));
#11803=CARTESIAN_POINT('',(0.0600385971798032,-0.032406518888607,0.));
#11804=CARTESIAN_POINT('',(0.0562776692708333,-0.0291276041666667,0.));
#11805=CARTESIAN_POINT('',(0.0562776692708333,-0.0291276041666667,0.));
#11806=CARTESIAN_POINT('',(0.0555859375,-0.029921875,0.));
#11807=CARTESIAN_POINT('',(0.0551790364583333,-0.0309798177083334,0.));
#11808=CARTESIAN_POINT('',(0.0551790364583333,-0.0309798177083334,0.));
#11809=CARTESIAN_POINT('',(0.0551790364583333,-0.0309798177083334,0.));
#11810=CARTESIAN_POINT('',(0.0547721354166667,-0.0320377604166666,0.));
#11811=CARTESIAN_POINT('',(0.0547721354166667,-0.0332584635416667,0.));
#11812=CARTESIAN_POINT('',(0.0547721354166667,-0.0332584635416667,0.));
#11813=CARTESIAN_POINT('',(0.0547721354166667,-0.0332584635416667,0.));
#11814=CARTESIAN_POINT('',(0.0547721354166667,-0.0344596354166667,0.));
#11815=CARTESIAN_POINT('',(0.0551790364583333,-0.03552734375,0.));
#11816=CARTESIAN_POINT('',(0.0551790364583333,-0.03552734375,0.));
#11817=CARTESIAN_POINT('',(0.0551790364583333,-0.03552734375,0.));
#11818=CARTESIAN_POINT('',(0.0555859375,-0.0365950520833334,0.));
#11819=CARTESIAN_POINT('',(0.0562679036458333,-0.0373876953125,0.));
#11820=CARTESIAN_POINT('',(0.0562679036458333,-0.0373876953125,0.));
#11821=CARTESIAN_POINT('',(0.0600962127881023,-0.0341111457425778,0.));
#11822=CARTESIAN_POINT('',(0.0578858160779428,-0.0386391738658273,0.));
#11823=CARTESIAN_POINT('',(0.0598482377734992,-0.0346749300659733,0.));
#11824=CARTESIAN_POINT('',(0.0498274739583333,-0.0309798177083334,0.));
#11825=CARTESIAN_POINT('',(0.0498274739583333,-0.0302864583333333,0.));
#11826=CARTESIAN_POINT('',(0.050009765625,-0.0299007161458333,0.));
#11827=CARTESIAN_POINT('',(0.0498274739583333,-0.0309798177083334,0.));
#11828=CARTESIAN_POINT('',(0.050009765625,-0.0299007161458333,0.));
#11829=CARTESIAN_POINT('',(0.050009765625,-0.0299007161458333,0.));
#11830=CARTESIAN_POINT('',(0.0501920572916667,-0.0295149739583334,0.));
#11831=CARTESIAN_POINT('',(0.0505289713541667,-0.0293115234375,0.));
#11832=CARTESIAN_POINT('',(0.0505289713541667,-0.0293115234375,0.));
#11833=CARTESIAN_POINT('',(0.0514887982882968,-0.0309220896226852,0.));
#11834=CARTESIAN_POINT('',(0.0512825677351565,-0.0290577659304277,0.));
#11835=CARTESIAN_POINT('',(0.052140405183267,-0.0363907334085661,0.));
#11836=CARTESIAN_POINT('',(0.0521679682896328,-0.0290074081011659,0.));
#11837=CARTESIAN_POINT('',(0.05216796875,-0.0282535807291667,0.));
#11838=CARTESIAN_POINT('',(0.05216796875,-0.0275000212948353,0.));
#11839=CARTESIAN_POINT('',(0.0511602575065491,-0.0338338882692459,0.));
#11840=CARTESIAN_POINT('',(0.0516373787558189,-0.0274380429827299,0.));
#11841=CARTESIAN_POINT('',(0.0508320746227551,-0.0374177583446578,0.));
#11842=CARTESIAN_POINT('',(0.0510986302425965,-0.0274089493020304,0.));
#11843=CARTESIAN_POINT('',(0.050473621740408,-0.0473588217004593,0.));
#11844=CARTESIAN_POINT('',(0.0504785156160015,-0.0273990749667258,0.));
#11845=CARTESIAN_POINT('',(0.0504846030639923,-0.0374707347924308,0.));
#11846=CARTESIAN_POINT('',(0.0498567812726825,-0.0274188425460809,0.));
#11847=CARTESIAN_POINT('',(0.0500826677832576,-0.0318112553131224,0.));
#11848=CARTESIAN_POINT('',(0.0493196614583333,-0.02748046875,0.));
#11849=CARTESIAN_POINT('',(0.0493196614583333,-0.02748046875,0.));
#11850=CARTESIAN_POINT('',(0.0486263020833333,-0.0276009114583333,0.));
#11851=CARTESIAN_POINT('',(0.0482405598958333,-0.0280794270833334,0.));
#11852=CARTESIAN_POINT('',(0.0482405598958333,-0.0280794270833334,0.));
#11853=CARTESIAN_POINT('',(0.0508669128359539,-0.0302058681532997,0.));
#11854=CARTESIAN_POINT('',(0.0476614081627107,-0.0291374650563609,0.));
#11855=CARTESIAN_POINT('',(0.05240073869443,-0.030758052016199,0.));
#11856=CARTESIAN_POINT('',(0.047417093414558,-0.0302669386172704,0.));
#11857=CARTESIAN_POINT('',(0.0577395391506716,-0.0313259931038286,0.));
#11858=CARTESIAN_POINT('',(0.0473660503785946,-0.0311230373649234,0.));
#11859=CARTESIAN_POINT('',(0.0473665364583333,-0.0342154947916667,0.));
#11860=CARTESIAN_POINT('',(0.0473665364583333,-0.0373079427083333,0.));
#11861=CARTESIAN_POINT('',(0.0466129557291667,-0.0373079427083333,0.));
#11862=CARTESIAN_POINT('',(0.045859375,-0.0373079427083333,0.));
#11863=CARTESIAN_POINT('',(0.045859375,-0.0381412760416667,0.));
#11864=CARTESIAN_POINT('',(0.045859375,-0.038974609375,0.));
#11865=CARTESIAN_POINT('',(0.0466129557291667,-0.038974609375,0.));
#11866=CARTESIAN_POINT('',(0.0473665364583333,-0.038974609375,0.));
#11867=CARTESIAN_POINT('',(0.0473665364583333,-0.0406022135416666,0.));
#11868=CARTESIAN_POINT('',(0.0473665364583333,-0.0422298177083333,0.));
#11869=CARTESIAN_POINT('',(0.0485970052083333,-0.0422298177083333,0.));
#11870=CARTESIAN_POINT('',(0.0498274739583333,-0.0422298177083333,0.));
#11871=CARTESIAN_POINT('',(0.0498274739583333,-0.0406022135416666,0.));
#11872=CARTESIAN_POINT('',(0.0498274739583333,-0.038974609375,0.));
#11873=CARTESIAN_POINT('',(0.0507421875,-0.038974609375,0.));
#11874=CARTESIAN_POINT('',(0.0516569010416667,-0.038974609375,0.));
#11875=CARTESIAN_POINT('',(0.0516569010416667,-0.0381412760416667,0.));
#11876=CARTESIAN_POINT('',(0.0516569010416667,-0.0373079427083333,0.));
#11877=CARTESIAN_POINT('',(0.0507421875,-0.0373079427083333,0.));
#11878=CARTESIAN_POINT('',(0.0498274739583333,-0.0373079427083333,0.));
#11879=CARTESIAN_POINT('',(0.0498274739583333,-0.0341438802083333,0.));
#11880=CARTESIAN_POINT('',(0.025087890625,-0.0387809244791667,0.));
#11881=CARTESIAN_POINT('',(0.0250878819278129,-0.0325260416645478,0.));
#11882=CARTESIAN_POINT('',(0.025087890625,-0.038974609375,0.));
#11883=CARTESIAN_POINT('',(0.026328125,-0.038974609375,0.));
#11884=CARTESIAN_POINT('',(0.027568359375,-0.038974609375,0.));
#11885=CARTESIAN_POINT('',(0.027568359375,-0.0358512369791667,0.));
#11886=CARTESIAN_POINT('',(0.027568533399643,-0.0327278639775007,0.));
#11887=CARTESIAN_POINT('',(0.0410723585755326,-0.0326808530629263,0.));
#11888=CARTESIAN_POINT('',(0.0276302083333334,-0.031396484375,0.));
#11889=CARTESIAN_POINT('',(0.0276302083333334,-0.031396484375,0.));
#11890=CARTESIAN_POINT('',(0.0276920572916667,-0.0307747395833333,0.));
#11891=CARTESIAN_POINT('',(0.0278955078125,-0.0303076171875,0.));
#11892=CARTESIAN_POINT('',(0.0278955078125,-0.0303076171875,0.));
#11893=CARTESIAN_POINT('',(0.0295079454949359,-0.0309912755808997,0.));
#11894=CARTESIAN_POINT('',(0.028505859375,-0.0295556640625,0.));
#11895=CARTESIAN_POINT('',(0.028505859375,-0.0295556640625,0.));
#11896=CARTESIAN_POINT('',(0.0289127604166667,-0.0292708333333334,0.));
#11897=CARTESIAN_POINT('',(0.0295833333333334,-0.0292708333333334,0.));
#11898=CARTESIAN_POINT('',(0.0295833333333334,-0.0292708333333334,0.));
#11899=CARTESIAN_POINT('',(0.0294440299147436,-0.0338989856376575,0.));
#11900=CARTESIAN_POINT('',(0.0301513213656943,-0.0293215772084973,0.));
#11901=CARTESIAN_POINT('',(0.0295424700205882,-0.0336258802526291,0.));
#11902=CARTESIAN_POINT('',(0.0308951506478272,-0.0294939128616377,0.));
#11903=CARTESIAN_POINT('',(0.029642222572597,-0.0333994957727277,0.));
#11904=CARTESIAN_POINT('',(0.0316080729166667,-0.0297998046875,0.));
#11905=CARTESIAN_POINT('',(0.0316080729166667,-0.0297998046875,0.));
#11906=CARTESIAN_POINT('',(0.031943359375,-0.0299837239583333,0.));
#11907=CARTESIAN_POINT('',(0.0321061197916667,-0.0302278645833334,0.));
#11908=CARTESIAN_POINT('',(0.0321061197916667,-0.0302278645833334,0.));
#11909=CARTESIAN_POINT('',(0.0321061197916667,-0.0369710286458333,0.));
#11910=CARTESIAN_POINT('',(0.0321061197916667,-0.038974609375,0.));
#11911=CARTESIAN_POINT('',(0.0333463541666667,-0.038974609375,0.));
#11912=CARTESIAN_POINT('',(0.0345865885416667,-0.038974609375,0.));
#11913=CARTESIAN_POINT('',(0.0345865885416667,-0.0332373046875,0.));
#11914=CARTESIAN_POINT('',(0.0345865885416667,-0.0275,0.));
#11915=CARTESIAN_POINT('',(0.0334781901041667,-0.0275,0.));
#11916=CARTESIAN_POINT('',(0.0323697916666667,-0.0275,0.));
#11917=CARTESIAN_POINT('',(0.0322379557291667,-0.0280908203125,0.));
#11918=CARTESIAN_POINT('',(0.0321063260006742,-0.0286807165362745,0.));
#11919=CARTESIAN_POINT('',(0.0294536893871443,-0.0316603228534852,0.));
#11920=CARTESIAN_POINT('',(0.0314956477369688,-0.0282326264885099,0.));
#11921=CARTESIAN_POINT('',(0.0280493442186654,-0.0339077980805378,0.));
#11922=CARTESIAN_POINT('',(0.0306916762932016,-0.0278158826506812,0.));
#11923=CARTESIAN_POINT('',(0.0284878947987542,-0.032827112197365,0.));
#11924=CARTESIAN_POINT('',(0.0297965260752895,-0.0275114859618621,0.));
#11925=CARTESIAN_POINT('',(0.0288787595619973,-0.0311898286418614,0.));
#11926=CARTESIAN_POINT('',(0.0288899739583333,-0.0273990885416667,0.));
#11927=CARTESIAN_POINT('',(0.0288899739583333,-0.0273990885416667,0.));
#11928=CARTESIAN_POINT('',(0.0284016927083334,-0.0273990885416667,0.));
#11929=CARTESIAN_POINT('',(0.0280159505208333,-0.027490234375,0.));
#11930=CARTESIAN_POINT('',(0.0280159505208333,-0.027490234375,0.));
#11931=CARTESIAN_POINT('',(0.0286184766076166,-0.0300726526909776,0.));
#11932=CARTESIAN_POINT('',(0.0272948993200329,-0.0277750259949622,0.));
#11933=CARTESIAN_POINT('',(0.0298914426157522,-0.0322660541147356,0.));
#11934=CARTESIAN_POINT('',(0.0266535931032292,-0.0282128252865548,0.));
#11935=CARTESIAN_POINT('',(0.0312695183259596,-0.0339579190607001,0.));
#11936=CARTESIAN_POINT('',(0.0260416863667608,-0.0287630401158764,0.));
#11937=CARTESIAN_POINT('',(0.0279114863242144,-0.0306285330287766,0.));
#11938=CARTESIAN_POINT('',(0.0254932647965528,-0.0295654738345089,0.));
#11939=CARTESIAN_POINT('',(0.0293340164001677,-0.0312723540879054,0.));
#11940=CARTESIAN_POINT('',(0.0251985966545775,-0.0305208385799294,0.));
#11941=CARTESIAN_POINT('',(0.0313491246684561,-0.0316454050584673,0.));
#11942=CARTESIAN_POINT('',(0.0250976700513913,-0.0315283205763295,0.));
#11943=CARTESIAN_POINT('',(0.077172015433009,-0.0325387305931313,0.));
#11944=CARTESIAN_POINT('',(-0.01,-0.017,0.));
#11945=CARTESIAN_POINT('',(-0.01,-0.07,0.));
#11946=CARTESIAN_POINT('',(-0.01,-9.91270557701033E-19,0.));
#11947=CARTESIAN_POINT('',(0.0845,0.,0.));
#11948=CARTESIAN_POINT('',(0.0945,5.58364118830035E-18,0.));
#11949=CARTESIAN_POINT('',(0.0999752062764081,-0.000430908079170156,0.));
#11950=CARTESIAN_POINT('',(0.105450412552816,-0.000861816158340342,0.));
#11951=CARTESIAN_POINT('',(0.106438100893411,-0.00101825062338057,0.));
#11952=CARTESIAN_POINT('',(0.107425789234006,-0.00117468508842079,0.));
#11953=CARTESIAN_POINT('',(0.119450582957598,-0.00543288787679527,0.));
#11954=CARTESIAN_POINT('',(0.13147537668119,-0.0096910906651697,0.));
#11955=CARTESIAN_POINT('',(0.169580494447706,-0.0316910906651697,0.));
#11956=CARTESIAN_POINT('',(0.173910621466628,-0.0341910906651696,0.));
#11957=CARTESIAN_POINT('',(0.171785621466628,-0.0378716986312536,0.));
#11958=CARTESIAN_POINT('',(0.138910621466628,-0.0948128689300804,0.));
#11959=CARTESIAN_POINT('',(0.100805503700112,-0.0728128689300804,0.));
#11960=CARTESIAN_POINT('',(0.0989246098391513,-0.0717269343531374,0.));
#11961=CARTESIAN_POINT('',(0.0994246098391513,-0.0708609089493529,0.));
#11962=CARTESIAN_POINT('',(0.0984756750777381,-0.0711763813230749,0.));
#11963=CARTESIAN_POINT('',(0.097526740316325,-0.0714918536967968,0.));
#11964=CARTESIAN_POINT('',(0.0976831747813652,-0.0705041653562017,0.));
#11965=CARTESIAN_POINT('',(0.0954876883405952,-0.0701564344650403,0.));
#11966=CARTESIAN_POINT('',(0.0945,-0.07,0.));
#11967=CARTESIAN_POINT('',(-0.005,-0.07,0.));
#11968=CARTESIAN_POINT('',(0.0210384114583334,-0.0275,0.));
#11969=CARTESIAN_POINT('',(0.0222786458333333,-0.0275,0.));
#11970=CARTESIAN_POINT('',(0.0197981770833334,-0.0275,0.));
#11971=CARTESIAN_POINT('',(0.0197981770833334,-0.0306233723958334,0.));
#11972=CARTESIAN_POINT('',(0.0197980633081579,-0.0337467450562491,0.));
#11973=CARTESIAN_POINT('',(0.00622063000500754,-0.0337783191689396,0.));
#11974=CARTESIAN_POINT('',(0.019736328125,-0.035068359375,0.));
#11975=CARTESIAN_POINT('',(0.019736328125,-0.035068359375,0.));
#11976=CARTESIAN_POINT('',(0.0196744791666667,-0.0356998697916667,0.));
#11977=CARTESIAN_POINT('',(0.0194514973958334,-0.0361881510416667,0.));
#11978=CARTESIAN_POINT('',(0.0194514973958334,-0.0361881510416667,0.));
#11979=CARTESIAN_POINT('',(0.0194514973958334,-0.0361881510416667,0.));
#11980=CARTESIAN_POINT('',(0.019228515625,-0.0366764322916667,0.));
#11981=CARTESIAN_POINT('',(0.0188411458333334,-0.0369514973958333,0.));
#11982=CARTESIAN_POINT('',(0.0188411458333334,-0.0369514973958333,0.));
#11983=CARTESIAN_POINT('',(0.0188411458333334,-0.0369514973958333,0.));
#11984=CARTESIAN_POINT('',(0.0184537760416667,-0.0372265625,0.));
#11985=CARTESIAN_POINT('',(0.017763671875,-0.0372265625,0.));
#11986=CARTESIAN_POINT('',(0.017763671875,-0.0372265625,0.));
#11987=CARTESIAN_POINT('',(0.017763671875,-0.0372265625,0.));
#11988=CARTESIAN_POINT('',(0.0175390625,-0.0372265625,0.));
#11989=CARTESIAN_POINT('',(0.0171826171875,-0.0371647135416667,0.));
#11990=CARTESIAN_POINT('',(0.0171826171875,-0.0371647135416667,0.));
#11991=CARTESIAN_POINT('',(0.0181122729799754,-0.0319239230202884,0.));
#11992=CARTESIAN_POINT('',(0.0164502264511689,-0.0369806985457145,0.));
#11993=CARTESIAN_POINT('',(0.0177394290884647,-0.0329817746067013,0.));
#11994=CARTESIAN_POINT('',(0.0157389322916667,-0.0366764322916667,0.));
#11995=CARTESIAN_POINT('',(0.0157389322916667,-0.0366764322916667,0.));
#11996=CARTESIAN_POINT('',(0.0154036458333333,-0.036494140625,0.));
#11997=CARTESIAN_POINT('',(0.0152408854166667,-0.03625,0.));
#11998=CARTESIAN_POINT('',(0.0152408854166667,-0.03625,0.));
#11999=CARTESIAN_POINT('',(0.0152408854166667,-0.0295149739583334,0.));
#12000=CARTESIAN_POINT('',(0.0152408854166667,-0.0275,0.));
#12001=CARTESIAN_POINT('',(0.0140104166666667,-0.0275,0.));
#12002=CARTESIAN_POINT('',(0.0127799479166667,-0.0275,0.));
#12003=CARTESIAN_POINT('',(0.0127799479166667,-0.0354036458333334,0.));
#12004=CARTESIAN_POINT('',(0.0127799479166667,-0.0433072916666667,0.));
#12005=CARTESIAN_POINT('',(0.0140104166666667,-0.0433072916666667,0.));
#12006=CARTESIAN_POINT('',(0.0152408854166667,-0.0433072916666667,0.));
#12007=CARTESIAN_POINT('',(0.0152408854166667,-0.0405615234375,0.));
#12008=CARTESIAN_POINT('',(0.0152408854166667,-0.0378157552083334,0.));
#12009=CARTESIAN_POINT('',(0.0152408854166667,-0.0378157552083334,0.));
#12010=CARTESIAN_POINT('',(0.0154850260416667,-0.0380403645833333,0.));
#12011=CARTESIAN_POINT('',(0.0158610026041667,-0.0382731119791666,0.));
#12012=CARTESIAN_POINT('',(0.0158610026041667,-0.0382731119791666,0.));
#12013=CARTESIAN_POINT('',(0.0187994618779471,-0.0334794519048802,0.));
#12014=CARTESIAN_POINT('',(0.016684625133775,-0.0386896437330118,0.));
#12015=CARTESIAN_POINT('',(0.0190505657444649,-0.0329367349166583,0.));
#12016=CARTESIAN_POINT('',(0.0176009553156771,-0.0389858262052507,0.));
#12017=CARTESIAN_POINT('',(0.0185358125970655,-0.0351778466870034,0.));
#12018=CARTESIAN_POINT('',(0.018515625,-0.0390983072916667,0.));
#12019=CARTESIAN_POINT('',(0.018515625,-0.0390983072916667,0.));
#12020=CARTESIAN_POINT('',(0.0194303385416667,-0.0390983072916667,0.));
#12021=CARTESIAN_POINT('',(0.0200618489583334,-0.0387109375,0.));
#12022=CARTESIAN_POINT('',(0.0200618489583334,-0.0387109375,0.));
#12023=CARTESIAN_POINT('',(0.0200618489583334,-0.0387109375,0.));
#12024=CARTESIAN_POINT('',(0.020693359375,-0.0383235677083333,0.));
#12025=CARTESIAN_POINT('',(0.0213248697916667,-0.03771484375,0.));
#12026=CARTESIAN_POINT('',(0.0213248697916667,-0.03771484375,0.));
#12027=CARTESIAN_POINT('',(0.0195204086018233,-0.0359259329664474,0.));
#12028=CARTESIAN_POINT('',(0.0218635618110518,-0.0369091609713133,0.));
#12029=CARTESIAN_POINT('',(0.0176858169262243,-0.0351443699623415,0.));
#12030=CARTESIAN_POINT('',(0.0221483951349862,-0.0359537683762006,0.));
#12031=CARTESIAN_POINT('',(0.0151641896260009,-0.034677000456255,0.));
#12032=CARTESIAN_POINT('',(0.022259097229893,-0.0349462883908337,0.));
#12033=CARTESIAN_POINT('',(-0.00377635456432333,-0.0339357445767573,0.));
#12034=CARTESIAN_POINT('',(0.0222786634288883,-0.0339485677169931,0.));
#12035=CARTESIAN_POINT('',(0.0222786458333333,-0.0277034505208333,0.));
#12036=CARTESIAN_POINT('',(0.0413216145833333,-0.0309798177083334,0.));
#12037=CARTESIAN_POINT('',(0.0413216145833333,-0.0302864583333333,0.));
#12038=CARTESIAN_POINT('',(0.04150390625,-0.0299007161458333,0.));
#12039=CARTESIAN_POINT('',(0.0413216145833333,-0.0309798177083334,0.));
#12040=CARTESIAN_POINT('',(0.04150390625,-0.0299007161458333,0.));
#12041=CARTESIAN_POINT('',(0.04150390625,-0.0299007161458333,0.));
#12042=CARTESIAN_POINT('',(0.0416861979166666,-0.0295149739583334,0.));
#12043=CARTESIAN_POINT('',(0.0420231119791667,-0.0293115234375,0.));
#12044=CARTESIAN_POINT('',(0.0420231119791667,-0.0293115234375,0.));
#12045=CARTESIAN_POINT('',(0.0429829389132966,-0.030922089622685,0.));
#12046=CARTESIAN_POINT('',(0.0427767083601565,-0.0290577659304277,0.));
#12047=CARTESIAN_POINT('',(0.0436345458082669,-0.0363907334085649,0.));
#12048=CARTESIAN_POINT('',(0.0436621089146328,-0.0290074081011659,0.));
#12049=CARTESIAN_POINT('',(0.043662109375,-0.0282535807291667,0.));
#12050=CARTESIAN_POINT('',(0.043662109375,-0.0275000212948353,0.));
#12051=CARTESIAN_POINT('',(0.0426543981315488,-0.0338338882692488,0.));
#12052=CARTESIAN_POINT('',(0.0431315193808188,-0.0274380429827299,0.));
#12053=CARTESIAN_POINT('',(0.042326215247755,-0.0374177583446579,0.));
#12054=CARTESIAN_POINT('',(0.0425927708675965,-0.0274089493020304,0.));
#12055=CARTESIAN_POINT('',(0.0419677623654081,-0.047358821700455,0.));
#12056=CARTESIAN_POINT('',(0.0419726562410015,-0.0273990749667256,0.));
#12057=CARTESIAN_POINT('',(0.0419787436890233,-0.0374707347934157,0.));
#12058=CARTESIAN_POINT('',(0.0413509218976826,-0.0274188425460809,0.));
#12059=CARTESIAN_POINT('',(0.0415768084082574,-0.0318112553131206,0.));
#12060=CARTESIAN_POINT('',(0.0408138020833334,-0.02748046875,0.));
#12061=CARTESIAN_POINT('',(0.0408138020833334,-0.02748046875,0.));
#12062=CARTESIAN_POINT('',(0.0401204427083333,-0.0276009114583333,0.));
#12063=CARTESIAN_POINT('',(0.0397347005208333,-0.0280794270833334,0.));
#12064=CARTESIAN_POINT('',(0.0397347005208333,-0.0280794270833334,0.));
#12065=CARTESIAN_POINT('',(0.0423610534649118,-0.0302058681553318,0.));
#12066=CARTESIAN_POINT('',(0.0391555487877106,-0.0291374650563611,0.));
#12067=CARTESIAN_POINT('',(0.0438948793194257,-0.030758052016198,0.));
#12068=CARTESIAN_POINT('',(0.038911234039558,-0.0302669386172704,0.));
#12069=CARTESIAN_POINT('',(0.0492336797756707,-0.0313259931038279,0.));
#12070=CARTESIAN_POINT('',(0.0388601910035946,-0.0311230373649234,0.));
#12071=CARTESIAN_POINT('',(0.0388606770833334,-0.0342154947916667,0.));
#12072=CARTESIAN_POINT('',(0.0388606770833334,-0.0373079427083333,0.));
#12073=CARTESIAN_POINT('',(0.0381070963541667,-0.0373079427083333,0.));
#12074=CARTESIAN_POINT('',(0.037353515625,-0.0373079427083333,0.));
#12075=CARTESIAN_POINT('',(0.037353515625,-0.0381412760416667,0.));
#12076=CARTESIAN_POINT('',(0.037353515625,-0.038974609375,0.));
#12077=CARTESIAN_POINT('',(0.0381070963541667,-0.038974609375,0.));
#12078=CARTESIAN_POINT('',(0.0388606770833334,-0.038974609375,0.));
#12079=CARTESIAN_POINT('',(0.0388606770833334,-0.0406022135416666,0.));
#12080=CARTESIAN_POINT('',(0.0388606770833334,-0.0422298177083333,0.));
#12081=CARTESIAN_POINT('',(0.0400911458333333,-0.0422298177083333,0.));
#12082=CARTESIAN_POINT('',(0.0413216145833333,-0.0422298177083333,0.));
#12083=CARTESIAN_POINT('',(0.0413216145833333,-0.0406022135416666,0.));
#12084=CARTESIAN_POINT('',(0.0413216145833333,-0.038974609375,0.));
#12085=CARTESIAN_POINT('',(0.042236328125,-0.038974609375,0.));
#12086=CARTESIAN_POINT('',(0.0431510416666667,-0.038974609375,0.));
#12087=CARTESIAN_POINT('',(0.0431510416666667,-0.0381412760416667,0.));
#12088=CARTESIAN_POINT('',(0.0431510416666667,-0.0373079427083333,0.));
#12089=CARTESIAN_POINT('',(0.042236328125,-0.0373079427083333,0.));
#12090=CARTESIAN_POINT('',(0.0413216145833333,-0.0373079427083333,0.));
#12091=CARTESIAN_POINT('',(0.0413216145833333,-0.0341438802083333,0.));
#12092=CARTESIAN_POINT('',(0.108084196186864,-0.0269252778371487,0.));
#12093=CARTESIAN_POINT('',(0.106510416666667,-0.026015625,0.));
#12094=CARTESIAN_POINT('',(0.107031279353334,-0.0254443758190319,0.));
#12095=CARTESIAN_POINT('',(0.108646390837882,-0.0276996240627956,0.));
#12096=CARTESIAN_POINT('',(0.107682262020575,-0.0250992048088339,0.));
#12097=CARTESIAN_POINT('',(0.108878058991374,-0.0283514604983362,0.));
#12098=CARTESIAN_POINT('',(0.108352889912995,-0.0249269077638195,0.));
#12099=CARTESIAN_POINT('',(0.109001802848893,-0.0289734650489327,0.));
#12100=CARTESIAN_POINT('',(0.108951822916667,-0.0248763020833334,0.));
#12101=CARTESIAN_POINT('',(0.108951822916667,-0.0248763020833334,0.));
#12102=CARTESIAN_POINT('',(0.11021484375,-0.0248763020833334,0.));
#12103=CARTESIAN_POINT('',(0.110926106770833,-0.0256087239583334,0.));
#12104=CARTESIAN_POINT('',(0.110926106770833,-0.0256087239583334,0.));
#12105=CARTESIAN_POINT('',(0.110926106770833,-0.0256087239583334,0.));
#12106=CARTESIAN_POINT('',(0.111637369791667,-0.0263411458333334,0.));
#12107=CARTESIAN_POINT('',(0.111637369791667,-0.0281119791666667,0.));
#12108=CARTESIAN_POINT('',(0.111637369791667,-0.0281119791666667,0.));
#12109=CARTESIAN_POINT('',(0.111637369791667,-0.0286604817708334,0.));
#12110=CARTESIAN_POINT('',(0.111637369791667,-0.028681640625,0.));
#12111=CARTESIAN_POINT('',(0.111648763020833,-0.0287320963541667,0.));
#12112=CARTESIAN_POINT('',(0.111660238764671,-0.0287829174908708,0.));
#12113=CARTESIAN_POINT('',(0.111574114599372,-0.0287799915631896,0.));
#12114=CARTESIAN_POINT('',(0.111648763020833,-0.0288232421875,0.));
#12115=CARTESIAN_POINT('',(0.111723411442296,-0.0288664928118103,0.));
#12116=CARTESIAN_POINT('',(0.111637369791667,-0.0288639322916667,0.));
#12117=CARTESIAN_POINT('',(0.111637369791667,-0.0288639322916667,0.));
#12118=CARTESIAN_POINT('',(0.111578776041667,-0.0286002604166667,0.));
#12119=CARTESIAN_POINT('',(0.111282552083333,-0.0283349609375,0.));
#12120=CARTESIAN_POINT('',(0.111282552083333,-0.0283349609375,0.));
#12121=CARTESIAN_POINT('',(0.111282552083333,-0.0283349609375,0.));
#12122=CARTESIAN_POINT('',(0.110986328125,-0.0280696614583333,0.));
#12123=CARTESIAN_POINT('',(0.110538736979167,-0.0278564453125,0.));
#12124=CARTESIAN_POINT('',(0.110538736979167,-0.0278564453125,0.));
#12125=CARTESIAN_POINT('',(0.110538736979167,-0.0278564453125,0.));
#12126=CARTESIAN_POINT('',(0.110091145833333,-0.0276432291666667,0.));
#12127=CARTESIAN_POINT('',(0.109521484375,-0.0275211588541667,0.));
#12128=CARTESIAN_POINT('',(0.109521484375,-0.0275211588541667,0.));
#12129=CARTESIAN_POINT('',(0.108359761106419,-0.0330085694339938,0.));
#12130=CARTESIAN_POINT('',(0.108343098958333,-0.0273990885416667,0.));
#12131=CARTESIAN_POINT('',(0.108343098958333,-0.0273990885416667,0.));
#12132=CARTESIAN_POINT('',(0.107203776041667,-0.0273990885416667,0.));
#12133=CARTESIAN_POINT('',(0.106349283854167,-0.0278971354166667,0.));
#12134=CARTESIAN_POINT('',(0.106349283854167,-0.0278971354166667,0.));
#12135=CARTESIAN_POINT('',(0.108549479711439,-0.0316722775544115,0.));
#12136=CARTESIAN_POINT('',(0.104925130208333,-0.0292301432291667,0.));
#12137=CARTESIAN_POINT('',(0.104925130208333,-0.0292301432291667,0.));
#12138=CARTESIAN_POINT('',(0.10435546875,-0.0300651041666667,0.));
#12139=CARTESIAN_POINT('',(0.104090169270833,-0.031142578125,0.));
#12140=CARTESIAN_POINT('',(0.104090169270833,-0.031142578125,0.));
#12141=CARTESIAN_POINT('',(0.113245073284807,-0.0333566312266587,0.));
#12142=CARTESIAN_POINT('',(0.103824869791667,-0.0334016927083333,0.));
#12143=CARTESIAN_POINT('',(0.103824869791667,-0.0334016927083333,0.));
#12144=CARTESIAN_POINT('',(0.103824869791667,-0.0349869791666667,0.));
#12145=CARTESIAN_POINT('',(0.1042626953125,-0.0360660807291667,0.));
#12146=CARTESIAN_POINT('',(0.1042626953125,-0.0360660807291667,0.));
#12147=CARTESIAN_POINT('',(0.1042626953125,-0.0360660807291667,0.));
#12148=CARTESIAN_POINT('',(0.104700520833333,-0.0371451822916667,0.));
#12149=CARTESIAN_POINT('',(0.105382486979167,-0.0378255208333333,0.));
#12150=CARTESIAN_POINT('',(0.105382486979167,-0.0378255208333333,0.));
#12151=CARTESIAN_POINT('',(0.105382486979167,-0.0378255208333333,0.));
#12152=CARTESIAN_POINT('',(0.106064453125,-0.038505859375,0.));
#12153=CARTESIAN_POINT('',(0.1069091796875,-0.0387906901041667,0.));
#12154=CARTESIAN_POINT('',(0.1069091796875,-0.0387906901041667,0.));
#12155=CARTESIAN_POINT('',(0.1069091796875,-0.0387906901041667,0.));
#12156=CARTESIAN_POINT('',(0.10775390625,-0.0390755208333333,0.));
#12157=CARTESIAN_POINT('',(0.108567708333333,-0.0390755208333333,0.));
#12158=CARTESIAN_POINT('',(0.108567708333333,-0.0390755208333333,0.));
#12159=CARTESIAN_POINT('',(0.108567708333333,-0.0390755208333333,0.));
#12160=CARTESIAN_POINT('',(0.109563802083333,-0.0390755208333333,0.));
#12161=CARTESIAN_POINT('',(0.110387369791667,-0.03873046875,0.));
#12162=CARTESIAN_POINT('',(0.110387369791667,-0.03873046875,0.));
#12163=CARTESIAN_POINT('',(0.110387369791667,-0.03873046875,0.));
#12164=CARTESIAN_POINT('',(0.1112109375,-0.0383854166666667,0.));
#12165=CARTESIAN_POINT('',(0.111637369791667,-0.0378157552083334,0.));
#12166=CARTESIAN_POINT('',(0.111637369791667,-0.0378157552083334,0.));
#12167=CARTESIAN_POINT('',(0.111770833333333,-0.0383951822916667,0.));
#12168=CARTESIAN_POINT('',(0.111904296875,-0.038974609375,0.));
#12169=CARTESIAN_POINT('',(0.1130029296875,-0.038974609375,0.));
#12170=CARTESIAN_POINT('',(0.1141015625,-0.038974609375,0.));
#12171=CARTESIAN_POINT('',(0.114090169270833,-0.0332373046875,0.));
#12172=CARTESIAN_POINT('',(0.114078776041667,-0.0275,0.));
#12173=CARTESIAN_POINT('',(0.114078776041667,-0.0275,0.));
#12174=CARTESIAN_POINT('',(0.113997395833333,-0.026259765625,0.));
#12175=CARTESIAN_POINT('',(0.113580729166667,-0.0253841145833333,0.));
#12176=CARTESIAN_POINT('',(0.113580729166667,-0.0253841145833333,0.));
#12177=CARTESIAN_POINT('',(0.113580729166667,-0.0253841145833333,0.));
#12178=CARTESIAN_POINT('',(0.1131640625,-0.0245084635416667,0.));
#12179=CARTESIAN_POINT('',(0.112513020833333,-0.0239388020833333,0.));
#12180=CARTESIAN_POINT('',(0.112513020833333,-0.0239388020833333,0.));
#12181=CARTESIAN_POINT('',(0.109968426500686,-0.0268510934650815,0.));
#12182=CARTESIAN_POINT('',(0.111007486979167,-0.023125,0.));
#12183=CARTESIAN_POINT('',(0.111007486979167,-0.023125,0.));
#12184=CARTESIAN_POINT('',(0.110152994791667,-0.022880859375,0.));
#12185=CARTESIAN_POINT('',(0.109176432291667,-0.022880859375,0.));
#12186=CARTESIAN_POINT('',(0.109176432291667,-0.022880859375,0.));
#12187=CARTESIAN_POINT('',(0.109189932167313,-0.029497873411098,0.));
#12188=CARTESIAN_POINT('',(0.106928826099377,-0.0232783157868333,0.));
#12189=CARTESIAN_POINT('',(0.10826512180409,-0.0270625931878998,0.));
#12190=CARTESIAN_POINT('',(0.105088453193293,-0.024609931131585,-3.25260651745651E-19));
#12191=CARTESIAN_POINT('',(0.105799153645833,-0.0253125,0.));
#12192=CARTESIAN_POINT('',(0.0912141927083333,-0.0387809244791667,0.));
#12193=CARTESIAN_POINT('',(0.0912141840111462,-0.0325260416645478,0.));
#12194=CARTESIAN_POINT('',(0.0912141927083333,-0.038974609375,0.));
#12195=CARTESIAN_POINT('',(0.0924544270833333,-0.038974609375,0.));
#12196=CARTESIAN_POINT('',(0.0936946614583333,-0.038974609375,0.));
#12197=CARTESIAN_POINT('',(0.0936946614583333,-0.0358512369791667,0.));
#12198=CARTESIAN_POINT('',(0.0936948354829763,-0.0327278639775007,0.));
#12199=CARTESIAN_POINT('',(0.107198660658877,-0.0326808530629264,0.));
#12200=CARTESIAN_POINT('',(0.0937565104166666,-0.031396484375,0.));
#12201=CARTESIAN_POINT('',(0.0937565104166666,-0.031396484375,0.));
#12202=CARTESIAN_POINT('',(0.093818359375,-0.0307747395833333,0.));
#12203=CARTESIAN_POINT('',(0.0940218098958333,-0.0303076171875,0.));
#12204=CARTESIAN_POINT('',(0.0940218098958333,-0.0303076171875,0.));
#12205=CARTESIAN_POINT('',(0.0956342475782685,-0.030991275580899,0.));
#12206=CARTESIAN_POINT('',(0.0946321614583333,-0.0295556640625,0.));
#12207=CARTESIAN_POINT('',(0.0946321614583333,-0.0295556640625,0.));
#12208=CARTESIAN_POINT('',(0.0950390625,-0.0292708333333334,0.));
#12209=CARTESIAN_POINT('',(0.0957096354166666,-0.0292708333333334,0.));
#12210=CARTESIAN_POINT('',(0.0957096354166666,-0.0292708333333334,0.));
#12211=CARTESIAN_POINT('',(0.095570331998077,-0.0338989856376573,0.));
#12212=CARTESIAN_POINT('',(0.0962776234490276,-0.0293215772084973,0.));
#12213=CARTESIAN_POINT('',(0.0956687721039215,-0.033625880252629,0.));
#12214=CARTESIAN_POINT('',(0.0970214527311606,-0.0294939128616377,0.));
#12215=CARTESIAN_POINT('',(0.095768524655929,-0.0333994957727306,0.));
#12216=CARTESIAN_POINT('',(0.097734375,-0.0297998046875,0.));
#12217=CARTESIAN_POINT('',(0.097734375,-0.0297998046875,0.));
#12218=CARTESIAN_POINT('',(0.0980696614583333,-0.0299837239583333,0.));
#12219=CARTESIAN_POINT('',(0.098232421875,-0.0302278645833334,0.));
#12220=CARTESIAN_POINT('',(0.098232421875,-0.0302278645833334,0.));
#12221=CARTESIAN_POINT('',(0.098232421875,-0.0369710286458333,0.));
#12222=CARTESIAN_POINT('',(0.098232421875,-0.038974609375,0.));
#12223=CARTESIAN_POINT('',(0.09947265625,-0.038974609375,0.));
#12224=CARTESIAN_POINT('',(0.100712890625,-0.038974609375,0.));
#12225=CARTESIAN_POINT('',(0.100712890625,-0.0332373046875,0.));
#12226=CARTESIAN_POINT('',(0.100712890625,-0.0275,0.));
#12227=CARTESIAN_POINT('',(0.0996044921875,-0.0275,0.));
#12228=CARTESIAN_POINT('',(0.09849609375,-0.0275,0.));
#12229=CARTESIAN_POINT('',(0.0983642578125,-0.0280908203125,0.));
#12230=CARTESIAN_POINT('',(0.0982326280840075,-0.0286807165362745,0.));
#12231=CARTESIAN_POINT('',(0.0955799914704778,-0.0316603228534851,0.));
#12232=CARTESIAN_POINT('',(0.0976219498203021,-0.0282326264885099,0.));
#12233=CARTESIAN_POINT('',(0.0941756463019997,-0.0339077980805362,0.));
#12234=CARTESIAN_POINT('',(0.0968179783765348,-0.0278158826506812,0.));
#12235=CARTESIAN_POINT('',(0.0946141968820879,-0.0328271121973634,0.));
#12236=CARTESIAN_POINT('',(0.0959228281586228,-0.0275114859618621,0.));
#12237=CARTESIAN_POINT('',(0.0950050616453304,-0.0311898286418624,0.));
#12238=CARTESIAN_POINT('',(0.0950162760416666,-0.0273990885416667,0.));
#12239=CARTESIAN_POINT('',(0.0950162760416666,-0.0273990885416667,0.));
#12240=CARTESIAN_POINT('',(0.0945279947916666,-0.0273990885416667,0.));
#12241=CARTESIAN_POINT('',(0.0941422526041666,-0.027490234375,0.));
#12242=CARTESIAN_POINT('',(0.0941422526041666,-0.027490234375,0.));
#12243=CARTESIAN_POINT('',(0.0947447786928144,-0.0300726526952147,0.));
#12244=CARTESIAN_POINT('',(0.0934212014033636,-0.0277750259949578,0.));
#12245=CARTESIAN_POINT('',(0.0960177446992863,-0.03226605411503,0.));
#12246=CARTESIAN_POINT('',(0.0927798951865622,-0.0282128252865545,0.));
#12247=CARTESIAN_POINT('',(0.0973958204092957,-0.0339579190607028,0.));
#12248=CARTESIAN_POINT('',(0.0921679884500941,-0.0287630401158764,0.));
#12249=CARTESIAN_POINT('',(0.0940377884075467,-0.0306285330287759,0.));
#12250=CARTESIAN_POINT('',(0.0916195668798861,-0.0295654738345089,0.));
#12251=CARTESIAN_POINT('',(0.0954603184835024,-0.031272354087906,0.));
#12252=CARTESIAN_POINT('',(0.0913248987379107,-0.0305208385799294,0.));
#12253=CARTESIAN_POINT('',(0.0974754267517893,-0.0316454050584671,0.));
#12254=CARTESIAN_POINT('',(0.0912239721347246,-0.0315283205763295,0.));
#12255=CARTESIAN_POINT('',(0.143298317516489,-0.0325387305931315,0.));
#12256=CARTESIAN_POINT('',(0.0849251302083333,-0.0353938802083333,0.));
#12257=CARTESIAN_POINT('',(0.0853938802083333,-0.03533203125,0.));
#12258=CARTESIAN_POINT('',(0.0859228515625,-0.035087890625,0.));
#12259=CARTESIAN_POINT('',(0.0849251302083333,-0.0353938802083333,0.));
#12260=CARTESIAN_POINT('',(0.0859228515625,-0.035087890625,0.));
#12261=CARTESIAN_POINT('',(0.0844207318103311,-0.0319055770286786,0.));
#12262=CARTESIAN_POINT('',(0.0869091796875,-0.0343961588541667,0.));
#12263=CARTESIAN_POINT('',(0.0869091796875,-0.0343961588541667,0.));
#12264=CARTESIAN_POINT('',(0.0873665364583333,-0.0339485677083333,0.));
#12265=CARTESIAN_POINT('',(0.0876725260416666,-0.0333089192708334,0.));
#12266=CARTESIAN_POINT('',(0.0876725260416666,-0.0333089192708334,0.));
#12267=CARTESIAN_POINT('',(0.0876725260416666,-0.0333089192708334,0.));
#12268=CARTESIAN_POINT('',(0.087978515625,-0.0326692708333333,0.));
#12269=CARTESIAN_POINT('',(0.087978515625,-0.0318326822916667,0.));
#12270=CARTESIAN_POINT('',(0.087978515625,-0.0318326822916667,0.));
#12271=CARTESIAN_POINT('',(0.087978515625,-0.0318326822916667,0.));
#12272=CARTESIAN_POINT('',(0.087978515625,-0.0308170572916667,0.));
#12273=CARTESIAN_POINT('',(0.0876725260416666,-0.0300846354166667,0.));
#12274=CARTESIAN_POINT('',(0.0876725260416666,-0.0300846354166667,0.));
#12275=CARTESIAN_POINT('',(0.0876725260416666,-0.0300846354166667,0.));
#12276=CARTESIAN_POINT('',(0.0873665364583333,-0.0293522135416667,0.));
#12277=CARTESIAN_POINT('',(0.0869091796875,-0.0288736979166667,0.));
#12278=CARTESIAN_POINT('',(0.0869091796875,-0.0288736979166667,0.));
#12279=CARTESIAN_POINT('',(0.0841965014012855,-0.0314161094120403,0.));
#12280=CARTESIAN_POINT('',(0.0859131041028451,-0.0281200821363197,0.));
#12281=CARTESIAN_POINT('',(0.0832578864526922,-0.0332155021220923,0.));
#12282=CARTESIAN_POINT('',(0.0848746744791667,-0.0277034505208333,0.));
#12283=CARTESIAN_POINT('',(0.0848746744791667,-0.0277034505208333,0.));
#12284=CARTESIAN_POINT('',(0.084375,-0.0275618489583334,0.));
#12285=CARTESIAN_POINT('',(0.0839892578125,-0.0275309244791667,0.));
#12286=CARTESIAN_POINT('',(0.0839892578125,-0.0275309244791667,0.));
#12287=CARTESIAN_POINT('',(0.0831575579384301,-0.0366397623843052,0.));
#12288=CARTESIAN_POINT('',(0.0834798313922751,-0.027499611903228,0.));
#12289=CARTESIAN_POINT('',(0.0806624348958333,-0.0275,0.));
#12290=CARTESIAN_POINT('',(0.0778450520833333,-0.0275,0.));
#12291=CARTESIAN_POINT('',(0.0778450520833333,-0.0349967447916667,0.));
#12292=CARTESIAN_POINT('',(0.0778450520833333,-0.0424934895833333,0.));
#12293=CARTESIAN_POINT('',(0.0800016276041667,-0.0424934895833333,0.));
#12294=CARTESIAN_POINT('',(0.0821582037268725,-0.0424932934626427,0.));
#12295=CARTESIAN_POINT('',(0.0821816319296393,-0.0348591933600034,0.));
#12296=CARTESIAN_POINT('',(0.0840104166666666,-0.0422705078125,0.));
#12297=CARTESIAN_POINT('',(0.0840104166666666,-0.0422705078125,0.));
#12298=CARTESIAN_POINT('',(0.0849055989583333,-0.0420475260416667,0.));
#12299=CARTESIAN_POINT('',(0.0855973307291666,-0.0415592447916667,0.));
#12300=CARTESIAN_POINT('',(0.0855973307291666,-0.0415592447916667,0.));
#12301=CARTESIAN_POINT('',(0.0835688565478507,-0.0386998465691061,0.));
#12302=CARTESIAN_POINT('',(0.0866959635416666,-0.0402880859375,0.));
#12303=CARTESIAN_POINT('',(0.0866959635416666,-0.0402880859375,0.));
#12304=CARTESIAN_POINT('',(0.0871028645833333,-0.0395052083333333,0.));
#12305=CARTESIAN_POINT('',(0.0871028645833333,-0.0384244791666667,0.));
#12306=CARTESIAN_POINT('',(0.0871028645833333,-0.0384244791666667,0.));
#12307=CARTESIAN_POINT('',(0.0871028645833333,-0.0384244791666667,0.));
#12308=CARTESIAN_POINT('',(0.0871028645833333,-0.0377962239583334,0.));
#12309=CARTESIAN_POINT('',(0.0868994140625,-0.0372770182291667,0.));
#12310=CARTESIAN_POINT('',(0.0868994140625,-0.0372770182291667,0.));
#12311=CARTESIAN_POINT('',(0.0835963122812505,-0.038530441170143,0.));
#12312=CARTESIAN_POINT('',(0.0863901383084517,-0.036370316712497,0.));
#12313=CARTESIAN_POINT('',(0.0841339307898359,-0.0381310100380416,0.));
#12314=CARTESIAN_POINT('',(0.0856884765625,-0.0357291666666667,0.));
#12315=CARTESIAN_POINT('',(0.0856884765625,-0.0357291666666667,0.));
#12316=CARTESIAN_POINT('',(0.08529296875,-0.0354752604166667,0.));
#12317=CARTESIAN_POINT('',(0.0849251302083333,-0.0353938802083333,0.));
#12318=CARTESIAN_POINT('',(0.133260462500499,-0.0772161454574854,0.));
#12319=CARTESIAN_POINT('',(0.133917495306048,-0.0776117443648636,0.));
#12320=CARTESIAN_POINT('',(0.133998688865558,-0.0770081399649231,0.));
#12321=CARTESIAN_POINT('',(0.133257167918857,-0.077194497876975,0.));
#12322=CARTESIAN_POINT('',(0.133626268949417,-0.0765247371325436,0.));
#12323=CARTESIAN_POINT('',(0.133238224927279,-0.0771645279548367,0.));
#12324=CARTESIAN_POINT('',(0.133026781928894,-0.0764469674471407,0.));
#12325=CARTESIAN_POINT('',(0.133227033491782,-0.0771952468744373,0.));
#12326=CARTESIAN_POINT('',(0.132548469579832,-0.076821347471365,0.));
#12327=CARTESIAN_POINT('',(0.133186886585122,-0.0772102142972396,0.));
#12328=CARTESIAN_POINT('',(0.132470373520023,-0.0774215378965827,0.));
#12329=CARTESIAN_POINT('',(0.133209230471626,-0.0772279835955536,0.));
#12330=CARTESIAN_POINT('',(0.132835842071378,-0.0778938275649413,0.));
#12331=CARTESIAN_POINT('',(0.133238413145612,-0.0772308279344288,0.));
#12332=CARTESIAN_POINT('',(0.133437593318942,-0.0779801353212188,0.));
#12333=CARTESIAN_POINT('',(0.133260128960959,-0.0772528210648148,0.));
#12334=CARTESIAN_POINT('',(0.125138250225646,-0.076353802444475,0.));
#12335=CARTESIAN_POINT('',(0.128282591261867,-0.0734391925450832,0.));
#12336=CARTESIAN_POINT('',(0.121993909189425,-0.0792684123438668,0.));
#12337=CARTESIAN_POINT('',(0.122649633106432,-0.0796469947238645,0.));
#12338=CARTESIAN_POINT('',(0.123305357023438,-0.0800255771038621,0.));
#12339=CARTESIAN_POINT('',(0.12588226570074,-0.0774533831717565,0.));
#12340=CARTESIAN_POINT('',(0.128459174378041,-0.0748811892396509,0.));
#12341=CARTESIAN_POINT('',(0.127567537450055,-0.0784263752698813,0.));
#12342=CARTESIAN_POINT('',(0.126675900522068,-0.0819715613001117,0.));
#12343=CARTESIAN_POINT('',(0.127327028243395,-0.0823474900652962,0.));
#12344=CARTESIAN_POINT('',(0.127978155964721,-0.0827234188304808,0.));
#12345=CARTESIAN_POINT('',(0.128877255411286,-0.0785125180949055,0.));
#12346=CARTESIAN_POINT('',(0.129776354857851,-0.0743016173593302,0.));
#12347=CARTESIAN_POINT('',(0.129029473059859,-0.0738704049522067,0.));
#12348=CARTESIAN_POINT('',(-0.005,-0.06,0.06));
#12349=CARTESIAN_POINT('',(-0.005,-0.06,0.06));
#12350=CARTESIAN_POINT('',(6.93889390390723E-18,-0.06,0.06));
#12351=CARTESIAN_POINT('',(-0.007,-0.06,0.06));
#12352=CARTESIAN_POINT('',(-0.007,-0.06,0.06));
#12353=CARTESIAN_POINT('',(-0.007,-0.06,0.035));
#12354=CARTESIAN_POINT('',(-0.005,-0.06,0.035));
#12355=CARTESIAN_POINT('',(6.93889390390723E-18,-0.06,0.035));
#12356=CARTESIAN_POINT('',(6.93889390390723E-18,-0.06,0.06));
#12357=CARTESIAN_POINT('',(0.119450582957598,-0.00543288787679527,0.035));
#12358=CARTESIAN_POINT('',(0.107425789234006,-0.00117468508842079,0.035));
#12359=CARTESIAN_POINT('',(0.107425789234006,-0.00117468508842079,0.03));
#12360=CARTESIAN_POINT('',(0.119450582957598,-0.00543288787679525,0.03));
#12361=CARTESIAN_POINT('',(0.13147537668119,-0.00969109066516971,0.03));
#12362=CARTESIAN_POINT('',(0.13147537668119,-0.0096910906651697,0.035));
#12363=CARTESIAN_POINT('',(0.0999752062764081,-0.000430908079170156,0.035));
#12364=CARTESIAN_POINT('',(0.0945,5.58364118830035E-18,0.035));
#12365=CARTESIAN_POINT('',(0.0945,5.58364118830035E-18,0.03));
#12366=CARTESIAN_POINT('',(0.0999752062764081,-0.000430908079170167,0.03));
#12367=CARTESIAN_POINT('',(0.105450412552816,-0.000861816158340341,0.03));
#12368=CARTESIAN_POINT('',(0.105450412552816,-0.000861816158340342,0.035));
#12369=CARTESIAN_POINT('',(0.100805503700112,-0.0728128689300804,0.035));
#12370=CARTESIAN_POINT('',(0.138910621466628,-0.0948128689300804,0.035));
#12371=CARTESIAN_POINT('',(0.138910621466628,-0.0948128689300804,0.03));
#12372=CARTESIAN_POINT('',(0.100805503700112,-0.0728128689300804,0.03));
#12373=CARTESIAN_POINT('',(0.0989246098391513,-0.0717269343531374,0.03));
#12374=CARTESIAN_POINT('',(0.0989246098391513,-0.0717269343531374,0.));
#12375=CARTESIAN_POINT('',(-0.005,-0.07,0.035));
#12376=CARTESIAN_POINT('',(0.0945,-0.07,0.035));
#12377=CARTESIAN_POINT('',(0.0945,-0.07,0.03));
#12378=CARTESIAN_POINT('',(-0.005,-0.07,0.03));
#12379=CARTESIAN_POINT('',(-0.01,-0.07,0.03));
#12380=CARTESIAN_POINT('',(-0.01,-0.07,0.035));
#12381=CARTESIAN_POINT('',(-0.01,-0.017,0.035));
#12382=CARTESIAN_POINT('',(-0.01,-0.013,0.0435));
#12383=CARTESIAN_POINT('',(-0.01,-0.013,0.057));
#12384=CARTESIAN_POINT('',(-0.01,-0.013,0.03));
#12385=CARTESIAN_POINT('',(-0.01,-0.005,0.03));
#12386=CARTESIAN_POINT('',(-0.01,0.,0.03));
#12387=CARTESIAN_POINT('',(-0.01,-9.91270557701033E-19,0.035));
#12388=CARTESIAN_POINT('',(-0.01,-0.053,0.03));
#12389=CARTESIAN_POINT('',(-0.01,-0.057,0.03));
#12390=CARTESIAN_POINT('',(-0.01,-0.057,0.0435));
#12391=CARTESIAN_POINT('',(-0.01,-0.057,0.057));
#12392=CARTESIAN_POINT('',(-0.01,-0.035,0.057));
#12393=CARTESIAN_POINT('',(-0.01,-0.046,0.035));
#12394=CARTESIAN_POINT('',(-0.01,-0.04735,0.035));
#12395=CARTESIAN_POINT('',(-0.01,-0.024,0.0225));
#12396=CARTESIAN_POINT('',(-0.01,-0.02535,0.0225));
#12397=CARTESIAN_POINT('',(-0.01,-0.046,0.0225));
#12398=CARTESIAN_POINT('',(-0.01,-0.04735,0.0225));
#12399=CARTESIAN_POINT('',(-0.01,-0.046,0.0475));
#12400=CARTESIAN_POINT('',(-0.01,-0.04735,0.0475));
#12401=CARTESIAN_POINT('',(-0.01,-0.024,0.035));
#12402=CARTESIAN_POINT('',(-0.01,-0.02535,0.035));
#12403=CARTESIAN_POINT('',(-0.01,-0.024,0.0475));
#12404=CARTESIAN_POINT('',(-0.01,-0.02535,0.0475));
#12405=CARTESIAN_POINT('',(-0.01,-0.022,0.0525));
#12406=CARTESIAN_POINT('',(-0.01,-0.036,0.0525));
#12407=CARTESIAN_POINT('',(-0.01,-0.034,0.0525));
#12408=CARTESIAN_POINT('',(-0.01,-0.036,0.035));
#12409=CARTESIAN_POINT('',(-0.01,-0.036,0.0175));
#12410=CARTESIAN_POINT('',(-0.01,-0.035,0.0175));
#12411=CARTESIAN_POINT('',(-0.01,-0.034,0.0175));
#12412=CARTESIAN_POINT('',(-0.01,-0.034,0.035));
#12413=CARTESIAN_POINT('',(0.0954876883405952,-0.0701564344650403,0.035));
#12414=CARTESIAN_POINT('',(0.0954876883405952,-0.0701564344650403,0.03));
#12415=CARTESIAN_POINT('',(0.0976831747813652,-0.0705041653562017,0.03));
#12416=CARTESIAN_POINT('',(0.0976831747813652,-0.0705041653562017,0.035));
#12417=CARTESIAN_POINT('',(0.097526740316325,-0.0714918536967968,0.035));
#12418=CARTESIAN_POINT('',(0.097526740316325,-0.0714918536967968,0.03));
#12419=CARTESIAN_POINT('',(0.0984756750777381,-0.0711763813230749,0.03));
#12420=CARTESIAN_POINT('',(0.0984756750777381,-0.0711763813230749,0.035));
#12421=CARTESIAN_POINT('',(-0.005,-0.036,0.035));
#12422=CARTESIAN_POINT('',(-0.005,-0.036,0.0525));
#12423=CARTESIAN_POINT('',(3.56857400772372E-18,-0.036,0.0525));
#12424=CARTESIAN_POINT('',(3.56857400772372E-18,-0.036,0.035));
#12425=CARTESIAN_POINT('',(3.56857400772372E-18,-0.036,0.0175));
#12426=CARTESIAN_POINT('',(-0.005,-0.036,0.0175));
#12427=CARTESIAN_POINT('',(-0.005,-0.034,0.035));
#12428=CARTESIAN_POINT('',(-0.005,-0.034,0.0525));
#12429=CARTESIAN_POINT('',(0.,-0.034,0.0525));
#12430=CARTESIAN_POINT('',(-0.005,-0.034,0.0175));
#12431=CARTESIAN_POINT('',(0.,-0.034,0.0175));
#12432=CARTESIAN_POINT('',(0.,-0.034,0.035));
#12433=CARTESIAN_POINT('',(0.107286553794009,-0.0620314344650402,0.035));
#12434=CARTESIAN_POINT('',(0.028,-0.0065,0.035));
#12435=CARTESIAN_POINT('',(0.02935,-0.0065,0.035));
#12436=CARTESIAN_POINT('',(0.147110467319178,-0.0291103192992296,0.035));
#12437=CARTESIAN_POINT('',(0.148460467319178,-0.0291103192992296,0.035));
#12438=CARTESIAN_POINT('',(0.0845,-0.0125,0.035));
#12439=CARTESIAN_POINT('',(0.08585,-0.0125,0.035));
#12440=CARTESIAN_POINT('',(0.151312363907405,-0.0246080821952739,0.035));
#12441=CARTESIAN_POINT('',(0.130214106348183,-0.0124269975140248,0.035));
#12442=CARTESIAN_POINT('',(0.172410621466628,-0.036789166876523,0.035));
#12443=CARTESIAN_POINT('',(0.118449162379897,-0.00826081235007177,0.035));
#12444=CARTESIAN_POINT('',(0.106684218411611,-0.00409462718611868,0.035));
#12445=CARTESIAN_POINT('',(0.105890873355542,-0.0039689736734289,0.035));
#12446=CARTESIAN_POINT('',(0.105097528299472,-0.00384332016073912,0.035));
#12447=CARTESIAN_POINT('',(0.0997398289892245,-0.00342166008036955,0.035));
#12448=CARTESIAN_POINT('',(0.0943821296789767,-0.003,0.035));
#12449=CARTESIAN_POINT('',(0.0436910648394883,-0.003,0.035));
#12450=CARTESIAN_POINT('',(-0.007,-0.003,0.035));
#12451=CARTESIAN_POINT('',(-0.007,-0.0065,0.035));
#12452=CARTESIAN_POINT('',(-0.007,-0.01,0.035));
#12453=CARTESIAN_POINT('',(-0.005,-0.01,0.035));
#12454=CARTESIAN_POINT('',(0.,-0.01,0.035));
#12455=CARTESIAN_POINT('',(0.033,-0.01,0.035));
#12456=CARTESIAN_POINT('',(0.056,-0.01,0.035));
#12457=CARTESIAN_POINT('',(0.056,-0.02,0.035));
#12458=CARTESIAN_POINT('',(0.066,-0.02,0.035));
#12459=CARTESIAN_POINT('',(0.066,-0.01625,0.035));
#12460=CARTESIAN_POINT('',(0.066,-0.0227098005422509,0.035));
#12461=CARTESIAN_POINT('',(0.0685,-0.0227098005422509,0.035));
#12462=CARTESIAN_POINT('',(0.07275,-0.0224,0.035));
#12463=CARTESIAN_POINT('',(0.077,-0.0229140478541852,0.035));
#12464=CARTESIAN_POINT('',(0.0795,-0.0229140478541852,0.035));
#12465=CARTESIAN_POINT('',(0.0795,-0.0620314344650402,0.035));
#12466=CARTESIAN_POINT('',(0.0795,-0.0225,0.035));
#12467=CARTESIAN_POINT('',(0.0845,-0.0225,0.035));
#12468=CARTESIAN_POINT('',(0.0945,-0.0225,0.035));
#12469=CARTESIAN_POINT('',(0.0984108616260058,-0.0215577914851216,0.035));
#12470=CARTESIAN_POINT('',(0.102321723252011,-0.0206155829702431,0.035));
#12471=CARTESIAN_POINT('',(0.103103895577213,-0.0156771412672674,0.035));
#12472=CARTESIAN_POINT('',(0.103886067902414,-0.0107386995642917,0.035));
#12473=CARTESIAN_POINT('',(0.104873756243009,-0.0108951340293319,0.035));
#12474=CARTESIAN_POINT('',(0.105861444583604,-0.0110515684943722,0.035));
#12475=CARTESIAN_POINT('',(0.105079272258403,-0.0159900101973479,0.035));
#12476=CARTESIAN_POINT('',(0.104297099933202,-0.0209284519003235,0.035));
#12477=CARTESIAN_POINT('',(0.114136238307196,-0.02180496181113,0.035));
#12478=CARTESIAN_POINT('',(0.12397537668119,-0.0226814717219363,0.035));
#12479=CARTESIAN_POINT('',(0.125057908435921,-0.0233064717219363,0.035));
#12480=CARTESIAN_POINT('',(0.126140440190651,-0.0239314717219364,0.035));
#12481=CARTESIAN_POINT('',(0.127390440190651,-0.0217664082124752,0.035));
#12482=CARTESIAN_POINT('',(0.128640440190651,-0.0196013447030141,0.035));
#12483=CARTESIAN_POINT('',(0.130805503700112,-0.0208513447030141,0.035));
#12484=CARTESIAN_POINT('',(0.132970567209574,-0.0221013447030141,0.035));
#12485=CARTESIAN_POINT('',(0.131720567209574,-0.0242664082124752,0.035));
#12486=CARTESIAN_POINT('',(0.130470567209574,-0.0264314717219363,0.035));
#12487=CARTESIAN_POINT('',(0.131553098964304,-0.0270564717219363,0.035));
#12488=CARTESIAN_POINT('',(0.157750367428784,-0.0421814717219363,0.035));
#12489=CARTESIAN_POINT('',(0.156875367428783,-0.043697016178559,0.035));
#12490=CARTESIAN_POINT('',(0.157250367428784,-0.0430474971257207,0.035));
#12491=CARTESIAN_POINT('',(0.159415430938244,-0.0442974971257207,0.035));
#12492=CARTESIAN_POINT('',(0.158165430938244,-0.0464625606351818,0.035));
#12493=CARTESIAN_POINT('',(0.160330494447706,-0.0477125606351818,0.035));
#12494=CARTESIAN_POINT('',(0.186311256561238,-0.0627125606351818,0.035));
#12495=CARTESIAN_POINT('',(0.188811256561238,-0.0583824336162596,0.035));
#12496=CARTESIAN_POINT('',(0.188811256561239,-0.0583824336162596,0.035));
#12497=CARTESIAN_POINT('',(0.16707401892625,-0.0458324336162596,0.035));
#12498=CARTESIAN_POINT('',(0.175820875504472,-0.0508824336162596,0.035));
#12499=CARTESIAN_POINT('',(0.180820875504472,-0.0422221795784152,0.035));
#12500=CARTESIAN_POINT('',(0.172160621466628,-0.0372221795784152,0.035));
#12501=CARTESIAN_POINT('',(0.171785621466628,-0.0378716986312536,0.035));
#12502=CARTESIAN_POINT('',(0.107286553794009,-0.0620314344650402,0.035));
#12503=CARTESIAN_POINT('',(0.121110467319178,-0.0741436402960204,0.035));
#12504=CARTESIAN_POINT('',(0.122460467319178,-0.0741436402960204,0.035));
#12505=CARTESIAN_POINT('',(0.0840292180433685,-0.0575,0.035));
#12506=CARTESIAN_POINT('',(0.0853792180433685,-0.0575,0.035));
#12507=CARTESIAN_POINT('',(0.028,-0.0635,0.035));
#12508=CARTESIAN_POINT('',(0.02935,-0.0635,0.035));
#12509=CARTESIAN_POINT('',(0.120684673372983,-0.0808260112768406,0.035));
#12510=CARTESIAN_POINT('',(0.140410621466628,-0.0922147927187271,0.035));
#12511=CARTESIAN_POINT('',(0.100958725279338,-0.0694372298349541,0.035));
#12512=CARTESIAN_POINT('',(0.141035621466628,-0.0911322609639965,0.035));
#12513=CARTESIAN_POINT('',(0.140660621466628,-0.0917817800168349,0.035));
#12514=CARTESIAN_POINT('',(0.149320875504472,-0.0967817800168349,0.035));
#12515=CARTESIAN_POINT('',(0.154320875504472,-0.0881215259789904,0.035));
#12516=CARTESIAN_POINT('',(0.145574018926249,-0.0830715259789905,0.035));
#12517=CARTESIAN_POINT('',(0.167311256561239,-0.0956215259789905,0.035));
#12518=CARTESIAN_POINT('',(0.167311256561239,-0.0956215259789904,0.035));
#12519=CARTESIAN_POINT('',(0.169811256561239,-0.0912913989600683,0.035));
#12520=CARTESIAN_POINT('',(0.158985939013933,-0.0850413989600683,0.035));
#12521=CARTESIAN_POINT('',(0.141665430938244,-0.0750413989600682,0.035));
#12522=CARTESIAN_POINT('',(0.140415430938244,-0.0772064624695293,0.035));
#12523=CARTESIAN_POINT('',(0.138250367428783,-0.0759564624695294,0.035));
#12524=CARTESIAN_POINT('',(0.138625367428783,-0.0753069434166911,0.035));
#12525=CARTESIAN_POINT('',(0.137750367428783,-0.0768224878733138,0.035));
#12526=CARTESIAN_POINT('',(0.125192999073909,-0.0695724878733138,0.035));
#12527=CARTESIAN_POINT('',(0.110470567209574,-0.0610724878733139,0.035));
#12528=CARTESIAN_POINT('',(0.109220567209574,-0.063237551382775,0.035));
#12529=CARTESIAN_POINT('',(0.107970567209574,-0.0654026148922361,0.035));
#12530=CARTESIAN_POINT('',(0.105805503700112,-0.0641526148922361,0.035));
#12531=CARTESIAN_POINT('',(0.103640440190651,-0.0629026148922361,0.035));
#12532=CARTESIAN_POINT('',(0.104890440190651,-0.060737551382775,0.035));
#12533=CARTESIAN_POINT('',(0.106140440190651,-0.0585724878733139,0.035));
#12534=CARTESIAN_POINT('',(0.102872253086323,-0.0545657949957458,0.035));
#12535=CARTESIAN_POINT('',(0.101016975215817,-0.052291283655859,0.035));
#12536=CARTESIAN_POINT('',(0.100242069389346,-0.0529233603601453,0.035));
#12537=CARTESIAN_POINT('',(0.099254381048751,-0.0527669258951051,0.035));
#12538=CARTESIAN_POINT('',(0.0988218936567938,-0.0554975438211534,0.035));
#12539=CARTESIAN_POINT('',(0.0980397213315926,-0.0604359855241291,0.035));
#12540=CARTESIAN_POINT('',(0.0970520329909975,-0.0602795510590889,0.035));
#12541=CARTESIAN_POINT('',(0.0960643446504023,-0.0601231165940486,0.035));
#12542=CARTESIAN_POINT('',(0.0968465169756035,-0.0551846748910729,0.035));
#12543=CARTESIAN_POINT('',(0.0976286893008046,-0.0502462331880972,0.035));
#12544=CARTESIAN_POINT('',(0.0960643446504023,-0.0488731165940486,0.035));
#12545=CARTESIAN_POINT('',(0.0952076308818802,-0.0481211289220192,0.035));
#12546=CARTESIAN_POINT('',(0.093558436086737,-0.05,0.035));
#12547=CARTESIAN_POINT('',(0.0795,-0.0620314344650402,0.035));
#12548=CARTESIAN_POINT('',(0.0795,-0.0470859521458148,0.035));
#12549=CARTESIAN_POINT('',(0.077,-0.0470859521458148,0.035));
#12550=CARTESIAN_POINT('',(0.07275,-0.0476,0.035));
#12551=CARTESIAN_POINT('',(0.0685,-0.047290199457749,0.035));
#12552=CARTESIAN_POINT('',(0.066,-0.047290199457749,0.035));
#12553=CARTESIAN_POINT('',(0.066,-0.05375,0.035));
#12554=CARTESIAN_POINT('',(0.066,-0.05,0.035));
#12555=CARTESIAN_POINT('',(0.056,-0.05,0.035));
#12556=CARTESIAN_POINT('',(0.056,-0.06,0.035));
#12557=CARTESIAN_POINT('',(0.033,-0.06,0.035));
#12558=CARTESIAN_POINT('',(-0.007,-0.0635,0.035));
#12559=CARTESIAN_POINT('',(-0.007,-0.067,0.035));
#12560=CARTESIAN_POINT('',(0.0438680525602369,-0.067,0.035));
#12561=CARTESIAN_POINT('',(0.0947361051204738,-0.067,0.035));
#12562=CARTESIAN_POINT('',(0.0964442916484798,-0.0672705501672082,0.035));
#12563=CARTESIAN_POINT('',(0.0981524781764859,-0.0675411003344163,0.035));
#12564=CARTESIAN_POINT('',(0.097526740316325,-0.0714918536967968,0.035));
#12565=CARTESIAN_POINT('',(0.131553098964304,-0.0270564717219363,0.035));
#12566=CARTESIAN_POINT('',(0.130470567209574,-0.0264314717219363,0.035));
#12567=CARTESIAN_POINT('',(0.130470567209574,-0.0264314717219363,0.015));
#12568=CARTESIAN_POINT('',(0.144110467319178,-0.0343064717219363,0.015));
#12569=CARTESIAN_POINT('',(0.157750367428784,-0.0421814717219363,0.015));
#12570=CARTESIAN_POINT('',(0.157750367428784,-0.0421814717219363,0.035));
#12571=CARTESIAN_POINT('',(0.125192999073909,-0.0695724878733138,0.035));
#12572=CARTESIAN_POINT('',(0.137750367428783,-0.0768224878733138,0.035));
#12573=CARTESIAN_POINT('',(0.137750367428783,-0.0768224878733138,0.015));
#12574=CARTESIAN_POINT('',(0.124110467319178,-0.0689474878733138,0.015));
#12575=CARTESIAN_POINT('',(0.110470567209574,-0.0610724878733139,0.015));
#12576=CARTESIAN_POINT('',(0.110470567209574,-0.0610724878733139,0.035));
#12577=CARTESIAN_POINT('',(0.0906556282806193,-0.0499758264989563,0.01));
#12578=CARTESIAN_POINT('',(0.105805503700112,-0.0641526148922361,0.01));
#12579=CARTESIAN_POINT('',(0.107970567209574,-0.0654026148922361,0.01));
#12580=CARTESIAN_POINT('',(0.103640440190651,-0.0629026148922361,0.01));
#12581=CARTESIAN_POINT('',(0.131720567209574,-0.0242664082124752,0.01));
#12582=CARTESIAN_POINT('',(0.132970567209574,-0.0221013447030141,0.01));
#12583=CARTESIAN_POINT('',(0.130805503700112,-0.0208513447030141,0.01));
#12584=CARTESIAN_POINT('',(0.128640440190651,-0.0196013447030141,0.01));
#12585=CARTESIAN_POINT('',(0.104890440190651,-0.060737551382775,0.01));
#12586=CARTESIAN_POINT('',(0.0906556282806193,-0.0499758264989563,0.01));
#12587=CARTESIAN_POINT('',(0.0970520329909975,-0.0602795510590889,0.01));
#12588=CARTESIAN_POINT('',(0.0960643446504023,-0.0601231165940486,0.01));
#12589=CARTESIAN_POINT('',(0.0980397213315926,-0.0604359855241291,0.01));
#12590=CARTESIAN_POINT('',(0.105079272258403,-0.0159900101973479,0.01));
#12591=CARTESIAN_POINT('',(0.105861444583604,-0.0110515684943722,0.01));
#12592=CARTESIAN_POINT('',(0.104873756243009,-0.0108951340293319,0.01));
#12593=CARTESIAN_POINT('',(0.103886067902414,-0.0107386995642917,0.01));
#12594=CARTESIAN_POINT('',(0.103103895577213,-0.0156771412672674,0.01));
#12595=CARTESIAN_POINT('',(0.0906556282806193,-0.0499758264989563,0.01));
#12596=CARTESIAN_POINT('',(0.033,-0.06,0.01));
#12597=CARTESIAN_POINT('',(6.93889390390723E-18,-0.06,0.01));
#12598=CARTESIAN_POINT('',(0.056,-0.06,0.01));
#12599=CARTESIAN_POINT('',(0.056,-0.05,0.01));
#12600=CARTESIAN_POINT('',(0.066,-0.05,0.01));
#12601=CARTESIAN_POINT('',(0.066,-0.05375,0.01));
#12602=CARTESIAN_POINT('',(0.066,-0.02,0.01));
#12603=CARTESIAN_POINT('',(0.056,-0.02,0.01));
#12604=CARTESIAN_POINT('',(0.056,-0.01,0.01));
#12605=CARTESIAN_POINT('',(0.033,-0.01,0.01));
#12606=CARTESIAN_POINT('',(0.,-0.01,0.01));
#12607=CARTESIAN_POINT('',(4.75809867696496E-18,-0.048,0.01));
#12608=CARTESIAN_POINT('',(0.,-0.022,0.035));
#12609=CARTESIAN_POINT('',(3.46944695195361E-18,-0.046,0.035));
#12610=CARTESIAN_POINT('',(3.7449618569617E-18,-0.04735,0.035));
#12611=CARTESIAN_POINT('',(0.,-0.024,0.0225));
#12612=CARTESIAN_POINT('',(2.75514905008081E-19,-0.02535,0.0225));
#12613=CARTESIAN_POINT('',(3.46944695195361E-18,-0.046,0.0225));
#12614=CARTESIAN_POINT('',(3.7449618569617E-18,-0.04735,0.0225));
#12615=CARTESIAN_POINT('',(3.46944695195361E-18,-0.046,0.0475));
#12616=CARTESIAN_POINT('',(3.7449618569617E-18,-0.04735,0.0475));
#12617=CARTESIAN_POINT('',(0.,-0.024,0.035));
#12618=CARTESIAN_POINT('',(2.75514905008081E-19,-0.02535,0.035));
#12619=CARTESIAN_POINT('',(0.,-0.024,0.0475));
#12620=CARTESIAN_POINT('',(2.75514905008081E-19,-0.02535,0.0475));
#12621=CARTESIAN_POINT('',(0.,-0.022,0.0525));
#12622=CARTESIAN_POINT('',(0.,-0.035,0.0175));
#12623=CARTESIAN_POINT('',(6.93889390390723E-18,-0.06,0.035));
#12624=CARTESIAN_POINT('',(0.,-0.01,0.035));
#12625=CARTESIAN_POINT('',(0.,-0.01,0.06));
#12626=CARTESIAN_POINT('',(0.,-0.01,0.06));
#12627=CARTESIAN_POINT('',(4.75809867696496E-18,-0.048,0.06));
#12628=CARTESIAN_POINT('',(0.033,-0.01,0.035));
#12629=CARTESIAN_POINT('',(0.056,-0.01,0.035));
#12630=CARTESIAN_POINT('',(0.066,-0.01625,0.035));
#12631=CARTESIAN_POINT('',(0.066,-0.05,0.035));
#12632=CARTESIAN_POINT('',(0.066,-0.0325,0.0375));
#12633=CARTESIAN_POINT('',(0.066,-0.035,0.0227098005422509));
#12634=CARTESIAN_POINT('',(0.066,-0.0375,0.0375));
#12635=CARTESIAN_POINT('',(0.066,-0.02,0.01));
#12636=CARTESIAN_POINT('',(0.0845,-0.0225,0.035));
#12637=CARTESIAN_POINT('',(0.0795,-0.0225,0.0235));
#12638=CARTESIAN_POINT('',(0.0926698729810778,-0.0225,0.02));
#12639=CARTESIAN_POINT('',(0.0945,-0.0225,0.0217031250965831));
#12640=CARTESIAN_POINT('',(0.0945,-0.0225,0.035));
#12641=CARTESIAN_POINT('',(0.0984108616260058,-0.0215577914851216,0.035));
#12642=CARTESIAN_POINT('',(0.0926698729810778,-0.0229409159477981,0.02));
#12643=CARTESIAN_POINT('',(0.0948349364905389,-0.0224193067810861,0.02125));
#12644=CARTESIAN_POINT('',(0.097,-0.021897697614374,0.0225));
#12645=CARTESIAN_POINT('',(0.097,-0.021897697614374,0.02));
#12646=CARTESIAN_POINT('',(0.0984108616260058,-0.0215577914851216,0.02));
#12647=CARTESIAN_POINT('',(0.102321723252011,-0.0206155829702431,0.02));
#12648=CARTESIAN_POINT('',(0.102321723252011,-0.0206155829702431,0.035));
#12649=CARTESIAN_POINT('',(0.103103895577213,-0.0156771412672674,0.035));
#12650=CARTESIAN_POINT('',(0.103886067902414,-0.0107386995642917,0.035));
#12651=CARTESIAN_POINT('',(0.0999752062764081,-0.0354309080791701,0.02));
#12652=CARTESIAN_POINT('',(0.0976286893008046,-0.0502462331880972,0.02));
#12653=CARTESIAN_POINT('',(0.0976286893008046,-0.0502462331880972,0.035));
#12654=CARTESIAN_POINT('',(0.0960643446504023,-0.0601231165940486,0.035));
#12655=CARTESIAN_POINT('',(0.104873756243009,-0.0108951340293319,0.035));
#12656=CARTESIAN_POINT('',(0.105861444583604,-0.0110515684943722,0.035));
#12657=CARTESIAN_POINT('',(0.105079272258403,-0.0159900101973479,0.035));
#12658=CARTESIAN_POINT('',(0.0980397213315926,-0.0604359855241291,0.035));
#12659=CARTESIAN_POINT('',(0.099254381048751,-0.0527669258951051,0.01));
#12660=CARTESIAN_POINT('',(0.099254381048751,-0.0527669258951051,0.015));
#12661=CARTESIAN_POINT('',(0.101168410632397,-0.0406822187122263,0.015));
#12662=CARTESIAN_POINT('',(0.104297099933202,-0.0209284519003235,0.015));
#12663=CARTESIAN_POINT('',(0.104297099933202,-0.0209284519003235,0.035));
#12664=CARTESIAN_POINT('',(0.114136238307196,-0.02180496181113,0.035));
#12665=CARTESIAN_POINT('',(0.114136238307196,-0.02180496181113,0.015));
#12666=CARTESIAN_POINT('',(0.12397537668119,-0.0226814717219363,0.015));
#12667=CARTESIAN_POINT('',(0.12397537668119,-0.0226814717219363,0.035));
#12668=CARTESIAN_POINT('',(0.125057908435921,-0.0233064717219363,0.035));
#12669=CARTESIAN_POINT('',(0.125057908435921,-0.0233064717219363,0.015));
#12670=CARTESIAN_POINT('',(0.126140440190651,-0.0239314717219364,0.015));
#12671=CARTESIAN_POINT('',(0.126140440190651,-0.0239314717219364,0.035));
#12672=CARTESIAN_POINT('',(0.127390440190651,-0.0217664082124752,0.035));
#12673=CARTESIAN_POINT('',(0.104890440190651,-0.060737551382775,0.015));
#12674=CARTESIAN_POINT('',(0.106140440190651,-0.0585724878733139,0.015));
#12675=CARTESIAN_POINT('',(0.106140440190651,-0.0585724878733139,0.035));
#12676=CARTESIAN_POINT('',(0.103640440190651,-0.0629026148922361,0.035));
#12677=CARTESIAN_POINT('',(0.128640440190651,-0.0196013447030141,0.035));
#12678=CARTESIAN_POINT('',(0.130805503700112,-0.0208513447030141,0.035));
#12679=CARTESIAN_POINT('',(0.132970567209574,-0.0221013447030141,0.035));
#12680=CARTESIAN_POINT('',(0.131720567209574,-0.0242664082124752,0.035));
#12681=CARTESIAN_POINT('',(0.107970567209574,-0.0654026148922361,0.035));
#12682=CARTESIAN_POINT('',(0.120470567209574,-0.043751979797625,0.015));
#12683=CARTESIAN_POINT('',(0.156875367428783,-0.043697016178559,0.035));
#12684=CARTESIAN_POINT('',(0.147750367428783,-0.059501979797625,0.035));
#12685=CARTESIAN_POINT('',(0.147750367428783,-0.059501979797625,0.015));
#12686=CARTESIAN_POINT('',(0.171785621466628,-0.0378716986312536,0.035));
#12687=CARTESIAN_POINT('',(0.140410621466628,-0.0922147927187271,0.03));
#12688=CARTESIAN_POINT('',(0.140410621466628,-0.0922147927187271,0.03));
#12689=CARTESIAN_POINT('',(0.141035621466628,-0.0911322609639965,0.03));
#12690=CARTESIAN_POINT('',(0.173910621466628,-0.0341910906651696,0.035));
#12691=CARTESIAN_POINT('',(0.173910621466628,-0.0341910906651697,0.03));
#12692=CARTESIAN_POINT('',(0.173160621466628,-0.0354901287708463,0.03));
#12693=CARTESIAN_POINT('',(0.172410621466628,-0.036789166876523,0.03));
#12694=CARTESIAN_POINT('',(0.172410621466628,-0.036789166876523,0.03));
#12695=CARTESIAN_POINT('',(0.156410621466628,-0.064501979797625,0.035));
#12696=CARTESIAN_POINT('',(0.169580494447706,-0.0316910906651697,0.035));
#12697=CARTESIAN_POINT('',(0.152692999073909,-0.0219410906651697,0.03));
#12698=CARTESIAN_POINT('',(0.106438100893411,-0.00101825062338057,0.035));
#12699=CARTESIAN_POINT('',(0.106438100893411,-0.00101825062338057,0.03));
#12700=CARTESIAN_POINT('',(0.0845,0.,0.035));
#12701=CARTESIAN_POINT('',(0.04225,2.35813972515597E-18,0.03));
#12702=CARTESIAN_POINT('',(0.105805503700112,-0.0641526148922361,0.035));
#12703=CARTESIAN_POINT('',(0.102872253086323,-0.0545657949957458,0.035));
#12704=CARTESIAN_POINT('',(0.102872253086323,-0.0545657949957458,0.015));
#12705=CARTESIAN_POINT('',(0.101016975215817,-0.052291283655859,0.015));
#12706=CARTESIAN_POINT('',(0.101016975215817,-0.052291283655859,0.035));
#12707=CARTESIAN_POINT('',(0.0970520329909975,-0.0602795510590889,0.035));
#12708=CARTESIAN_POINT('',(0.0960643446504023,-0.0488731165940486,0.035));
#12709=CARTESIAN_POINT('',(0.097,-0.0496943958987802,0.0225));
#12710=CARTESIAN_POINT('',(0.097,-0.0496943958987802,0.02));
#12711=CARTESIAN_POINT('',(0.0952076308818802,-0.0481211289220192,0.0207571824695597));
#12712=CARTESIAN_POINT('',(0.0952076308818802,-0.0481211289220192,0.035));
#12713=CARTESIAN_POINT('',(0.0960643446504023,-0.0488731165940486,0.02));
#12714=CARTESIAN_POINT('',(0.033,-0.06,0.035));
#12715=CARTESIAN_POINT('',(0.056,-0.06,0.035));
#12716=CARTESIAN_POINT('',(0.0984108616260058,-0.0354309080791701,0.02));
#12717=CARTESIAN_POINT('',(0.097,-0.0354309080791701,0.02));
#12718=CARTESIAN_POINT('',(0.097,-0.035,0.0225));
#12719=CARTESIAN_POINT('',(0.0948349364905389,-0.035,0.02125));
#12720=CARTESIAN_POINT('',(0.0948349364905389,-0.04785045429937,0.02125));
#12721=CARTESIAN_POINT('',(0.0948349364905389,-0.04785045429937,0.02125));
#12722=CARTESIAN_POINT('',(0.09494429214493,-0.047915394782816,0.0210605904504997));
#12723=CARTESIAN_POINT('',(0.0950718535193148,-0.0480019492069949,0.0208968202384892));
#12724=CARTESIAN_POINT('',(0.0952076308818802,-0.0481211289220192,0.0207571824695597));
#12725=CARTESIAN_POINT('',(0.0926698729810778,-0.035,0.02));
#12726=CARTESIAN_POINT('',(0.093558436086737,-0.0475,0.0223367617780299));
#12727=CARTESIAN_POINT('',(0.0941100042909009,-0.0475,0.0221270257402862));
#12728=CARTESIAN_POINT('',(0.0945531199663783,-0.0476830985149445,0.0217381205382584));
#12729=CARTESIAN_POINT('',(0.0948349364905388,-0.0478504542993707,0.02125));
#12730=CARTESIAN_POINT('',(0.093558436086737,-0.05,0.035));
#12731=CARTESIAN_POINT('',(0.100242069389346,-0.0529233603601453,0.035));
#12732=CARTESIAN_POINT('',(0.100242069389346,-0.0529233603601453,0.015));
#12733=CARTESIAN_POINT('',(0.112090080761122,-0.0419155333962798,0.015));
#12734=CARTESIAN_POINT('',(0.134110467319178,-0.051626979797625,0.015));
#12735=CARTESIAN_POINT('',(0.15632401892625,-0.0644519797976251,0.035));
#12736=CARTESIAN_POINT('',(0.170941902724543,-0.0745609024218177,0.013548812740356));
#12737=CARTESIAN_POINT('',(0.170502676843859,-0.0735017891370198,0.0135052749448203));
#12738=CARTESIAN_POINT('',(0.17094186230851,-0.0724438198158531,0.0134936787355867));
#12739=CARTESIAN_POINT('',(0.171997904701844,-0.072006122379103,0.0135370712098534));
#12740=CARTESIAN_POINT('',(0.173056738681648,-0.0724435705698245,0.0135487885416352));
#12741=CARTESIAN_POINT('',(0.173494969827802,-0.0735017019708014,0.0135053095936624));
#12742=CARTESIAN_POINT('',(0.173057853919167,-0.0745586643588252,0.0134936415003568));
#12743=CARTESIAN_POINT('',(0.172000654727761,-0.074998077037392,0.0135370495969781));
#12744=CARTESIAN_POINT('',(0.170941902724543,-0.0745609024218177,0.013548812740356));
#12745=CARTESIAN_POINT('',(0.170502676843859,-0.0735017891370198,0.0135052749448203));
#12746=CARTESIAN_POINT('',(0.17094186230851,-0.0724438198158531,0.0134936787355867));
#12747=CARTESIAN_POINT('',(0.170649078734748,-0.073501979797625,0.0135105985425373));
#12748=CARTESIAN_POINT('',(0.165070875504472,-0.069501979797625,0.035));
#12749=CARTESIAN_POINT('',(0.178061256561239,-0.0770019797976251,0.035));
#12750=CARTESIAN_POINT('',(0.15632401892625,-0.0644519797976251,0.035));
#12751=CARTESIAN_POINT('',(0.17094235532514,-0.0724426068883313,0.0184917554062353));
#12752=CARTESIAN_POINT('',(0.170502685405282,-0.0735024053648897,0.0185068839711802));
#12753=CARTESIAN_POINT('',(0.17094137546222,-0.07455965043786,0.0185635843068454));
#12754=CARTESIAN_POINT('',(0.17199811955747,-0.0749978358647859,0.018548412109413));
#12755=CARTESIAN_POINT('',(0.173056242858961,-0.0745608837067631,0.0184917580769193));
#12756=CARTESIAN_POINT('',(0.173494975292713,-0.0735020413202826,0.0185068702214382));
#12757=CARTESIAN_POINT('',(0.173058327846706,-0.0724457654240189,0.0185635325655544));
#12758=CARTESIAN_POINT('',(0.172000409633057,-0.072005877569144,0.0185484565276061));
#12759=CARTESIAN_POINT('',(0.17094235532514,-0.0724426068883313,0.0184917554062353));
#12760=CARTESIAN_POINT('',(0.170502685405282,-0.0735024053648897,0.0185068839711802));
#12761=CARTESIAN_POINT('',(0.17094137546222,-0.07455965043786,0.0185635843068454));
#12762=CARTESIAN_POINT('',(0.170649078734748,-0.073501979797625,0.0185138125996336));
#12763=CARTESIAN_POINT('',(0.149915430938244,-0.060751979797625,0.035));
#12764=CARTESIAN_POINT('',(0.178061256561239,-0.0770019797976251,0.035));
#12765=CARTESIAN_POINT('',(0.178061256561239,-0.0770019797976251,0.035));
#12766=CARTESIAN_POINT('',(0.0994246098391513,-0.0708609089493529,0.035));
#12767=CARTESIAN_POINT('',(0.0994246098391513,-0.0708609089493529,0.03));
#12768=CARTESIAN_POINT('',(0.165070875504472,-0.069501979797625,0.035));
#12769=CARTESIAN_POINT('',(-0.005,-0.035,0.0175));
#12770=CARTESIAN_POINT('',(0.0799056282806194,-0.0478107629894952,0.06));
#12771=CARTESIAN_POINT('',(-0.007,-0.053,0.06));
#12772=CARTESIAN_POINT('',(-0.007,-0.01,0.06));
#12773=CARTESIAN_POINT('',(-0.005,-0.01,0.06));
#12774=CARTESIAN_POINT('',(-0.005,-0.01,0.06));
#12775=CARTESIAN_POINT('',(-0.007,-0.01,0.06));
#12776=CARTESIAN_POINT('',(-0.005,-0.035,0.0525));
#12777=CARTESIAN_POINT('',(0.,-0.024,0.0475));
#12778=CARTESIAN_POINT('',(0.,-0.024,0.035));
#12779=CARTESIAN_POINT('',(3.46944695195361E-18,-0.046,0.0475));
#12780=CARTESIAN_POINT('',(3.46944695195361E-18,-0.046,0.0225));
#12781=CARTESIAN_POINT('',(0.,-0.024,0.0225));
#12782=CARTESIAN_POINT('',(3.46944695195361E-18,-0.046,0.035));
#12783=CARTESIAN_POINT('',(0.056,-0.05,0.035));
#12784=CARTESIAN_POINT('',(0.056,-0.02,0.035));
#12785=CARTESIAN_POINT('',(0.149915430938244,-0.060751979797625,0.035));
#12786=CARTESIAN_POINT('',(0.120684673372983,-0.0808260112768406,0.03));
#12787=CARTESIAN_POINT('',(0.100958725279338,-0.0694372298349541,0.03));
#12788=CARTESIAN_POINT('',(0.100958725279338,-0.0694372298349541,0.03));
#12789=CARTESIAN_POINT('',(0.120684673372983,-0.0808260112768406,0.03));
#12790=CARTESIAN_POINT('',(0.097526740316325,-0.0714918536967968,0.03));
#12791=CARTESIAN_POINT('',(0.0981524781764859,-0.0675411003344163,0.03));
#12792=CARTESIAN_POINT('',(0.0981524781764859,-0.0675411003344163,0.03));
#12793=CARTESIAN_POINT('',(0.097526740316325,-0.0714918536967968,0.03));
#12794=CARTESIAN_POINT('',(0.0964442916484798,-0.0672705501672082,0.03));
#12795=CARTESIAN_POINT('',(0.0947361051204738,-0.067,0.03));
#12796=CARTESIAN_POINT('',(0.0947361051204738,-0.067,0.03));
#12797=CARTESIAN_POINT('',(0.0964442916484798,-0.0672705501672082,0.03));
#12798=CARTESIAN_POINT('',(0.0438680525602369,-0.067,0.03));
#12799=CARTESIAN_POINT('',(-0.007,-0.067,0.03));
#12800=CARTESIAN_POINT('',(-0.007,-0.067,0.03));
#12801=CARTESIAN_POINT('',(0.0438680525602369,-0.067,0.03));
#12802=CARTESIAN_POINT('',(-0.007,-0.0635,0.03));
#12803=CARTESIAN_POINT('',(-0.007,-0.003,0.03));
#12804=CARTESIAN_POINT('',(-0.007,-0.003,0.03));
#12805=CARTESIAN_POINT('',(-0.007,-0.0065,0.03));
#12806=CARTESIAN_POINT('',(-0.007,-0.013,0.03));
#12807=CARTESIAN_POINT('',(-0.007,-0.013,0.0435));
#12808=CARTESIAN_POINT('',(-0.007,-0.013,0.057));
#12809=CARTESIAN_POINT('',(-0.007,-0.035,0.057));
#12810=CARTESIAN_POINT('',(-0.007,-0.057,0.057));
#12811=CARTESIAN_POINT('',(-0.007,-0.057,0.0435));
#12812=CARTESIAN_POINT('',(-0.007,-0.057,0.03));
#12813=CARTESIAN_POINT('',(-0.007,-0.0635,0.03));
#12814=CARTESIAN_POINT('',(0.0819553107333139,-0.0478107629894952,0.03));
#12815=CARTESIAN_POINT('',(-0.007,-0.057,0.03));
#12816=CARTESIAN_POINT('',(0.151312363907405,-0.0246080821952739,0.03));
#12817=CARTESIAN_POINT('',(0.151312363907405,-0.0246080821952739,0.03));
#12818=CARTESIAN_POINT('',(0.130214106348183,-0.0124269975140248,0.03));
#12819=CARTESIAN_POINT('',(0.130214106348183,-0.0124269975140248,0.03));
#12820=CARTESIAN_POINT('',(0.0436910648394883,-0.003,0.03));
#12821=CARTESIAN_POINT('',(0.0943821296789767,-0.003,0.03));
#12822=CARTESIAN_POINT('',(0.0943821296789767,-0.003,0.03));
#12823=CARTESIAN_POINT('',(0.0436910648394883,-0.003,0.03));
#12824=CARTESIAN_POINT('',(0.0997398289892245,-0.00342166008036955,0.03));
#12825=CARTESIAN_POINT('',(0.105097528299472,-0.00384332016073912,0.03));
#12826=CARTESIAN_POINT('',(0.105097528299472,-0.00384332016073912,0.03));
#12827=CARTESIAN_POINT('',(0.0997398289892245,-0.00342166008036955,0.03));
#12828=CARTESIAN_POINT('',(0.105890873355542,-0.0039689736734289,0.03));
#12829=CARTESIAN_POINT('',(0.106684218411611,-0.00409462718611869,0.03));
#12830=CARTESIAN_POINT('',(0.106684218411611,-0.00409462718611869,0.03));
#12831=CARTESIAN_POINT('',(0.105890873355542,-0.0039689736734289,0.03));
#12832=CARTESIAN_POINT('',(0.118449162379897,-0.00826081235007177,0.03));
#12833=CARTESIAN_POINT('',(0.118449162379897,-0.00826081235007177,0.03));
#12834=CARTESIAN_POINT('',(0.0819553107333139,-0.0478107629894952,0.03));
#12835=CARTESIAN_POINT('',(-0.007,-0.013,0.03));
#12836=CARTESIAN_POINT('',(-0.007,-0.013,0.0435));
#12837=CARTESIAN_POINT('',(-0.007,-0.013,0.057));
#12838=CARTESIAN_POINT('',(-0.007,-0.035,0.057));
#12839=CARTESIAN_POINT('',(-0.007,-0.057,0.057));
#12840=CARTESIAN_POINT('',(-0.007,-0.057,0.0435));
#12841=CARTESIAN_POINT('',(0.171999078734748,-0.073501979797625,0.051502));
#12842=CARTESIAN_POINT('',(0.028,-0.0635,0.015));
#12843=CARTESIAN_POINT('',(0.028,-0.0635,0.015));
#12844=CARTESIAN_POINT('',(0.02935,-0.0635,0.015));
#12845=CARTESIAN_POINT('',(0.0814056282806194,-0.0503857629894952,0.015));
#12846=CARTESIAN_POINT('',(0.0840292180433685,-0.0575,0.015));
#12847=CARTESIAN_POINT('',(0.0840292180433685,-0.0575,0.015));
#12848=CARTESIAN_POINT('',(0.0853792180433685,-0.0575,0.015));
#12849=CARTESIAN_POINT('',(0.0814056282806194,-0.0503857629894952,0.015));
#12850=CARTESIAN_POINT('',(0.121110467319178,-0.0741436402960204,0.015));
#12851=CARTESIAN_POINT('',(0.121110467319178,-0.0741436402960204,0.015));
#12852=CARTESIAN_POINT('',(0.122460467319178,-0.0741436402960204,0.015));
#12853=CARTESIAN_POINT('',(0.0814056282806194,-0.0503857629894952,0.015));
#12854=CARTESIAN_POINT('',(0.0845,-0.0125,0.015));
#12855=CARTESIAN_POINT('',(0.0845,-0.0125,0.015));
#12856=CARTESIAN_POINT('',(0.08585,-0.0125,0.015));
#12857=CARTESIAN_POINT('',(0.0814056282806194,-0.0503857629894952,0.015));
#12858=CARTESIAN_POINT('',(0.147110467319178,-0.0291103192992296,0.015));
#12859=CARTESIAN_POINT('',(0.147110467319178,-0.0291103192992296,0.015));
#12860=CARTESIAN_POINT('',(0.148460467319178,-0.0291103192992296,0.015));
#12861=CARTESIAN_POINT('',(0.0814056282806194,-0.0503857629894952,0.015));
#12862=CARTESIAN_POINT('',(0.028,-0.0065,0.015));
#12863=CARTESIAN_POINT('',(0.028,-0.0065,0.015));
#12864=CARTESIAN_POINT('',(0.02935,-0.0065,0.015));
#12865=CARTESIAN_POINT('',(0.0814056282806194,-0.0503857629894952,0.015));
#12866=CARTESIAN_POINT('',(0.0210384114583334,-0.0275,0.002));
#12867=CARTESIAN_POINT('',(0.0222786458333333,-0.0275,0.002));
#12868=CARTESIAN_POINT('',(0.0222786458333333,-0.0275,0.002));
#12869=CARTESIAN_POINT('',(0.0210384114583334,-0.0275,0.002));
#12870=CARTESIAN_POINT('',(0.0197981770833334,-0.0275,0.002));
#12871=CARTESIAN_POINT('',(0.0197981770833334,-0.0275,0.002));
#12872=CARTESIAN_POINT('',(0.0222786458333333,-0.0277034505208333,0.002));
#12873=CARTESIAN_POINT('',(0.0222786458333333,-0.0339485677083333,0.002));
#12874=CARTESIAN_POINT('',(0.0222786634288883,-0.0339485677169931,0.002));
#12875=CARTESIAN_POINT('',(0.0222786458333333,-0.0277034505208333,0.002));
#12876=CARTESIAN_POINT('',(-0.00377635456432333,-0.0339357445767573,0.002));
#12877=CARTESIAN_POINT('',(0.0222591145833334,-0.0349462890625,0.002));
#12878=CARTESIAN_POINT('',(0.022259097229893,-0.0349462883908337,0.002));
#12879=CARTESIAN_POINT('',(-0.00377635456432333,-0.0339357445767573,0.002));
#12880=CARTESIAN_POINT('',(0.0151641896260009,-0.034677000456255,0.002));
#12881=CARTESIAN_POINT('',(0.0221484375,-0.0359537760416666,0.002));
#12882=CARTESIAN_POINT('',(0.0221483951349862,-0.0359537683762006,0.002));
#12883=CARTESIAN_POINT('',(0.0151641896260009,-0.034677000456255,0.002));
#12884=CARTESIAN_POINT('',(0.0176858169262243,-0.0351443699623415,0.002));
#12885=CARTESIAN_POINT('',(0.0218636067708333,-0.0369091796875,0.002));
#12886=CARTESIAN_POINT('',(0.0218635618110518,-0.0369091609713133,0.002));
#12887=CARTESIAN_POINT('',(0.0176858169262243,-0.0351443699623415,0.002));
#12888=CARTESIAN_POINT('',(0.0195204086018233,-0.0359259329664474,0.002));
#12889=CARTESIAN_POINT('',(0.0213248697916667,-0.03771484375,0.002));
#12890=CARTESIAN_POINT('',(0.0213248697916667,-0.03771484375,0.002));
#12891=CARTESIAN_POINT('',(0.0195204086018233,-0.0359259329664474,0.002));
#12892=CARTESIAN_POINT('',(0.0200618489583334,-0.0387109375,0.002));
#12893=CARTESIAN_POINT('',(0.0200618489583334,-0.0387109375,0.));
#12894=CARTESIAN_POINT('',(0.0204828559027778,-0.0384526909722222,0.002));
#12895=CARTESIAN_POINT('',(0.0204828559027778,-0.0384526909722222,0.));
#12896=CARTESIAN_POINT('',(0.0209038628472222,-0.0381206597222222,0.002));
#12897=CARTESIAN_POINT('',(0.0209038628472222,-0.0381206597222222,0.));
#12898=CARTESIAN_POINT('',(0.0213248697916667,-0.03771484375,0.002));
#12899=CARTESIAN_POINT('',(0.0213248697916667,-0.03771484375,0.));
#12900=CARTESIAN_POINT('',(0.0200618489583334,-0.0387109375,0.002));
#12901=CARTESIAN_POINT('',(0.0200618489583334,-0.0387109375,0.002));
#12902=CARTESIAN_POINT('',(0.0200618489583334,-0.0387109375,0.002));
#12903=CARTESIAN_POINT('',(0.020693359375,-0.0383235677083333,0.002));
#12904=CARTESIAN_POINT('',(0.0213248697916667,-0.03771484375,0.002));
#12905=CARTESIAN_POINT('',(0.018515625,-0.0390983072916667,0.002));
#12906=CARTESIAN_POINT('',(0.018515625,-0.0390983072916667,0.));
#12907=CARTESIAN_POINT('',(0.0191254340277778,-0.0390983072916667,0.002));
#12908=CARTESIAN_POINT('',(0.0191254340277778,-0.0390983072916667,0.));
#12909=CARTESIAN_POINT('',(0.0196408420138889,-0.0389691840277778,0.002));
#12910=CARTESIAN_POINT('',(0.0196408420138889,-0.0389691840277778,0.));
#12911=CARTESIAN_POINT('',(0.0200618489583334,-0.0387109375,0.002));
#12912=CARTESIAN_POINT('',(0.0200618489583334,-0.0387109375,0.));
#12913=CARTESIAN_POINT('',(0.018515625,-0.0390983072916667,0.002));
#12914=CARTESIAN_POINT('',(0.018515625,-0.0390983072916667,0.002));
#12915=CARTESIAN_POINT('',(0.018515625,-0.0390983072916667,0.002));
#12916=CARTESIAN_POINT('',(0.0194303385416667,-0.0390983072916667,0.002));
#12917=CARTESIAN_POINT('',(0.0200618489583334,-0.0387109375,0.002));
#12918=CARTESIAN_POINT('',(0.0185358125970655,-0.0351778466870034,0.002));
#12919=CARTESIAN_POINT('',(0.0176009114583334,-0.0389860026041667,0.002));
#12920=CARTESIAN_POINT('',(0.0176009553156771,-0.0389858262052507,0.002));
#12921=CARTESIAN_POINT('',(0.0185358125970655,-0.0351778466870034,0.002));
#12922=CARTESIAN_POINT('',(0.0190505657444649,-0.0329367349166583,0.002));
#12923=CARTESIAN_POINT('',(0.0166845703125,-0.0386897786458334,0.002));
#12924=CARTESIAN_POINT('',(0.016684625133775,-0.0386896437330118,0.002));
#12925=CARTESIAN_POINT('',(0.0190505657444649,-0.0329367349166583,0.002));
#12926=CARTESIAN_POINT('',(0.0187994618779471,-0.0334794519048802,0.002));
#12927=CARTESIAN_POINT('',(0.0158610026041667,-0.0382731119791666,0.002));
#12928=CARTESIAN_POINT('',(0.0158610026041667,-0.0382731119791666,0.002));
#12929=CARTESIAN_POINT('',(0.0187994618779471,-0.0334794519048802,0.002));
#12930=CARTESIAN_POINT('',(0.0152408854166667,-0.0378157552083334,0.002));
#12931=CARTESIAN_POINT('',(0.0152408854166667,-0.0378157552083334,0.));
#12932=CARTESIAN_POINT('',(0.0154036458333334,-0.0379654947916667,0.002));
#12933=CARTESIAN_POINT('',(0.0154036458333334,-0.0379654947916667,0.));
#12934=CARTESIAN_POINT('',(0.0156103515625,-0.0381179470486111,0.002));
#12935=CARTESIAN_POINT('',(0.0156103515625,-0.0381179470486111,0.));
#12936=CARTESIAN_POINT('',(0.0158610026041667,-0.0382731119791666,0.002));
#12937=CARTESIAN_POINT('',(0.0158610026041667,-0.0382731119791666,0.));
#12938=CARTESIAN_POINT('',(0.0152408854166667,-0.0378157552083334,0.002));
#12939=CARTESIAN_POINT('',(0.0152408854166667,-0.0378157552083334,0.002));
#12940=CARTESIAN_POINT('',(0.0152408854166667,-0.0378157552083334,0.002));
#12941=CARTESIAN_POINT('',(0.0154850260416667,-0.0380403645833333,0.002));
#12942=CARTESIAN_POINT('',(0.0158610026041667,-0.0382731119791666,0.002));
#12943=CARTESIAN_POINT('',(0.0152408854166667,-0.0405615234375,0.002));
#12944=CARTESIAN_POINT('',(0.0152408854166667,-0.0433072916666667,0.002));
#12945=CARTESIAN_POINT('',(0.0152408854166667,-0.0433072916666667,0.002));
#12946=CARTESIAN_POINT('',(0.0152408854166667,-0.0405615234375,0.002));
#12947=CARTESIAN_POINT('',(0.0140104166666667,-0.0433072916666667,0.002));
#12948=CARTESIAN_POINT('',(0.0127799479166667,-0.0433072916666667,0.002));
#12949=CARTESIAN_POINT('',(0.0127799479166667,-0.0433072916666667,0.002));
#12950=CARTESIAN_POINT('',(0.0140104166666667,-0.0433072916666667,0.002));
#12951=CARTESIAN_POINT('',(0.0127799479166667,-0.0354036458333334,0.002));
#12952=CARTESIAN_POINT('',(0.0127799479166667,-0.0275,0.002));
#12953=CARTESIAN_POINT('',(0.0127799479166667,-0.0275,0.002));
#12954=CARTESIAN_POINT('',(0.0127799479166667,-0.0354036458333334,0.002));
#12955=CARTESIAN_POINT('',(0.0140104166666667,-0.0275,0.002));
#12956=CARTESIAN_POINT('',(0.0152408854166667,-0.0275,0.002));
#12957=CARTESIAN_POINT('',(0.0152408854166667,-0.0275,0.002));
#12958=CARTESIAN_POINT('',(0.0140104166666667,-0.0275,0.002));
#12959=CARTESIAN_POINT('',(0.0152408854166667,-0.0295149739583334,0.002));
#12960=CARTESIAN_POINT('',(0.0152408854166667,-0.03625,0.002));
#12961=CARTESIAN_POINT('',(0.0152408854166667,-0.03625,0.002));
#12962=CARTESIAN_POINT('',(0.0152408854166667,-0.0295149739583334,0.002));
#12963=CARTESIAN_POINT('',(0.0157389322916667,-0.0366764322916667,0.002));
#12964=CARTESIAN_POINT('',(0.0157389322916667,-0.0366764322916667,0.));
#12965=CARTESIAN_POINT('',(0.0155154079861111,-0.0365549045138889,0.002));
#12966=CARTESIAN_POINT('',(0.0155154079861111,-0.0365549045138889,0.));
#12967=CARTESIAN_POINT('',(0.0153493923611111,-0.0364127604166667,0.002));
#12968=CARTESIAN_POINT('',(0.0153493923611111,-0.0364127604166667,0.));
#12969=CARTESIAN_POINT('',(0.0152408854166667,-0.03625,0.002));
#12970=CARTESIAN_POINT('',(0.0152408854166667,-0.03625,0.));
#12971=CARTESIAN_POINT('',(0.0157389322916667,-0.0366764322916667,0.002));
#12972=CARTESIAN_POINT('',(0.0157389322916667,-0.0366764322916667,0.002));
#12973=CARTESIAN_POINT('',(0.0157389322916667,-0.0366764322916667,0.002));
#12974=CARTESIAN_POINT('',(0.0154036458333333,-0.036494140625,0.002));
#12975=CARTESIAN_POINT('',(0.0152408854166667,-0.03625,0.002));
#12976=CARTESIAN_POINT('',(0.0177394290884647,-0.0329817746067013,0.002));
#12977=CARTESIAN_POINT('',(0.0164501953125,-0.0369807942708334,0.002));
#12978=CARTESIAN_POINT('',(0.0164502264511689,-0.0369806985457145,0.002));
#12979=CARTESIAN_POINT('',(0.0177394290884647,-0.0329817746067013,0.002));
#12980=CARTESIAN_POINT('',(0.0181122729799754,-0.0319239230202884,0.002));
#12981=CARTESIAN_POINT('',(0.0171826171875,-0.0371647135416667,0.002));
#12982=CARTESIAN_POINT('',(0.0171826171875,-0.0371647135416667,0.002));
#12983=CARTESIAN_POINT('',(0.0181122729799754,-0.0319239230202884,0.002));
#12984=CARTESIAN_POINT('',(0.017763671875,-0.0372265625,0.002));
#12985=CARTESIAN_POINT('',(0.017763671875,-0.0372265625,0.));
#12986=CARTESIAN_POINT('',(0.0176139322916667,-0.0372265625,0.002));
#12987=CARTESIAN_POINT('',(0.0176139322916667,-0.0372265625,0.));
#12988=CARTESIAN_POINT('',(0.0174202473958333,-0.0372059461805556,0.002));
#12989=CARTESIAN_POINT('',(0.0174202473958333,-0.0372059461805556,0.));
#12990=CARTESIAN_POINT('',(0.0171826171875,-0.0371647135416667,0.002));
#12991=CARTESIAN_POINT('',(0.0171826171875,-0.0371647135416667,0.));
#12992=CARTESIAN_POINT('',(0.017763671875,-0.0372265625,0.002));
#12993=CARTESIAN_POINT('',(0.017763671875,-0.0372265625,0.002));
#12994=CARTESIAN_POINT('',(0.017763671875,-0.0372265625,0.002));
#12995=CARTESIAN_POINT('',(0.0175390625,-0.0372265625,0.002));
#12996=CARTESIAN_POINT('',(0.0171826171875,-0.0371647135416667,0.002));
#12997=CARTESIAN_POINT('',(0.0188411458333334,-0.0369514973958333,0.002));
#12998=CARTESIAN_POINT('',(0.0188411458333334,-0.0369514973958333,0.));
#12999=CARTESIAN_POINT('',(0.0185828993055556,-0.0371348741319444,0.002));
#13000=CARTESIAN_POINT('',(0.0185828993055556,-0.0371348741319444,0.));
#13001=CARTESIAN_POINT('',(0.0182237413194445,-0.0372265625,0.002));
#13002=CARTESIAN_POINT('',(0.0182237413194445,-0.0372265625,0.));
#13003=CARTESIAN_POINT('',(0.017763671875,-0.0372265625,0.002));
#13004=CARTESIAN_POINT('',(0.017763671875,-0.0372265625,0.));
#13005=CARTESIAN_POINT('',(0.0188411458333334,-0.0369514973958333,0.002));
#13006=CARTESIAN_POINT('',(0.0188411458333334,-0.0369514973958333,0.002));
#13007=CARTESIAN_POINT('',(0.0188411458333334,-0.0369514973958333,0.002));
#13008=CARTESIAN_POINT('',(0.0184537760416667,-0.0372265625,0.002));
#13009=CARTESIAN_POINT('',(0.017763671875,-0.0372265625,0.002));
#13010=CARTESIAN_POINT('',(0.0194514973958334,-0.0361881510416667,0.002));
#13011=CARTESIAN_POINT('',(0.0194514973958334,-0.0361881510416667,0.));
#13012=CARTESIAN_POINT('',(0.0193028428819445,-0.036513671875,0.002));
#13013=CARTESIAN_POINT('',(0.0193028428819445,-0.036513671875,0.));
#13014=CARTESIAN_POINT('',(0.0190993923611111,-0.0367681206597222,0.002));
#13015=CARTESIAN_POINT('',(0.0190993923611111,-0.0367681206597222,0.));
#13016=CARTESIAN_POINT('',(0.0188411458333334,-0.0369514973958333,0.002));
#13017=CARTESIAN_POINT('',(0.0188411458333334,-0.0369514973958333,0.));
#13018=CARTESIAN_POINT('',(0.0194514973958334,-0.0361881510416667,0.002));
#13019=CARTESIAN_POINT('',(0.0194514973958334,-0.0361881510416667,0.002));
#13020=CARTESIAN_POINT('',(0.0194514973958334,-0.0361881510416667,0.002));
#13021=CARTESIAN_POINT('',(0.019228515625,-0.0366764322916667,0.002));
#13022=CARTESIAN_POINT('',(0.0188411458333334,-0.0369514973958333,0.002));
#13023=CARTESIAN_POINT('',(0.019736328125,-0.035068359375,0.002));
#13024=CARTESIAN_POINT('',(0.019736328125,-0.035068359375,0.));
#13025=CARTESIAN_POINT('',(0.0196950954861111,-0.0354893663194444,0.002));
#13026=CARTESIAN_POINT('',(0.0196950954861111,-0.0354893663194444,0.));
#13027=CARTESIAN_POINT('',(0.0196001519097222,-0.0358626302083333,0.002));
#13028=CARTESIAN_POINT('',(0.0196001519097222,-0.0358626302083333,0.));
#13029=CARTESIAN_POINT('',(0.0194514973958334,-0.0361881510416667,0.002));
#13030=CARTESIAN_POINT('',(0.0194514973958334,-0.0361881510416667,0.));
#13031=CARTESIAN_POINT('',(0.019736328125,-0.035068359375,0.002));
#13032=CARTESIAN_POINT('',(0.019736328125,-0.035068359375,0.002));
#13033=CARTESIAN_POINT('',(0.019736328125,-0.035068359375,0.002));
#13034=CARTESIAN_POINT('',(0.0196744791666667,-0.0356998697916667,0.002));
#13035=CARTESIAN_POINT('',(0.0194514973958334,-0.0361881510416667,0.002));
#13036=CARTESIAN_POINT('',(0.00622063000500754,-0.0337783191689396,0.002));
#13037=CARTESIAN_POINT('',(0.0197981770833334,-0.0337467447916667,0.002));
#13038=CARTESIAN_POINT('',(0.0197980633081578,-0.0337467450562491,0.00199999975));
#13039=CARTESIAN_POINT('',(0.00622063000500754,-0.0337783191689396,0.002));
#13040=CARTESIAN_POINT('',(0.0197981770833334,-0.0306233723958334,0.002));
#13041=CARTESIAN_POINT('',(0.0197981770833334,-0.0306233723958334,0.002));
#13042=CARTESIAN_POINT('',(0.0819553107333139,-0.0474064344650402,0.002));
#13043=CARTESIAN_POINT('',(0.025087890625,-0.0387809244791667,0.002));
#13044=CARTESIAN_POINT('',(0.025087890625,-0.0325260416666667,0.002));
#13045=CARTESIAN_POINT('',(0.0250878819278129,-0.0325260416645478,0.002));
#13046=CARTESIAN_POINT('',(0.025087890625,-0.0387809244791667,0.002));
#13047=CARTESIAN_POINT('',(0.025087890625,-0.038974609375,0.002));
#13048=CARTESIAN_POINT('',(0.025087890625,-0.038974609375,0.002));
#13049=CARTESIAN_POINT('',(0.077172015433009,-0.0325387305931313,0.002));
#13050=CARTESIAN_POINT('',(0.02509765625,-0.0315283203125,0.002));
#13051=CARTESIAN_POINT('',(0.0250976700513913,-0.0315283205763295,0.002));
#13052=CARTESIAN_POINT('',(0.077172015433009,-0.0325387305931313,0.002));
#13053=CARTESIAN_POINT('',(0.0313491246684561,-0.0316454050584673,0.002));
#13054=CARTESIAN_POINT('',(0.0251985677083334,-0.0305208333333334,0.002));
#13055=CARTESIAN_POINT('',(0.0251985966545774,-0.0305208385799294,0.002));
#13056=CARTESIAN_POINT('',(0.0313491246684561,-0.0316454050584673,0.002));
#13057=CARTESIAN_POINT('',(0.0293340164001677,-0.0312723540879054,0.002));
#13058=CARTESIAN_POINT('',(0.0254931640625,-0.0295654296875,0.002));
#13059=CARTESIAN_POINT('',(0.0254932647965528,-0.0295654738345089,0.002));
#13060=CARTESIAN_POINT('',(0.0293340164001677,-0.0312723540879054,0.002));
#13061=CARTESIAN_POINT('',(0.0279114863242144,-0.0306285330287766,0.002));
#13062=CARTESIAN_POINT('',(0.0260416666666667,-0.0287630208333334,0.002));
#13063=CARTESIAN_POINT('',(0.0260416863667608,-0.0287630401158764,0.002));
#13064=CARTESIAN_POINT('',(0.0279114863242144,-0.0306285330287766,0.002));
#13065=CARTESIAN_POINT('',(0.0312695183259596,-0.0339579190607001,0.002));
#13066=CARTESIAN_POINT('',(0.0266536458333334,-0.028212890625,0.002));
#13067=CARTESIAN_POINT('',(0.0266535931032292,-0.0282128252865548,0.002));
#13068=CARTESIAN_POINT('',(0.0312695183259596,-0.0339579190607001,0.002));
#13069=CARTESIAN_POINT('',(0.0298914426157522,-0.0322660541147356,0.002));
#13070=CARTESIAN_POINT('',(0.027294921875,-0.0277750651041667,0.002));
#13071=CARTESIAN_POINT('',(0.0272948993200329,-0.0277750259949622,0.002));
#13072=CARTESIAN_POINT('',(0.0298914426157522,-0.0322660541147356,0.002));
#13073=CARTESIAN_POINT('',(0.0286184766076166,-0.0300726526909776,0.002));
#13074=CARTESIAN_POINT('',(0.0280159505208333,-0.027490234375,0.002));
#13075=CARTESIAN_POINT('',(0.0280159505208333,-0.027490234375,0.002));
#13076=CARTESIAN_POINT('',(0.0286184766076166,-0.0300726526909776,0.002));
#13077=CARTESIAN_POINT('',(0.0288899739583333,-0.0273990885416667,0.002));
#13078=CARTESIAN_POINT('',(0.0288899739583333,-0.0273990885416667,0.));
#13079=CARTESIAN_POINT('',(0.028564453125,-0.0273990885416667,0.002));
#13080=CARTESIAN_POINT('',(0.028564453125,-0.0273990885416667,0.));
#13081=CARTESIAN_POINT('',(0.0282731119791667,-0.0274294704861111,0.002));
#13082=CARTESIAN_POINT('',(0.0282731119791667,-0.0274294704861111,0.));
#13083=CARTESIAN_POINT('',(0.0280159505208333,-0.027490234375,0.002));
#13084=CARTESIAN_POINT('',(0.0280159505208333,-0.027490234375,0.));
#13085=CARTESIAN_POINT('',(0.0288899739583333,-0.0273990885416667,0.002));
#13086=CARTESIAN_POINT('',(0.0288899739583333,-0.0273990885416667,0.002));
#13087=CARTESIAN_POINT('',(0.0288899739583333,-0.0273990885416667,0.002));
#13088=CARTESIAN_POINT('',(0.0284016927083334,-0.0273990885416667,0.002));
#13089=CARTESIAN_POINT('',(0.0280159505208333,-0.027490234375,0.002));
#13090=CARTESIAN_POINT('',(0.0288787595619973,-0.0311898286418614,0.002));
#13091=CARTESIAN_POINT('',(0.0297965494791667,-0.0275113932291667,0.002));
#13092=CARTESIAN_POINT('',(0.0297965260752895,-0.0275114859618621,0.002));
#13093=CARTESIAN_POINT('',(0.0288787595619973,-0.0311898286418614,0.002));
#13094=CARTESIAN_POINT('',(0.0284878947987542,-0.032827112197365,0.002));
#13095=CARTESIAN_POINT('',(0.0306917317708333,-0.0278157552083334,0.002));
#13096=CARTESIAN_POINT('',(0.0306916762932016,-0.0278158826506812,0.002));
#13097=CARTESIAN_POINT('',(0.0284878947987542,-0.032827112197365,0.002));
#13098=CARTESIAN_POINT('',(0.0280493442186654,-0.0339077980805378,0.002));
#13099=CARTESIAN_POINT('',(0.0314957682291667,-0.028232421875,0.002));
#13100=CARTESIAN_POINT('',(0.0314956477369688,-0.0282326264885099,0.002));
#13101=CARTESIAN_POINT('',(0.0280493442186654,-0.0339077980805378,0.002));
#13102=CARTESIAN_POINT('',(0.0294536893871443,-0.0316603228534852,0.002));
#13103=CARTESIAN_POINT('',(0.0321063260086382,-0.0286807165337065,0.002));
#13104=CARTESIAN_POINT('',(0.0321063260006742,-0.0286807165362745,0.002));
#13105=CARTESIAN_POINT('',(0.0294536893871443,-0.0316603228534852,0.002));
#13106=CARTESIAN_POINT('',(0.0322379557291667,-0.0280908203125,0.002));
#13107=CARTESIAN_POINT('',(0.0323697916666667,-0.0275,0.002));
#13108=CARTESIAN_POINT('',(0.0323697916666667,-0.0275,0.002));
#13109=CARTESIAN_POINT('',(0.0322379557291667,-0.0280908203125,0.002));
#13110=CARTESIAN_POINT('',(0.0334781901041667,-0.0275,0.002));
#13111=CARTESIAN_POINT('',(0.0345865885416667,-0.0275,0.002));
#13112=CARTESIAN_POINT('',(0.0345865885416667,-0.0275,0.002));
#13113=CARTESIAN_POINT('',(0.0334781901041667,-0.0275,0.002));
#13114=CARTESIAN_POINT('',(0.0345865885416667,-0.0332373046875,0.002));
#13115=CARTESIAN_POINT('',(0.0345865885416667,-0.038974609375,0.002));
#13116=CARTESIAN_POINT('',(0.0345865885416667,-0.038974609375,0.002));
#13117=CARTESIAN_POINT('',(0.0345865885416667,-0.0332373046875,0.002));
#13118=CARTESIAN_POINT('',(0.0333463541666667,-0.038974609375,0.002));
#13119=CARTESIAN_POINT('',(0.0321061197916667,-0.038974609375,0.002));
#13120=CARTESIAN_POINT('',(0.0321061197916667,-0.038974609375,0.002));
#13121=CARTESIAN_POINT('',(0.0333463541666667,-0.038974609375,0.002));
#13122=CARTESIAN_POINT('',(0.0321061197916667,-0.0369710286458333,0.002));
#13123=CARTESIAN_POINT('',(0.0321061197916667,-0.0302278645833334,0.002));
#13124=CARTESIAN_POINT('',(0.0321061197916667,-0.0302278645833334,0.002));
#13125=CARTESIAN_POINT('',(0.0321061197916667,-0.0369710286458333,0.002));
#13126=CARTESIAN_POINT('',(0.0316080729166667,-0.0297998046875,0.002));
#13127=CARTESIAN_POINT('',(0.0316080729166667,-0.0297998046875,0.));
#13128=CARTESIAN_POINT('',(0.0318315972222222,-0.0299224175347222,0.002));
#13129=CARTESIAN_POINT('',(0.0318315972222222,-0.0299224175347222,0.));
#13130=CARTESIAN_POINT('',(0.0319976128472222,-0.0300651041666667,0.002));
#13131=CARTESIAN_POINT('',(0.0319976128472222,-0.0300651041666667,0.));
#13132=CARTESIAN_POINT('',(0.0321061197916667,-0.0302278645833334,0.002));
#13133=CARTESIAN_POINT('',(0.0321061197916667,-0.0302278645833334,0.));
#13134=CARTESIAN_POINT('',(0.0316080729166667,-0.0297998046875,0.002));
#13135=CARTESIAN_POINT('',(0.0316080729166667,-0.0297998046875,0.002));
#13136=CARTESIAN_POINT('',(0.0316080729166667,-0.0297998046875,0.002));
#13137=CARTESIAN_POINT('',(0.031943359375,-0.0299837239583333,0.002));
#13138=CARTESIAN_POINT('',(0.0321061197916667,-0.0302278645833334,0.002));
#13139=CARTESIAN_POINT('',(0.029642222572597,-0.0333994957727277,0.002));
#13140=CARTESIAN_POINT('',(0.0308951822916667,-0.0294938151041667,0.002));
#13141=CARTESIAN_POINT('',(0.0308951506478272,-0.0294939128616377,0.002));
#13142=CARTESIAN_POINT('',(0.029642222572597,-0.0333994957727277,0.002));
#13143=CARTESIAN_POINT('',(0.0295424700205882,-0.0336258802526291,0.002));
#13144=CARTESIAN_POINT('',(0.0301513671875,-0.0293212890625,0.002));
#13145=CARTESIAN_POINT('',(0.0301513213656944,-0.0293215772084973,0.002));
#13146=CARTESIAN_POINT('',(0.0295424700205882,-0.0336258802526291,0.002));
#13147=CARTESIAN_POINT('',(0.0294440299147436,-0.0338989856376575,0.002));
#13148=CARTESIAN_POINT('',(0.0295833333333334,-0.0292708333333334,0.002));
#13149=CARTESIAN_POINT('',(0.0295833333333334,-0.0292708333333334,0.002));
#13150=CARTESIAN_POINT('',(0.0294440299147436,-0.0338989856376575,0.002));
#13151=CARTESIAN_POINT('',(0.028505859375,-0.0295556640625,0.002));
#13152=CARTESIAN_POINT('',(0.028505859375,-0.0295556640625,0.));
#13153=CARTESIAN_POINT('',(0.0287771267361111,-0.0293657769097222,0.002));
#13154=CARTESIAN_POINT('',(0.0287771267361111,-0.0293657769097222,0.));
#13155=CARTESIAN_POINT('',(0.0291362847222222,-0.0292708333333333,0.002));
#13156=CARTESIAN_POINT('',(0.0291362847222222,-0.0292708333333333,0.));
#13157=CARTESIAN_POINT('',(0.0295833333333334,-0.0292708333333334,0.002));
#13158=CARTESIAN_POINT('',(0.0295833333333334,-0.0292708333333334,0.));
#13159=CARTESIAN_POINT('',(0.028505859375,-0.0295556640625,0.002));
#13160=CARTESIAN_POINT('',(0.028505859375,-0.0295556640625,0.002));
#13161=CARTESIAN_POINT('',(0.028505859375,-0.0295556640625,0.002));
#13162=CARTESIAN_POINT('',(0.0289127604166667,-0.0292708333333334,0.002));
#13163=CARTESIAN_POINT('',(0.0295833333333334,-0.0292708333333334,0.002));
#13164=CARTESIAN_POINT('',(0.0295079454949359,-0.0309912755808997,0.002));
#13165=CARTESIAN_POINT('',(0.0278955078125,-0.0303076171875,0.002));
#13166=CARTESIAN_POINT('',(0.0278955078125,-0.0303076171875,0.002));
#13167=CARTESIAN_POINT('',(0.0295079454949359,-0.0309912755808997,0.002));
#13168=CARTESIAN_POINT('',(0.0276302083333334,-0.031396484375,0.002));
#13169=CARTESIAN_POINT('',(0.0276302083333334,-0.031396484375,0.));
#13170=CARTESIAN_POINT('',(0.0276714409722222,-0.0309819878472222,0.002));
#13171=CARTESIAN_POINT('',(0.0276714409722222,-0.0309819878472222,0.));
#13172=CARTESIAN_POINT('',(0.0277598741319445,-0.0306190321180556,0.002));
#13173=CARTESIAN_POINT('',(0.0277598741319445,-0.0306190321180556,0.));
#13174=CARTESIAN_POINT('',(0.0278955078125,-0.0303076171875,0.002));
#13175=CARTESIAN_POINT('',(0.0278955078125,-0.0303076171875,0.));
#13176=CARTESIAN_POINT('',(0.0276302083333334,-0.031396484375,0.002));
#13177=CARTESIAN_POINT('',(0.0276302083333334,-0.031396484375,0.002));
#13178=CARTESIAN_POINT('',(0.0276302083333334,-0.031396484375,0.002));
#13179=CARTESIAN_POINT('',(0.0276920572916667,-0.0307747395833333,0.002));
#13180=CARTESIAN_POINT('',(0.0278955078125,-0.0303076171875,0.002));
#13181=CARTESIAN_POINT('',(0.0410723585755326,-0.0326808530629263,0.002));
#13182=CARTESIAN_POINT('',(0.027568359375,-0.0327278645833333,0.002));
#13183=CARTESIAN_POINT('',(0.0275685333996431,-0.0327278639775007,0.00199999975));
#13184=CARTESIAN_POINT('',(0.0410723585755326,-0.0326808530629263,0.002));
#13185=CARTESIAN_POINT('',(0.027568359375,-0.0358512369791667,0.002));
#13186=CARTESIAN_POINT('',(0.027568359375,-0.038974609375,0.002));
#13187=CARTESIAN_POINT('',(0.027568359375,-0.038974609375,0.002));
#13188=CARTESIAN_POINT('',(0.027568359375,-0.0358512369791667,0.002));
#13189=CARTESIAN_POINT('',(0.026328125,-0.038974609375,0.002));
#13190=CARTESIAN_POINT('',(0.026328125,-0.038974609375,0.002));
#13191=CARTESIAN_POINT('',(0.0819553107333139,-0.0474064344650402,0.002));
#13192=CARTESIAN_POINT('',(0.0413216145833333,-0.0309798177083334,0.002));
#13193=CARTESIAN_POINT('',(0.0413216145833333,-0.0309798177083334,0.));
#13194=CARTESIAN_POINT('',(0.0413216145833333,-0.030517578125,0.002));
#13195=CARTESIAN_POINT('',(0.0413216145833333,-0.030517578125,0.));
#13196=CARTESIAN_POINT('',(0.0413823784722222,-0.0301578776041667,0.002));
#13197=CARTESIAN_POINT('',(0.0413823784722222,-0.0301578776041667,0.));
#13198=CARTESIAN_POINT('',(0.04150390625,-0.0299007161458333,0.002));
#13199=CARTESIAN_POINT('',(0.04150390625,-0.0299007161458333,0.));
#13200=CARTESIAN_POINT('',(0.0413216145833333,-0.0309798177083334,0.002));
#13201=CARTESIAN_POINT('',(0.0413216145833333,-0.0309798177083334,0.002));
#13202=CARTESIAN_POINT('',(0.0413216145833333,-0.0309798177083334,0.002));
#13203=CARTESIAN_POINT('',(0.0413216145833333,-0.0302864583333333,0.002));
#13204=CARTESIAN_POINT('',(0.04150390625,-0.0299007161458333,0.002));
#13205=CARTESIAN_POINT('',(0.04150390625,-0.0299007161458333,0.002));
#13206=CARTESIAN_POINT('',(0.04150390625,-0.0299007161458333,0.002));
#13207=CARTESIAN_POINT('',(0.0413216145833333,-0.0341438802083333,0.002));
#13208=CARTESIAN_POINT('',(0.0413216145833333,-0.0373079427083333,0.002));
#13209=CARTESIAN_POINT('',(0.0413216145833333,-0.0373079427083333,0.002));
#13210=CARTESIAN_POINT('',(0.0413216145833333,-0.0341438802083333,0.002));
#13211=CARTESIAN_POINT('',(0.042236328125,-0.0373079427083333,0.002));
#13212=CARTESIAN_POINT('',(0.0431510416666667,-0.0373079427083333,0.002));
#13213=CARTESIAN_POINT('',(0.0431510416666667,-0.0373079427083333,0.002));
#13214=CARTESIAN_POINT('',(0.042236328125,-0.0373079427083333,0.002));
#13215=CARTESIAN_POINT('',(0.0431510416666667,-0.0381412760416667,0.002));
#13216=CARTESIAN_POINT('',(0.0431510416666667,-0.038974609375,0.002));
#13217=CARTESIAN_POINT('',(0.0431510416666667,-0.038974609375,0.002));
#13218=CARTESIAN_POINT('',(0.0431510416666667,-0.0381412760416667,0.002));
#13219=CARTESIAN_POINT('',(0.042236328125,-0.038974609375,0.002));
#13220=CARTESIAN_POINT('',(0.0413216145833333,-0.038974609375,0.002));
#13221=CARTESIAN_POINT('',(0.0413216145833333,-0.038974609375,0.002));
#13222=CARTESIAN_POINT('',(0.042236328125,-0.038974609375,0.002));
#13223=CARTESIAN_POINT('',(0.0413216145833333,-0.0406022135416666,0.002));
#13224=CARTESIAN_POINT('',(0.0413216145833333,-0.0422298177083333,0.002));
#13225=CARTESIAN_POINT('',(0.0413216145833333,-0.0422298177083333,0.002));
#13226=CARTESIAN_POINT('',(0.0413216145833333,-0.0406022135416666,0.002));
#13227=CARTESIAN_POINT('',(0.0400911458333333,-0.0422298177083333,0.002));
#13228=CARTESIAN_POINT('',(0.0388606770833334,-0.0422298177083333,0.002));
#13229=CARTESIAN_POINT('',(0.0388606770833334,-0.0422298177083333,0.002));
#13230=CARTESIAN_POINT('',(0.0400911458333333,-0.0422298177083333,0.002));
#13231=CARTESIAN_POINT('',(0.0388606770833334,-0.0406022135416666,0.002));
#13232=CARTESIAN_POINT('',(0.0388606770833334,-0.038974609375,0.002));
#13233=CARTESIAN_POINT('',(0.0388606770833334,-0.038974609375,0.002));
#13234=CARTESIAN_POINT('',(0.0388606770833334,-0.0406022135416666,0.002));
#13235=CARTESIAN_POINT('',(0.0381070963541667,-0.038974609375,0.002));
#13236=CARTESIAN_POINT('',(0.037353515625,-0.038974609375,0.002));
#13237=CARTESIAN_POINT('',(0.037353515625,-0.038974609375,0.002));
#13238=CARTESIAN_POINT('',(0.0381070963541667,-0.038974609375,0.002));
#13239=CARTESIAN_POINT('',(0.037353515625,-0.0381412760416667,0.002));
#13240=CARTESIAN_POINT('',(0.037353515625,-0.0373079427083333,0.002));
#13241=CARTESIAN_POINT('',(0.037353515625,-0.0373079427083333,0.002));
#13242=CARTESIAN_POINT('',(0.037353515625,-0.0381412760416667,0.002));
#13243=CARTESIAN_POINT('',(0.0381070963541667,-0.0373079427083333,0.002));
#13244=CARTESIAN_POINT('',(0.0388606770833334,-0.0373079427083333,0.002));
#13245=CARTESIAN_POINT('',(0.0388606770833334,-0.0373079427083333,0.002));
#13246=CARTESIAN_POINT('',(0.0381070963541667,-0.0373079427083333,0.002));
#13247=CARTESIAN_POINT('',(0.0388606770833334,-0.0342154947916667,0.002));
#13248=CARTESIAN_POINT('',(0.0388606770833334,-0.031123046875,0.002));
#13249=CARTESIAN_POINT('',(0.0388601910035946,-0.0311230373649234,0.002));
#13250=CARTESIAN_POINT('',(0.0388606770833334,-0.0342154947916667,0.002));
#13251=CARTESIAN_POINT('',(0.0492336797756707,-0.0313259931038279,0.002));
#13252=CARTESIAN_POINT('',(0.0389111328125,-0.0302669270833333,0.002));
#13253=CARTESIAN_POINT('',(0.038911234039558,-0.0302669386172704,0.002));
#13254=CARTESIAN_POINT('',(0.0492336797756707,-0.0313259931038279,0.002));
#13255=CARTESIAN_POINT('',(0.0438948793194257,-0.030758052016198,0.002));
#13256=CARTESIAN_POINT('',(0.0391552734375,-0.0291373697916667,0.002));
#13257=CARTESIAN_POINT('',(0.0391555487877106,-0.0291374650563611,0.002));
#13258=CARTESIAN_POINT('',(0.0438948793194257,-0.030758052016198,0.002));
#13259=CARTESIAN_POINT('',(0.0423610534649118,-0.0302058681553318,0.002));
#13260=CARTESIAN_POINT('',(0.0397347005208333,-0.0280794270833334,0.002));
#13261=CARTESIAN_POINT('',(0.0397347005208333,-0.0280794270833334,0.002));
#13262=CARTESIAN_POINT('',(0.0423610534649118,-0.0302058681553318,0.002));
#13263=CARTESIAN_POINT('',(0.0408138020833334,-0.02748046875,0.002));
#13264=CARTESIAN_POINT('',(0.0408138020833334,-0.02748046875,0.));
#13265=CARTESIAN_POINT('',(0.0403515625,-0.0275607638888889,0.002));
#13266=CARTESIAN_POINT('',(0.0403515625,-0.0275607638888889,0.));
#13267=CARTESIAN_POINT('',(0.0399918619791667,-0.0277604166666667,0.002));
#13268=CARTESIAN_POINT('',(0.0399918619791667,-0.0277604166666667,0.));
#13269=CARTESIAN_POINT('',(0.0397347005208333,-0.0280794270833334,0.002));
#13270=CARTESIAN_POINT('',(0.0397347005208333,-0.0280794270833334,0.));
#13271=CARTESIAN_POINT('',(0.0408138020833334,-0.02748046875,0.002));
#13272=CARTESIAN_POINT('',(0.0408138020833334,-0.02748046875,0.002));
#13273=CARTESIAN_POINT('',(0.0408138020833334,-0.02748046875,0.002));
#13274=CARTESIAN_POINT('',(0.0401204427083333,-0.0276009114583333,0.002));
#13275=CARTESIAN_POINT('',(0.0397347005208333,-0.0280794270833334,0.002));
#13276=CARTESIAN_POINT('',(0.0415768084082574,-0.0318112553131206,0.002));
#13277=CARTESIAN_POINT('',(0.0413509114583334,-0.0274186197916667,0.002));
#13278=CARTESIAN_POINT('',(0.0413509218976826,-0.0274188425460809,0.002));
#13279=CARTESIAN_POINT('',(0.0415768084082574,-0.0318112553131206,0.002));
#13280=CARTESIAN_POINT('',(0.0419787436890233,-0.0374707347934157,0.002));
#13281=CARTESIAN_POINT('',(0.04197265625,-0.0273990885416667,0.002));
#13282=CARTESIAN_POINT('',(0.0419726562410015,-0.0273990749667256,0.002));
#13283=CARTESIAN_POINT('',(0.0419787436890233,-0.0374707347934157,0.002));
#13284=CARTESIAN_POINT('',(0.0419677623654081,-0.047358821700455,0.002));
#13285=CARTESIAN_POINT('',(0.0425927734375,-0.0274088541666667,0.002));
#13286=CARTESIAN_POINT('',(0.0425927708675965,-0.0274089493020304,0.002));
#13287=CARTESIAN_POINT('',(0.0419677623654081,-0.047358821700455,0.002));
#13288=CARTESIAN_POINT('',(0.042326215247755,-0.0374177583446579,0.002));
#13289=CARTESIAN_POINT('',(0.0431315104166667,-0.0274381510416667,0.002));
#13290=CARTESIAN_POINT('',(0.0431315193808188,-0.0274380429827299,0.002));
#13291=CARTESIAN_POINT('',(0.042326215247755,-0.0374177583446579,0.002));
#13292=CARTESIAN_POINT('',(0.0426543981315488,-0.0338338882692488,0.002));
#13293=CARTESIAN_POINT('',(0.043662109375,-0.0275000212948353,0.002));
#13294=CARTESIAN_POINT('',(0.043662109375,-0.0275000212948353,0.002));
#13295=CARTESIAN_POINT('',(0.0426543981315488,-0.0338338882692488,0.002));
#13296=CARTESIAN_POINT('',(0.043662109375,-0.0282535807291667,0.002));
#13297=CARTESIAN_POINT('',(0.0436621084542656,-0.0290074080994473,0.002));
#13298=CARTESIAN_POINT('',(0.0436621089146328,-0.0290074081011659,0.002));
#13299=CARTESIAN_POINT('',(0.043662109375,-0.0282535807291667,0.002));
#13300=CARTESIAN_POINT('',(0.0436345458082669,-0.0363907334085649,0.002));
#13301=CARTESIAN_POINT('',(0.0427766927083333,-0.0290576171875,0.002));
#13302=CARTESIAN_POINT('',(0.0427767083601565,-0.0290577659304277,0.002));
#13303=CARTESIAN_POINT('',(0.0436345458082669,-0.0363907334085649,0.002));
#13304=CARTESIAN_POINT('',(0.0429829389132966,-0.030922089622685,0.002));
#13305=CARTESIAN_POINT('',(0.0420231119791667,-0.0293115234375,0.002));
#13306=CARTESIAN_POINT('',(0.0420231119791667,-0.0293115234375,0.002));
#13307=CARTESIAN_POINT('',(0.0429829389132966,-0.030922089622685,0.002));
#13308=CARTESIAN_POINT('',(0.04150390625,-0.0299007161458333,0.002));
#13309=CARTESIAN_POINT('',(0.04150390625,-0.0299007161458333,0.));
#13310=CARTESIAN_POINT('',(0.0416254340277778,-0.0296435546875,0.002));
#13311=CARTESIAN_POINT('',(0.0416254340277778,-0.0296435546875,0.));
#13312=CARTESIAN_POINT('',(0.0417985026041667,-0.0294471571180556,0.002));
#13313=CARTESIAN_POINT('',(0.0417985026041667,-0.0294471571180556,0.));
#13314=CARTESIAN_POINT('',(0.0420231119791667,-0.0293115234375,0.002));
#13315=CARTESIAN_POINT('',(0.0420231119791667,-0.0293115234375,0.));
#13316=CARTESIAN_POINT('',(0.04150390625,-0.0299007161458333,0.002));
#13317=CARTESIAN_POINT('',(0.0416861979166666,-0.0295149739583334,0.002));
#13318=CARTESIAN_POINT('',(0.0420231119791667,-0.0293115234375,0.002));
#13319=CARTESIAN_POINT('',(0.0819553107333139,-0.0474064344650402,0.002));
#13320=CARTESIAN_POINT('',(0.0498274739583333,-0.0309798177083334,0.002));
#13321=CARTESIAN_POINT('',(0.0498274739583333,-0.0309798177083334,0.));
#13322=CARTESIAN_POINT('',(0.0498274739583333,-0.030517578125,0.002));
#13323=CARTESIAN_POINT('',(0.0498274739583333,-0.030517578125,0.));
#13324=CARTESIAN_POINT('',(0.0498882378472222,-0.0301578776041667,0.002));
#13325=CARTESIAN_POINT('',(0.0498882378472222,-0.0301578776041667,0.));
#13326=CARTESIAN_POINT('',(0.050009765625,-0.0299007161458333,0.002));
#13327=CARTESIAN_POINT('',(0.050009765625,-0.0299007161458333,0.));
#13328=CARTESIAN_POINT('',(0.0498274739583333,-0.0309798177083334,0.002));
#13329=CARTESIAN_POINT('',(0.0498274739583333,-0.0309798177083334,0.002));
#13330=CARTESIAN_POINT('',(0.0498274739583333,-0.0309798177083334,0.002));
#13331=CARTESIAN_POINT('',(0.0498274739583333,-0.0302864583333333,0.002));
#13332=CARTESIAN_POINT('',(0.050009765625,-0.0299007161458333,0.002));
#13333=CARTESIAN_POINT('',(0.050009765625,-0.0299007161458333,0.002));
#13334=CARTESIAN_POINT('',(0.050009765625,-0.0299007161458333,0.002));
#13335=CARTESIAN_POINT('',(0.0498274739583333,-0.0341438802083333,0.002));
#13336=CARTESIAN_POINT('',(0.0498274739583333,-0.0373079427083333,0.002));
#13337=CARTESIAN_POINT('',(0.0498274739583333,-0.0373079427083333,0.002));
#13338=CARTESIAN_POINT('',(0.0498274739583333,-0.0341438802083333,0.002));
#13339=CARTESIAN_POINT('',(0.0507421875,-0.0373079427083333,0.002));
#13340=CARTESIAN_POINT('',(0.0516569010416667,-0.0373079427083333,0.002));
#13341=CARTESIAN_POINT('',(0.0516569010416667,-0.0373079427083333,0.002));
#13342=CARTESIAN_POINT('',(0.0507421875,-0.0373079427083333,0.002));
#13343=CARTESIAN_POINT('',(0.0516569010416667,-0.0381412760416667,0.002));
#13344=CARTESIAN_POINT('',(0.0516569010416667,-0.038974609375,0.002));
#13345=CARTESIAN_POINT('',(0.0516569010416667,-0.038974609375,0.002));
#13346=CARTESIAN_POINT('',(0.0516569010416667,-0.0381412760416667,0.002));
#13347=CARTESIAN_POINT('',(0.0507421875,-0.038974609375,0.002));
#13348=CARTESIAN_POINT('',(0.0498274739583333,-0.038974609375,0.002));
#13349=CARTESIAN_POINT('',(0.0498274739583333,-0.038974609375,0.002));
#13350=CARTESIAN_POINT('',(0.0507421875,-0.038974609375,0.002));
#13351=CARTESIAN_POINT('',(0.0498274739583333,-0.0406022135416666,0.002));
#13352=CARTESIAN_POINT('',(0.0498274739583333,-0.0422298177083333,0.002));
#13353=CARTESIAN_POINT('',(0.0498274739583333,-0.0422298177083333,0.002));
#13354=CARTESIAN_POINT('',(0.0498274739583333,-0.0406022135416666,0.002));
#13355=CARTESIAN_POINT('',(0.0485970052083333,-0.0422298177083333,0.002));
#13356=CARTESIAN_POINT('',(0.0473665364583333,-0.0422298177083333,0.002));
#13357=CARTESIAN_POINT('',(0.0473665364583333,-0.0422298177083333,0.002));
#13358=CARTESIAN_POINT('',(0.0485970052083333,-0.0422298177083333,0.002));
#13359=CARTESIAN_POINT('',(0.0473665364583333,-0.0406022135416666,0.002));
#13360=CARTESIAN_POINT('',(0.0473665364583333,-0.038974609375,0.002));
#13361=CARTESIAN_POINT('',(0.0473665364583333,-0.038974609375,0.002));
#13362=CARTESIAN_POINT('',(0.0473665364583333,-0.0406022135416666,0.002));
#13363=CARTESIAN_POINT('',(0.0466129557291667,-0.038974609375,0.002));
#13364=CARTESIAN_POINT('',(0.045859375,-0.038974609375,0.002));
#13365=CARTESIAN_POINT('',(0.045859375,-0.038974609375,0.002));
#13366=CARTESIAN_POINT('',(0.0466129557291667,-0.038974609375,0.002));
#13367=CARTESIAN_POINT('',(0.045859375,-0.0381412760416667,0.002));
#13368=CARTESIAN_POINT('',(0.045859375,-0.0373079427083333,0.002));
#13369=CARTESIAN_POINT('',(0.045859375,-0.0373079427083333,0.002));
#13370=CARTESIAN_POINT('',(0.045859375,-0.0381412760416667,0.002));
#13371=CARTESIAN_POINT('',(0.0466129557291667,-0.0373079427083333,0.002));
#13372=CARTESIAN_POINT('',(0.0473665364583333,-0.0373079427083333,0.002));
#13373=CARTESIAN_POINT('',(0.0473665364583333,-0.0373079427083333,0.002));
#13374=CARTESIAN_POINT('',(0.0466129557291667,-0.0373079427083333,0.002));
#13375=CARTESIAN_POINT('',(0.0473665364583333,-0.0342154947916667,0.002));
#13376=CARTESIAN_POINT('',(0.0473665364583333,-0.031123046875,0.002));
#13377=CARTESIAN_POINT('',(0.0473660503785946,-0.0311230373649234,0.002));
#13378=CARTESIAN_POINT('',(0.0473665364583333,-0.0342154947916667,0.002));
#13379=CARTESIAN_POINT('',(0.0577395391506716,-0.0313259931038286,0.002));
#13380=CARTESIAN_POINT('',(0.0474169921875,-0.0302669270833333,0.002));
#13381=CARTESIAN_POINT('',(0.047417093414558,-0.0302669386172704,0.002));
#13382=CARTESIAN_POINT('',(0.0577395391506716,-0.0313259931038286,0.002));
#13383=CARTESIAN_POINT('',(0.05240073869443,-0.030758052016199,0.002));
#13384=CARTESIAN_POINT('',(0.0476611328125,-0.0291373697916667,0.002));
#13385=CARTESIAN_POINT('',(0.0476614081627107,-0.0291374650563609,0.002));
#13386=CARTESIAN_POINT('',(0.05240073869443,-0.030758052016199,0.002));
#13387=CARTESIAN_POINT('',(0.0508669128359539,-0.0302058681532997,0.002));
#13388=CARTESIAN_POINT('',(0.0482405598958333,-0.0280794270833334,0.002));
#13389=CARTESIAN_POINT('',(0.0482405598958333,-0.0280794270833334,0.002));
#13390=CARTESIAN_POINT('',(0.0508669128359539,-0.0302058681532997,0.002));
#13391=CARTESIAN_POINT('',(0.0493196614583333,-0.02748046875,0.002));
#13392=CARTESIAN_POINT('',(0.0493196614583333,-0.02748046875,0.));
#13393=CARTESIAN_POINT('',(0.048857421875,-0.0275607638888889,0.002));
#13394=CARTESIAN_POINT('',(0.048857421875,-0.0275607638888889,0.));
#13395=CARTESIAN_POINT('',(0.0484977213541666,-0.0277604166666667,0.002));
#13396=CARTESIAN_POINT('',(0.0484977213541666,-0.0277604166666667,0.));
#13397=CARTESIAN_POINT('',(0.0482405598958333,-0.0280794270833334,0.002));
#13398=CARTESIAN_POINT('',(0.0482405598958333,-0.0280794270833334,0.));
#13399=CARTESIAN_POINT('',(0.0493196614583333,-0.02748046875,0.002));
#13400=CARTESIAN_POINT('',(0.0493196614583333,-0.02748046875,0.002));
#13401=CARTESIAN_POINT('',(0.0493196614583333,-0.02748046875,0.002));
#13402=CARTESIAN_POINT('',(0.0486263020833333,-0.0276009114583333,0.002));
#13403=CARTESIAN_POINT('',(0.0482405598958333,-0.0280794270833334,0.002));
#13404=CARTESIAN_POINT('',(0.0500826677832576,-0.0318112553131224,0.002));
#13405=CARTESIAN_POINT('',(0.0498567708333333,-0.0274186197916667,0.002));
#13406=CARTESIAN_POINT('',(0.0498567812726825,-0.0274188425460809,0.002));
#13407=CARTESIAN_POINT('',(0.0500826677832576,-0.0318112553131224,0.002));
#13408=CARTESIAN_POINT('',(0.0504846030639923,-0.0374707347924308,0.002));
#13409=CARTESIAN_POINT('',(0.050478515625,-0.0273990885416667,0.002));
#13410=CARTESIAN_POINT('',(0.0504785156160015,-0.0273990749667258,0.002));
#13411=CARTESIAN_POINT('',(0.0504846030639923,-0.0374707347924308,0.002));
#13412=CARTESIAN_POINT('',(0.050473621740408,-0.0473588217004593,0.002));
#13413=CARTESIAN_POINT('',(0.0510986328125,-0.0274088541666667,0.002));
#13414=CARTESIAN_POINT('',(0.0510986302425965,-0.0274089493020304,0.002));
#13415=CARTESIAN_POINT('',(0.050473621740408,-0.0473588217004593,0.002));
#13416=CARTESIAN_POINT('',(0.0508320746227551,-0.0374177583446578,0.002));
#13417=CARTESIAN_POINT('',(0.0516373697916667,-0.0274381510416667,0.002));
#13418=CARTESIAN_POINT('',(0.0516373787558189,-0.0274380429827299,0.002));
#13419=CARTESIAN_POINT('',(0.0508320746227551,-0.0374177583446578,0.002));
#13420=CARTESIAN_POINT('',(0.0511602575065491,-0.0338338882692459,0.002));
#13421=CARTESIAN_POINT('',(0.05216796875,-0.0275000212948353,0.002));
#13422=CARTESIAN_POINT('',(0.05216796875,-0.0275000212948353,0.002));
#13423=CARTESIAN_POINT('',(0.0511602575065491,-0.0338338882692459,0.002));
#13424=CARTESIAN_POINT('',(0.05216796875,-0.0282535807291667,0.002));
#13425=CARTESIAN_POINT('',(0.0521679678292656,-0.0290074080994473,0.002));
#13426=CARTESIAN_POINT('',(0.0521679682896328,-0.0290074081011659,0.002));
#13427=CARTESIAN_POINT('',(0.05216796875,-0.0282535807291667,0.002));
#13428=CARTESIAN_POINT('',(0.052140405183267,-0.0363907334085661,0.002));
#13429=CARTESIAN_POINT('',(0.0512825520833333,-0.0290576171875,0.002));
#13430=CARTESIAN_POINT('',(0.0512825677351565,-0.0290577659304277,0.002));
#13431=CARTESIAN_POINT('',(0.052140405183267,-0.0363907334085661,0.002));
#13432=CARTESIAN_POINT('',(0.0514887982882968,-0.0309220896226852,0.002));
#13433=CARTESIAN_POINT('',(0.0505289713541667,-0.0293115234375,0.002));
#13434=CARTESIAN_POINT('',(0.0505289713541667,-0.0293115234375,0.002));
#13435=CARTESIAN_POINT('',(0.0514887982882968,-0.0309220896226852,0.002));
#13436=CARTESIAN_POINT('',(0.050009765625,-0.0299007161458333,0.002));
#13437=CARTESIAN_POINT('',(0.050009765625,-0.0299007161458333,0.));
#13438=CARTESIAN_POINT('',(0.0501312934027778,-0.0296435546875,0.002));
#13439=CARTESIAN_POINT('',(0.0501312934027778,-0.0296435546875,0.));
#13440=CARTESIAN_POINT('',(0.0503043619791667,-0.0294471571180556,0.002));
#13441=CARTESIAN_POINT('',(0.0503043619791667,-0.0294471571180556,0.));
#13442=CARTESIAN_POINT('',(0.0505289713541667,-0.0293115234375,0.002));
#13443=CARTESIAN_POINT('',(0.0505289713541667,-0.0293115234375,0.));
#13444=CARTESIAN_POINT('',(0.050009765625,-0.0299007161458333,0.002));
#13445=CARTESIAN_POINT('',(0.0501920572916667,-0.0295149739583334,0.002));
#13446=CARTESIAN_POINT('',(0.0505289713541667,-0.0293115234375,0.002));
#13447=CARTESIAN_POINT('',(0.0819553107333139,-0.0474064344650402,0.002));
#13448=CARTESIAN_POINT('',(0.111800130208333,-0.0333203125,0.002));
#13449=CARTESIAN_POINT('',(0.111800130208333,-0.0333203125,0.));
#13450=CARTESIAN_POINT('',(0.111800130208333,-0.0338628472222222,0.002));
#13451=CARTESIAN_POINT('',(0.111800130208333,-0.0338628472222222,0.));
#13452=CARTESIAN_POINT('',(0.111732313368055,-0.0343646918402778,0.002));
#13453=CARTESIAN_POINT('',(0.111732313368055,-0.0343646918402778,0.));
#13454=CARTESIAN_POINT('',(0.1115966796875,-0.0348258463541667,0.002));
#13455=CARTESIAN_POINT('',(0.1115966796875,-0.0348258463541667,0.));
#13456=CARTESIAN_POINT('',(0.111800130208333,-0.0333203125,0.));
#13457=CARTESIAN_POINT('',(0.111800130208333,-0.0341341145833333,0.));
#13458=CARTESIAN_POINT('',(0.1115966796875,-0.0348258463541667,0.));
#13459=CARTESIAN_POINT('',(0.111800130208333,-0.0333203125,0.));
#13460=CARTESIAN_POINT('',(0.1115966796875,-0.0348258463541667,0.));
#13461=CARTESIAN_POINT('',(0.111800130208333,-0.0333203125,0.002));
#13462=CARTESIAN_POINT('',(0.111800130208333,-0.0333203125,0.002));
#13463=CARTESIAN_POINT('',(0.111800130208333,-0.0333203125,0.002));
#13464=CARTESIAN_POINT('',(0.111800130208333,-0.0341341145833333,0.002));
#13465=CARTESIAN_POINT('',(0.1115966796875,-0.0348258463541667,0.002));
#13466=CARTESIAN_POINT('',(0.1115966796875,-0.0348258463541667,0.002));
#13467=CARTESIAN_POINT('',(0.1115966796875,-0.0348258463541667,0.002));
#13468=CARTESIAN_POINT('',(0.105724211864294,-0.0332850889086076,0.002));
#13469=CARTESIAN_POINT('',(0.105724211864294,-0.0332850889086076,0.));
#13470=CARTESIAN_POINT('',(0.111608072916667,-0.0317740885416667,0.));
#13471=CARTESIAN_POINT('',(0.111608072916667,-0.0317740885416667,0.002));
#13472=CARTESIAN_POINT('',(0.111608072916667,-0.0317740885416667,0.002));
#13473=CARTESIAN_POINT('',(0.105724211864294,-0.0332850889086076,0.002));
#13474=CARTESIAN_POINT('',(0.1110791015625,-0.0305013020833334,0.002));
#13475=CARTESIAN_POINT('',(0.1110791015625,-0.0305013020833334,0.));
#13476=CARTESIAN_POINT('',(0.1113037109375,-0.0308615451388889,0.002));
#13477=CARTESIAN_POINT('',(0.1113037109375,-0.0308615451388889,0.));
#13478=CARTESIAN_POINT('',(0.111480034722222,-0.0312858072916667,0.002));
#13479=CARTESIAN_POINT('',(0.111480034722222,-0.0312858072916667,0.));
#13480=CARTESIAN_POINT('',(0.111608072916667,-0.0317740885416667,0.002));
#13481=CARTESIAN_POINT('',(0.111608072916667,-0.0317740885416667,0.));
#13482=CARTESIAN_POINT('',(0.1110791015625,-0.0305013020833334,0.));
#13483=CARTESIAN_POINT('',(0.111416015625,-0.0310416666666667,0.));
#13484=CARTESIAN_POINT('',(0.111608072916667,-0.0317740885416667,0.));
#13485=CARTESIAN_POINT('',(0.1110791015625,-0.0305013020833334,0.));
#13486=CARTESIAN_POINT('',(0.1110791015625,-0.0305013020833334,0.002));
#13487=CARTESIAN_POINT('',(0.1110791015625,-0.0305013020833334,0.002));
#13488=CARTESIAN_POINT('',(0.1110791015625,-0.0305013020833334,0.002));
#13489=CARTESIAN_POINT('',(0.111416015625,-0.0310416666666667,0.002));
#13490=CARTESIAN_POINT('',(0.111608072916667,-0.0317740885416667,0.002));
#13491=CARTESIAN_POINT('',(0.11025390625,-0.0296468098958334,0.002));
#13492=CARTESIAN_POINT('',(0.11025390625,-0.0296468098958334,0.));
#13493=CARTESIAN_POINT('',(0.110579427083333,-0.0298562282986111,0.002));
#13494=CARTESIAN_POINT('',(0.110579427083333,-0.0298562282986111,0.));
#13495=CARTESIAN_POINT('',(0.1108544921875,-0.0301410590277778,0.002));
#13496=CARTESIAN_POINT('',(0.1108544921875,-0.0301410590277778,0.));
#13497=CARTESIAN_POINT('',(0.1110791015625,-0.0305013020833334,0.002));
#13498=CARTESIAN_POINT('',(0.1110791015625,-0.0305013020833334,0.));
#13499=CARTESIAN_POINT('',(0.11025390625,-0.0296468098958334,0.));
#13500=CARTESIAN_POINT('',(0.1107421875,-0.0299609375,0.));
#13501=CARTESIAN_POINT('',(0.1110791015625,-0.0305013020833334,0.));
#13502=CARTESIAN_POINT('',(0.11025390625,-0.0296468098958334,0.));
#13503=CARTESIAN_POINT('',(0.11025390625,-0.0296468098958334,0.002));
#13504=CARTESIAN_POINT('',(0.11025390625,-0.0296468098958334,0.002));
#13505=CARTESIAN_POINT('',(0.11025390625,-0.0296468098958334,0.002));
#13506=CARTESIAN_POINT('',(0.1107421875,-0.0299609375,0.002));
#13507=CARTESIAN_POINT('',(0.1110791015625,-0.0305013020833334,0.002));
#13508=CARTESIAN_POINT('',(0.109137369791667,-0.0293326822916667,0.002));
#13509=CARTESIAN_POINT('',(0.109137369791667,-0.0293326822916667,0.));
#13510=CARTESIAN_POINT('',(0.109556206597222,-0.0293326822916667,0.002));
#13511=CARTESIAN_POINT('',(0.109556206597222,-0.0293326822916667,0.));
#13512=CARTESIAN_POINT('',(0.109928385416667,-0.0294373914930556,0.002));
#13513=CARTESIAN_POINT('',(0.109928385416667,-0.0294373914930556,0.));
#13514=CARTESIAN_POINT('',(0.11025390625,-0.0296468098958334,0.002));
#13515=CARTESIAN_POINT('',(0.11025390625,-0.0296468098958334,0.));
#13516=CARTESIAN_POINT('',(0.109137369791667,-0.0293326822916667,0.));
#13517=CARTESIAN_POINT('',(0.109765625,-0.0293326822916667,0.));
#13518=CARTESIAN_POINT('',(0.11025390625,-0.0296468098958334,0.));
#13519=CARTESIAN_POINT('',(0.109137369791667,-0.0293326822916667,0.));
#13520=CARTESIAN_POINT('',(0.109137369791667,-0.0293326822916667,0.002));
#13521=CARTESIAN_POINT('',(0.109137369791667,-0.0293326822916667,0.002));
#13522=CARTESIAN_POINT('',(0.109137369791667,-0.0293326822916667,0.002));
#13523=CARTESIAN_POINT('',(0.109765625,-0.0293326822916667,0.002));
#13524=CARTESIAN_POINT('',(0.11025390625,-0.0296468098958334,0.002));
#13525=CARTESIAN_POINT('',(0.109112078111064,-0.0313691121470686,0.002));
#13526=CARTESIAN_POINT('',(0.109112078111064,-0.0313691121470686,0.));
#13527=CARTESIAN_POINT('',(0.108027132740023,-0.0296464784964948,0.));
#13528=CARTESIAN_POINT('',(0.10802734375,-0.0296468098958334,0.002));
#13529=CARTESIAN_POINT('',(0.108027132740023,-0.0296464784964948,0.002));
#13530=CARTESIAN_POINT('',(0.109112078111064,-0.0313691121470686,0.002));
#13531=CARTESIAN_POINT('',(0.109585235772894,-0.0320742760354243,0.002));
#13532=CARTESIAN_POINT('',(0.109585235772894,-0.0320742760354243,0.));
#13533=CARTESIAN_POINT('',(0.1071728515625,-0.0304899088541667,0.));
#13534=CARTESIAN_POINT('',(0.1071728515625,-0.0304899088541667,0.002));
#13535=CARTESIAN_POINT('',(0.1071728515625,-0.0304899088541667,0.002));
#13536=CARTESIAN_POINT('',(0.109585235772894,-0.0320742760354243,0.002));
#13537=CARTESIAN_POINT('',(0.106622721354167,-0.0317415364583334,0.002));
#13538=CARTESIAN_POINT('',(0.106622721354167,-0.0317415364583334,0.));
#13539=CARTESIAN_POINT('',(0.106751844618056,-0.031259765625,0.002));
#13540=CARTESIAN_POINT('',(0.106751844618056,-0.031259765625,0.));
#13541=CARTESIAN_POINT('',(0.106935221354167,-0.0308425564236111,0.002));
#13542=CARTESIAN_POINT('',(0.106935221354167,-0.0308425564236111,0.));
#13543=CARTESIAN_POINT('',(0.1071728515625,-0.0304899088541667,0.002));
#13544=CARTESIAN_POINT('',(0.1071728515625,-0.0304899088541667,0.));
#13545=CARTESIAN_POINT('',(0.106622721354167,-0.0317415364583334,0.));
#13546=CARTESIAN_POINT('',(0.10681640625,-0.0310188802083334,0.));
#13547=CARTESIAN_POINT('',(0.1071728515625,-0.0304899088541667,0.));
#13548=CARTESIAN_POINT('',(0.106622721354167,-0.0317415364583334,0.));
#13549=CARTESIAN_POINT('',(0.106622721354167,-0.0317415364583334,0.002));
#13550=CARTESIAN_POINT('',(0.106622721354167,-0.0317415364583334,0.002));
#13551=CARTESIAN_POINT('',(0.106622721354167,-0.0317415364583334,0.002));
#13552=CARTESIAN_POINT('',(0.10681640625,-0.0310188802083334,0.002));
#13553=CARTESIAN_POINT('',(0.1071728515625,-0.0304899088541667,0.002));
#13554=CARTESIAN_POINT('',(0.112346075511838,-0.0332377980595917,0.002));
#13555=CARTESIAN_POINT('',(0.112346075511838,-0.0332377980595917,0.));
#13556=CARTESIAN_POINT('',(0.106429415673821,-0.0332779932016287,0.));
#13557=CARTESIAN_POINT('',(0.106429036458333,-0.0332779947916667,0.002));
#13558=CARTESIAN_POINT('',(0.106429415673821,-0.0332779932016287,0.002));
#13559=CARTESIAN_POINT('',(0.112346075511838,-0.0332377980595917,0.002));
#13560=CARTESIAN_POINT('',(0.112425147339924,-0.0333146304532546,0.002));
#13561=CARTESIAN_POINT('',(0.112425147339924,-0.0333146304532546,0.));
#13562=CARTESIAN_POINT('',(0.106612955729167,-0.0347835286458334,0.));
#13563=CARTESIAN_POINT('',(0.106612955729167,-0.0347835286458334,0.002));
#13564=CARTESIAN_POINT('',(0.106612955729167,-0.0347835286458334,0.002));
#13565=CARTESIAN_POINT('',(0.112425147339924,-0.0333146304532546,0.002));
#13566=CARTESIAN_POINT('',(0.107141927083333,-0.0360237630208333,0.002));
#13567=CARTESIAN_POINT('',(0.107141927083333,-0.0360237630208333,0.));
#13568=CARTESIAN_POINT('',(0.106911892361111,-0.0356711154513889,0.002));
#13569=CARTESIAN_POINT('',(0.106911892361111,-0.0356711154513889,0.));
#13570=CARTESIAN_POINT('',(0.106735568576389,-0.0352577039930555,0.002));
#13571=CARTESIAN_POINT('',(0.106735568576389,-0.0352577039930555,0.));
#13572=CARTESIAN_POINT('',(0.106612955729167,-0.0347835286458334,0.002));
#13573=CARTESIAN_POINT('',(0.106612955729167,-0.0347835286458334,0.));
#13574=CARTESIAN_POINT('',(0.107141927083333,-0.0360237630208333,0.));
#13575=CARTESIAN_POINT('',(0.106796875,-0.0354947916666667,0.));
#13576=CARTESIAN_POINT('',(0.106612955729167,-0.0347835286458334,0.));
#13577=CARTESIAN_POINT('',(0.107141927083333,-0.0360237630208333,0.));
#13578=CARTESIAN_POINT('',(0.107141927083333,-0.0360237630208333,0.002));
#13579=CARTESIAN_POINT('',(0.107141927083333,-0.0360237630208333,0.002));
#13580=CARTESIAN_POINT('',(0.107141927083333,-0.0360237630208333,0.002));
#13581=CARTESIAN_POINT('',(0.106796875,-0.0354947916666667,0.002));
#13582=CARTESIAN_POINT('',(0.106612955729167,-0.0347835286458334,0.002));
#13583=CARTESIAN_POINT('',(0.10948270444087,-0.0345326798645449,0.002));
#13584=CARTESIAN_POINT('',(0.10948270444087,-0.0345326798645449,0.));
#13585=CARTESIAN_POINT('',(0.107986480116378,-0.0368687599368016,0.));
#13586=CARTESIAN_POINT('',(0.107986653645833,-0.0368684895833333,0.002));
#13587=CARTESIAN_POINT('',(0.107986480116378,-0.0368687599368016,0.002));
#13588=CARTESIAN_POINT('',(0.10948270444087,-0.0345326798645449,0.002));
#13589=CARTESIAN_POINT('',(0.10907278669182,-0.0351534309749285,0.002));
#13590=CARTESIAN_POINT('',(0.10907278669182,-0.0351534309749285,0.));
#13591=CARTESIAN_POINT('',(0.109095046754483,-0.0371838862668168,0.));
#13592=CARTESIAN_POINT('',(0.109095052083333,-0.0371842447916667,0.002));
#13593=CARTESIAN_POINT('',(0.109095046754483,-0.0371838862668168,0.002));
#13594=CARTESIAN_POINT('',(0.10907278669182,-0.0351534309749285,0.002));
#13595=CARTESIAN_POINT('',(0.109103682669257,-0.0350817879316782,0.002));
#13596=CARTESIAN_POINT('',(0.109103682669257,-0.0350817879316782,0.));
#13597=CARTESIAN_POINT('',(0.110193756940307,-0.0368800021778695,0.));
#13598=CARTESIAN_POINT('',(0.110193684895833,-0.0368798828125,0.002));
#13599=CARTESIAN_POINT('',(0.110193756940307,-0.0368800021778695,0.002));
#13600=CARTESIAN_POINT('',(0.109103682669257,-0.0350817879316782,0.002));
#13601=CARTESIAN_POINT('',(0.108839036901197,-0.0346408304111859,0.002));
#13602=CARTESIAN_POINT('',(0.108839036901197,-0.0346408304111859,0.));
#13603=CARTESIAN_POINT('',(0.111048177083333,-0.0360465494791667,0.));
#13604=CARTESIAN_POINT('',(0.111048177083333,-0.0360465494791667,0.002));
#13605=CARTESIAN_POINT('',(0.111048177083333,-0.0360465494791667,0.002));
#13606=CARTESIAN_POINT('',(0.108839036901197,-0.0346408304111859,0.002));
#13607=CARTESIAN_POINT('',(0.108084196186864,-0.0269252778371487,0.002));
#13608=CARTESIAN_POINT('',(0.106510710466032,-0.0260159154501504,0.002));
#13609=CARTESIAN_POINT('',(0.106510416666667,-0.026015625,0.002));
#13610=CARTESIAN_POINT('',(0.108084196186864,-0.0269252778371487,0.002));
#13611=CARTESIAN_POINT('',(0.107031279527786,-0.0254443756940971,0.00199999975));
#13612=CARTESIAN_POINT('',(0.10703125,-0.0254443359375,0.002));
#13613=CARTESIAN_POINT('',(0.105799153645833,-0.0253125,0.002));
#13614=CARTESIAN_POINT('',(0.105088453193293,-0.024609931131585,0.002));
#13615=CARTESIAN_POINT('',(0.105088453193293,-0.024609931131585,0.002));
#13616=CARTESIAN_POINT('',(0.105799153645833,-0.0253125,0.002));
#13617=CARTESIAN_POINT('',(0.10826512180409,-0.0270625931878998,0.002));
#13618=CARTESIAN_POINT('',(0.1069287109375,-0.0232779947916667,0.002));
#13619=CARTESIAN_POINT('',(0.106928826099377,-0.0232783157868333,0.002));
#13620=CARTESIAN_POINT('',(0.10826512180409,-0.0270625931878998,0.002));
#13621=CARTESIAN_POINT('',(0.109189932167313,-0.029497873411098,0.002));
#13622=CARTESIAN_POINT('',(0.109176432291667,-0.022880859375,0.002));
#13623=CARTESIAN_POINT('',(0.109176432291667,-0.022880859375,0.002));
#13624=CARTESIAN_POINT('',(0.109189932167313,-0.029497873411098,0.002));
#13625=CARTESIAN_POINT('',(0.111007486979167,-0.023125,0.002));
#13626=CARTESIAN_POINT('',(0.111007486979167,-0.023125,0.));
#13627=CARTESIAN_POINT('',(0.110437825520833,-0.0229622395833333,0.002));
#13628=CARTESIAN_POINT('',(0.110437825520833,-0.0229622395833333,0.));
#13629=CARTESIAN_POINT('',(0.109827473958333,-0.022880859375,0.002));
#13630=CARTESIAN_POINT('',(0.109827473958333,-0.022880859375,0.));
#13631=CARTESIAN_POINT('',(0.109176432291667,-0.022880859375,0.002));
#13632=CARTESIAN_POINT('',(0.109176432291667,-0.022880859375,0.));
#13633=CARTESIAN_POINT('',(0.111007486979167,-0.023125,0.002));
#13634=CARTESIAN_POINT('',(0.111007486979167,-0.023125,0.002));
#13635=CARTESIAN_POINT('',(0.111007486979167,-0.023125,0.002));
#13636=CARTESIAN_POINT('',(0.110152994791667,-0.022880859375,0.002));
#13637=CARTESIAN_POINT('',(0.109176432291667,-0.022880859375,0.002));
#13638=CARTESIAN_POINT('',(0.109968426500686,-0.0268510934650815,0.002));
#13639=CARTESIAN_POINT('',(0.112513020833333,-0.0239388020833333,0.002));
#13640=CARTESIAN_POINT('',(0.112513020833333,-0.0239388020833333,0.002));
#13641=CARTESIAN_POINT('',(0.109968426500686,-0.0268510934650815,0.002));
#13642=CARTESIAN_POINT('',(0.113580729166667,-0.0253841145833333,0.002));
#13643=CARTESIAN_POINT('',(0.113580729166667,-0.0253841145833333,0.));
#13644=CARTESIAN_POINT('',(0.113302951388889,-0.0248003472222223,0.002));
#13645=CARTESIAN_POINT('',(0.113302951388889,-0.0248003472222223,0.));
#13646=CARTESIAN_POINT('',(0.112947048611111,-0.0243185763888889,0.002));
#13647=CARTESIAN_POINT('',(0.112947048611111,-0.0243185763888889,0.));
#13648=CARTESIAN_POINT('',(0.112513020833333,-0.0239388020833333,0.002));
#13649=CARTESIAN_POINT('',(0.112513020833333,-0.0239388020833333,0.));
#13650=CARTESIAN_POINT('',(0.113580729166667,-0.0253841145833333,0.002));
#13651=CARTESIAN_POINT('',(0.113580729166667,-0.0253841145833333,0.002));
#13652=CARTESIAN_POINT('',(0.113580729166667,-0.0253841145833333,0.002));
#13653=CARTESIAN_POINT('',(0.1131640625,-0.0245084635416667,0.002));
#13654=CARTESIAN_POINT('',(0.112513020833333,-0.0239388020833333,0.002));
#13655=CARTESIAN_POINT('',(0.114078776041667,-0.0275,0.002));
#13656=CARTESIAN_POINT('',(0.114078776041667,-0.0275,0.));
#13657=CARTESIAN_POINT('',(0.114024522569444,-0.0266731770833333,0.002));
#13658=CARTESIAN_POINT('',(0.114024522569444,-0.0266731770833333,0.));
#13659=CARTESIAN_POINT('',(0.113858506944444,-0.0259678819444444,0.002));
#13660=CARTESIAN_POINT('',(0.113858506944444,-0.0259678819444444,0.));
#13661=CARTESIAN_POINT('',(0.113580729166667,-0.0253841145833333,0.002));
#13662=CARTESIAN_POINT('',(0.113580729166667,-0.0253841145833333,0.));
#13663=CARTESIAN_POINT('',(0.114078776041667,-0.0275,0.002));
#13664=CARTESIAN_POINT('',(0.114078776041667,-0.0275,0.002));
#13665=CARTESIAN_POINT('',(0.114078776041667,-0.0275,0.002));
#13666=CARTESIAN_POINT('',(0.113997395833333,-0.026259765625,0.002));
#13667=CARTESIAN_POINT('',(0.113580729166667,-0.0253841145833333,0.002));
#13668=CARTESIAN_POINT('',(0.114090169270833,-0.0332373046875,0.002));
#13669=CARTESIAN_POINT('',(0.1141015625,-0.038974609375,0.002));
#13670=CARTESIAN_POINT('',(0.1141015625,-0.038974609375,0.002));
#13671=CARTESIAN_POINT('',(0.114090169270833,-0.0332373046875,0.002));
#13672=CARTESIAN_POINT('',(0.1130029296875,-0.038974609375,0.002));
#13673=CARTESIAN_POINT('',(0.111904296875,-0.038974609375,0.002));
#13674=CARTESIAN_POINT('',(0.111904296875,-0.038974609375,0.002));
#13675=CARTESIAN_POINT('',(0.1130029296875,-0.038974609375,0.002));
#13676=CARTESIAN_POINT('',(0.111770833333333,-0.0383951822916667,0.002));
#13677=CARTESIAN_POINT('',(0.111637369791667,-0.0378157552083334,0.002));
#13678=CARTESIAN_POINT('',(0.111637369791667,-0.0378157552083334,0.002));
#13679=CARTESIAN_POINT('',(0.111770833333333,-0.0383951822916667,0.002));
#13680=CARTESIAN_POINT('',(0.110387369791667,-0.03873046875,0.002));
#13681=CARTESIAN_POINT('',(0.110387369791667,-0.03873046875,0.));
#13682=CARTESIAN_POINT('',(0.110936414930556,-0.0385004340277778,0.002));
#13683=CARTESIAN_POINT('',(0.110936414930556,-0.0385004340277778,0.));
#13684=CARTESIAN_POINT('',(0.111353081597222,-0.0381955295138889,0.002));
#13685=CARTESIAN_POINT('',(0.111353081597222,-0.0381955295138889,0.));
#13686=CARTESIAN_POINT('',(0.111637369791667,-0.0378157552083334,0.002));
#13687=CARTESIAN_POINT('',(0.111637369791667,-0.0378157552083334,0.));
#13688=CARTESIAN_POINT('',(0.110387369791667,-0.03873046875,0.002));
#13689=CARTESIAN_POINT('',(0.110387369791667,-0.03873046875,0.002));
#13690=CARTESIAN_POINT('',(0.110387369791667,-0.03873046875,0.002));
#13691=CARTESIAN_POINT('',(0.1112109375,-0.0383854166666667,0.002));
#13692=CARTESIAN_POINT('',(0.111637369791667,-0.0378157552083334,0.002));
#13693=CARTESIAN_POINT('',(0.108567708333333,-0.0390755208333333,0.002));
#13694=CARTESIAN_POINT('',(0.108567708333333,-0.0390755208333333,0.));
#13695=CARTESIAN_POINT('',(0.109231770833333,-0.0390755208333333,0.002));
#13696=CARTESIAN_POINT('',(0.109231770833333,-0.0390755208333333,0.));
#13697=CARTESIAN_POINT('',(0.109838324652778,-0.0389605034722222,0.002));
#13698=CARTESIAN_POINT('',(0.109838324652778,-0.0389605034722222,0.));
#13699=CARTESIAN_POINT('',(0.110387369791667,-0.03873046875,0.002));
#13700=CARTESIAN_POINT('',(0.110387369791667,-0.03873046875,0.));
#13701=CARTESIAN_POINT('',(0.108567708333333,-0.0390755208333333,0.002));
#13702=CARTESIAN_POINT('',(0.108567708333333,-0.0390755208333333,0.002));
#13703=CARTESIAN_POINT('',(0.108567708333333,-0.0390755208333333,0.002));
#13704=CARTESIAN_POINT('',(0.109563802083333,-0.0390755208333333,0.002));
#13705=CARTESIAN_POINT('',(0.110387369791667,-0.03873046875,0.002));
#13706=CARTESIAN_POINT('',(0.1069091796875,-0.0387906901041667,0.002));
#13707=CARTESIAN_POINT('',(0.1069091796875,-0.0387906901041667,0.));
#13708=CARTESIAN_POINT('',(0.107472330729167,-0.0389805772569444,0.002));
#13709=CARTESIAN_POINT('',(0.107472330729167,-0.0389805772569444,0.));
#13710=CARTESIAN_POINT('',(0.108025173611111,-0.0390755208333333,0.002));
#13711=CARTESIAN_POINT('',(0.108025173611111,-0.0390755208333333,0.));
#13712=CARTESIAN_POINT('',(0.108567708333333,-0.0390755208333333,0.002));
#13713=CARTESIAN_POINT('',(0.108567708333333,-0.0390755208333333,0.));
#13714=CARTESIAN_POINT('',(0.1069091796875,-0.0387906901041667,0.002));
#13715=CARTESIAN_POINT('',(0.1069091796875,-0.0387906901041667,0.002));
#13716=CARTESIAN_POINT('',(0.1069091796875,-0.0387906901041667,0.002));
#13717=CARTESIAN_POINT('',(0.10775390625,-0.0390755208333333,0.002));
#13718=CARTESIAN_POINT('',(0.108567708333333,-0.0390755208333333,0.002));
#13719=CARTESIAN_POINT('',(0.105382486979167,-0.0378255208333333,0.002));
#13720=CARTESIAN_POINT('',(0.105382486979167,-0.0378255208333333,0.));
#13721=CARTESIAN_POINT('',(0.105837131076389,-0.0382790798611111,0.002));
#13722=CARTESIAN_POINT('',(0.105837131076389,-0.0382790798611111,0.));
#13723=CARTESIAN_POINT('',(0.106346028645833,-0.0386008029513889,0.002));
#13724=CARTESIAN_POINT('',(0.106346028645833,-0.0386008029513889,0.));
#13725=CARTESIAN_POINT('',(0.1069091796875,-0.0387906901041667,0.002));
#13726=CARTESIAN_POINT('',(0.1069091796875,-0.0387906901041667,0.));
#13727=CARTESIAN_POINT('',(0.105382486979167,-0.0378255208333333,0.002));
#13728=CARTESIAN_POINT('',(0.105382486979167,-0.0378255208333333,0.002));
#13729=CARTESIAN_POINT('',(0.105382486979167,-0.0378255208333333,0.002));
#13730=CARTESIAN_POINT('',(0.106064453125,-0.038505859375,0.002));
#13731=CARTESIAN_POINT('',(0.1069091796875,-0.0387906901041667,0.002));
#13732=CARTESIAN_POINT('',(0.1042626953125,-0.0360660807291667,0.002));
#13733=CARTESIAN_POINT('',(0.1042626953125,-0.0360660807291667,0.));
#13734=CARTESIAN_POINT('',(0.104554578993055,-0.0367854817708334,0.002));
#13735=CARTESIAN_POINT('',(0.104554578993055,-0.0367854817708334,0.));
#13736=CARTESIAN_POINT('',(0.104927842881944,-0.0373719618055556,0.002));
#13737=CARTESIAN_POINT('',(0.104927842881944,-0.0373719618055556,0.));
#13738=CARTESIAN_POINT('',(0.105382486979167,-0.0378255208333333,0.002));
#13739=CARTESIAN_POINT('',(0.105382486979167,-0.0378255208333333,0.));
#13740=CARTESIAN_POINT('',(0.1042626953125,-0.0360660807291667,0.002));
#13741=CARTESIAN_POINT('',(0.1042626953125,-0.0360660807291667,0.002));
#13742=CARTESIAN_POINT('',(0.1042626953125,-0.0360660807291667,0.002));
#13743=CARTESIAN_POINT('',(0.104700520833333,-0.0371451822916667,0.002));
#13744=CARTESIAN_POINT('',(0.105382486979167,-0.0378255208333333,0.002));
#13745=CARTESIAN_POINT('',(0.103824869791667,-0.0334016927083333,0.002));
#13746=CARTESIAN_POINT('',(0.103824869791667,-0.0334016927083333,0.));
#13747=CARTESIAN_POINT('',(0.103824869791667,-0.0344585503472222,0.002));
#13748=CARTESIAN_POINT('',(0.103824869791667,-0.0344585503472222,0.));
#13749=CARTESIAN_POINT('',(0.103970811631944,-0.0353466796875,0.002));
#13750=CARTESIAN_POINT('',(0.103970811631944,-0.0353466796875,0.));
#13751=CARTESIAN_POINT('',(0.1042626953125,-0.0360660807291667,0.002));
#13752=CARTESIAN_POINT('',(0.1042626953125,-0.0360660807291667,0.));
#13753=CARTESIAN_POINT('',(0.103824869791667,-0.0334016927083333,0.002));
#13754=CARTESIAN_POINT('',(0.103824869791667,-0.0334016927083333,0.002));
#13755=CARTESIAN_POINT('',(0.103824869791667,-0.0334016927083333,0.002));
#13756=CARTESIAN_POINT('',(0.103824869791667,-0.0349869791666667,0.002));
#13757=CARTESIAN_POINT('',(0.1042626953125,-0.0360660807291667,0.002));
#13758=CARTESIAN_POINT('',(0.113245073284807,-0.0333566312266587,0.002));
#13759=CARTESIAN_POINT('',(0.104090169270833,-0.031142578125,0.002));
#13760=CARTESIAN_POINT('',(0.104090169270833,-0.031142578125,0.002));
#13761=CARTESIAN_POINT('',(0.113245073284807,-0.0333566312266587,0.002));
#13762=CARTESIAN_POINT('',(0.104925130208333,-0.0292301432291667,0.002));
#13763=CARTESIAN_POINT('',(0.104925130208333,-0.0292301432291667,0.));
#13764=CARTESIAN_POINT('',(0.104545355902778,-0.0297867838541667,0.002));
#13765=CARTESIAN_POINT('',(0.104545355902778,-0.0297867838541667,0.));
#13766=CARTESIAN_POINT('',(0.104267035590278,-0.0304242621527778,0.002));
#13767=CARTESIAN_POINT('',(0.104267035590278,-0.0304242621527778,0.));
#13768=CARTESIAN_POINT('',(0.104090169270833,-0.031142578125,0.002));
#13769=CARTESIAN_POINT('',(0.104090169270833,-0.031142578125,0.));
#13770=CARTESIAN_POINT('',(0.104925130208333,-0.0292301432291667,0.002));
#13771=CARTESIAN_POINT('',(0.104925130208333,-0.0292301432291667,0.002));
#13772=CARTESIAN_POINT('',(0.104925130208333,-0.0292301432291667,0.002));
#13773=CARTESIAN_POINT('',(0.10435546875,-0.0300651041666667,0.002));
#13774=CARTESIAN_POINT('',(0.104090169270833,-0.031142578125,0.002));
#13775=CARTESIAN_POINT('',(0.108549479711439,-0.0316722775544115,0.002));
#13776=CARTESIAN_POINT('',(0.106349283854167,-0.0278971354166667,0.002));
#13777=CARTESIAN_POINT('',(0.106349283854167,-0.0278971354166667,0.002));
#13778=CARTESIAN_POINT('',(0.108549479711439,-0.0316722775544115,0.002));
#13779=CARTESIAN_POINT('',(0.108343098958333,-0.0273990885416667,0.002));
#13780=CARTESIAN_POINT('',(0.108343098958333,-0.0273990885416667,0.));
#13781=CARTESIAN_POINT('',(0.107583550347222,-0.0273990885416667,0.002));
#13782=CARTESIAN_POINT('',(0.107583550347222,-0.0273990885416667,0.));
#13783=CARTESIAN_POINT('',(0.1069189453125,-0.0275651041666667,0.002));
#13784=CARTESIAN_POINT('',(0.1069189453125,-0.0275651041666667,0.));
#13785=CARTESIAN_POINT('',(0.106349283854167,-0.0278971354166667,0.002));
#13786=CARTESIAN_POINT('',(0.106349283854167,-0.0278971354166667,0.));
#13787=CARTESIAN_POINT('',(0.108343098958333,-0.0273990885416667,0.002));
#13788=CARTESIAN_POINT('',(0.108343098958333,-0.0273990885416667,0.002));
#13789=CARTESIAN_POINT('',(0.108343098958333,-0.0273990885416667,0.002));
#13790=CARTESIAN_POINT('',(0.107203776041667,-0.0273990885416667,0.002));
#13791=CARTESIAN_POINT('',(0.106349283854167,-0.0278971354166667,0.002));
#13792=CARTESIAN_POINT('',(0.108359761106419,-0.0330085694339938,0.002));
#13793=CARTESIAN_POINT('',(0.109521484375,-0.0275211588541667,0.002));
#13794=CARTESIAN_POINT('',(0.109521484375,-0.0275211588541667,0.002));
#13795=CARTESIAN_POINT('',(0.108359761106419,-0.0330085694339938,0.002));
#13796=CARTESIAN_POINT('',(0.110538736979167,-0.0278564453125,0.002));
#13797=CARTESIAN_POINT('',(0.110538736979167,-0.0278564453125,0.));
#13798=CARTESIAN_POINT('',(0.110240342881944,-0.0277143012152778,0.002));
#13799=CARTESIAN_POINT('',(0.110240342881944,-0.0277143012152778,0.));
#13800=CARTESIAN_POINT('',(0.109901258680555,-0.0276025390625,0.002));
#13801=CARTESIAN_POINT('',(0.109901258680555,-0.0276025390625,0.));
#13802=CARTESIAN_POINT('',(0.109521484375,-0.0275211588541667,0.002));
#13803=CARTESIAN_POINT('',(0.109521484375,-0.0275211588541667,0.));
#13804=CARTESIAN_POINT('',(0.110538736979167,-0.0278564453125,0.002));
#13805=CARTESIAN_POINT('',(0.110538736979167,-0.0278564453125,0.002));
#13806=CARTESIAN_POINT('',(0.110538736979167,-0.0278564453125,0.002));
#13807=CARTESIAN_POINT('',(0.110091145833333,-0.0276432291666667,0.002));
#13808=CARTESIAN_POINT('',(0.109521484375,-0.0275211588541667,0.002));
#13809=CARTESIAN_POINT('',(0.111282552083333,-0.0283349609375,0.002));
#13810=CARTESIAN_POINT('',(0.111282552083333,-0.0283349609375,0.));
#13811=CARTESIAN_POINT('',(0.111085069444444,-0.0281580946180556,0.002));
#13812=CARTESIAN_POINT('',(0.111085069444444,-0.0281580946180556,0.));
#13813=CARTESIAN_POINT('',(0.110837131076389,-0.0279985894097222,0.002));
#13814=CARTESIAN_POINT('',(0.110837131076389,-0.0279985894097222,0.));
#13815=CARTESIAN_POINT('',(0.110538736979167,-0.0278564453125,0.002));
#13816=CARTESIAN_POINT('',(0.110538736979167,-0.0278564453125,0.));
#13817=CARTESIAN_POINT('',(0.111282552083333,-0.0283349609375,0.002));
#13818=CARTESIAN_POINT('',(0.111282552083333,-0.0283349609375,0.002));
#13819=CARTESIAN_POINT('',(0.111282552083333,-0.0283349609375,0.002));
#13820=CARTESIAN_POINT('',(0.110986328125,-0.0280696614583333,0.002));
#13821=CARTESIAN_POINT('',(0.110538736979167,-0.0278564453125,0.002));
#13822=CARTESIAN_POINT('',(0.111637369791667,-0.0288639322916667,0.002));
#13823=CARTESIAN_POINT('',(0.111637369791667,-0.0288639322916667,0.));
#13824=CARTESIAN_POINT('',(0.111598307291667,-0.0286881510416667,0.002));
#13825=CARTESIAN_POINT('',(0.111598307291667,-0.0286881510416667,0.));
#13826=CARTESIAN_POINT('',(0.111480034722222,-0.0285118272569445,0.002));
#13827=CARTESIAN_POINT('',(0.111480034722222,-0.0285118272569445,0.));
#13828=CARTESIAN_POINT('',(0.111282552083333,-0.0283349609375,0.002));
#13829=CARTESIAN_POINT('',(0.111282552083333,-0.0283349609375,0.));
#13830=CARTESIAN_POINT('',(0.111637369791667,-0.0288639322916667,0.002));
#13831=CARTESIAN_POINT('',(0.111637369791667,-0.0288639322916667,0.002));
#13832=CARTESIAN_POINT('',(0.111637369791667,-0.0288639322916667,0.002));
#13833=CARTESIAN_POINT('',(0.111578776041667,-0.0286002604166667,0.002));
#13834=CARTESIAN_POINT('',(0.111282552083333,-0.0283349609375,0.002));
#13835=CARTESIAN_POINT('',(0.111723411442296,-0.0288664928118103,0.002));
#13836=CARTESIAN_POINT('',(0.111648763020833,-0.0288232421875,0.002));
#13837=CARTESIAN_POINT('',(0.111648763020833,-0.0288232421875,0.002));
#13838=CARTESIAN_POINT('',(0.111723411442296,-0.0288664928118103,0.002));
#13839=CARTESIAN_POINT('',(0.111574114599372,-0.0287799915631896,0.002));
#13840=CARTESIAN_POINT('',(0.111660238767895,-0.0287829174905667,0.002));
#13841=CARTESIAN_POINT('',(0.111660238764671,-0.0287829174908708,0.002));
#13842=CARTESIAN_POINT('',(0.111574114599372,-0.0287799915631896,0.002));
#13843=CARTESIAN_POINT('',(0.111648763020833,-0.0287320963541667,0.002));
#13844=CARTESIAN_POINT('',(0.111637369791667,-0.028681640625,0.002));
#13845=CARTESIAN_POINT('',(0.111637369791667,-0.028681640625,0.002));
#13846=CARTESIAN_POINT('',(0.111648763020833,-0.0287320963541667,0.002));
#13847=CARTESIAN_POINT('',(0.111637369791667,-0.0286604817708334,0.002));
#13848=CARTESIAN_POINT('',(0.111637369791667,-0.0281119791666667,0.002));
#13849=CARTESIAN_POINT('',(0.111637369791667,-0.0281119791666667,0.002));
#13850=CARTESIAN_POINT('',(0.111637369791667,-0.0286604817708334,0.002));
#13851=CARTESIAN_POINT('',(0.110926106770833,-0.0256087239583334,0.002));
#13852=CARTESIAN_POINT('',(0.110926106770833,-0.0256087239583334,0.));
#13853=CARTESIAN_POINT('',(0.111400282118055,-0.0260970052083333,0.002));
#13854=CARTESIAN_POINT('',(0.111400282118055,-0.0260970052083333,0.));
#13855=CARTESIAN_POINT('',(0.111637369791667,-0.0269314236111111,0.002));
#13856=CARTESIAN_POINT('',(0.111637369791667,-0.0269314236111111,0.));
#13857=CARTESIAN_POINT('',(0.111637369791667,-0.0281119791666667,0.002));
#13858=CARTESIAN_POINT('',(0.111637369791667,-0.0281119791666667,0.));
#13859=CARTESIAN_POINT('',(0.110926106770833,-0.0256087239583334,0.002));
#13860=CARTESIAN_POINT('',(0.110926106770833,-0.0256087239583334,0.002));
#13861=CARTESIAN_POINT('',(0.110926106770833,-0.0256087239583334,0.002));
#13862=CARTESIAN_POINT('',(0.111637369791667,-0.0263411458333334,0.002));
#13863=CARTESIAN_POINT('',(0.111637369791667,-0.0281119791666667,0.002));
#13864=CARTESIAN_POINT('',(0.108951822916667,-0.0248763020833334,0.002));
#13865=CARTESIAN_POINT('',(0.108951822916667,-0.0248763020833334,0.));
#13866=CARTESIAN_POINT('',(0.109793836805556,-0.0248763020833333,0.002));
#13867=CARTESIAN_POINT('',(0.109793836805556,-0.0248763020833333,0.));
#13868=CARTESIAN_POINT('',(0.110451931423611,-0.0251204427083333,0.002));
#13869=CARTESIAN_POINT('',(0.110451931423611,-0.0251204427083333,0.));
#13870=CARTESIAN_POINT('',(0.110926106770833,-0.0256087239583334,0.002));
#13871=CARTESIAN_POINT('',(0.110926106770833,-0.0256087239583334,0.));
#13872=CARTESIAN_POINT('',(0.108951822916667,-0.0248763020833334,0.002));
#13873=CARTESIAN_POINT('',(0.108951822916667,-0.0248763020833334,0.002));
#13874=CARTESIAN_POINT('',(0.108951822916667,-0.0248763020833334,0.002));
#13875=CARTESIAN_POINT('',(0.11021484375,-0.0248763020833334,0.002));
#13876=CARTESIAN_POINT('',(0.110926106770833,-0.0256087239583334,0.002));
#13877=CARTESIAN_POINT('',(0.109001802848893,-0.0289734650489327,0.002));
#13878=CARTESIAN_POINT('',(0.108352864583333,-0.0249267578125,0.002));
#13879=CARTESIAN_POINT('',(0.108352889912995,-0.0249269077638195,0.002));
#13880=CARTESIAN_POINT('',(0.109001802848893,-0.0289734650489327,0.002));
#13881=CARTESIAN_POINT('',(0.108878058991374,-0.0283514604983362,0.002));
#13882=CARTESIAN_POINT('',(0.107682291666667,-0.0250992838541667,0.002));
#13883=CARTESIAN_POINT('',(0.107682262020575,-0.0250992048088339,0.002));
#13884=CARTESIAN_POINT('',(0.108878058991374,-0.0283514604983362,0.002));
#13885=CARTESIAN_POINT('',(0.108646390837882,-0.0276996240627956,0.002));
#13886=CARTESIAN_POINT('',(0.108646390837882,-0.0276996240627956,0.002));
#13887=CARTESIAN_POINT('',(0.1115966796875,-0.0348258463541667,0.002));
#13888=CARTESIAN_POINT('',(0.1115966796875,-0.0348258463541667,0.));
#13889=CARTESIAN_POINT('',(0.111461046006944,-0.0352870008680556,0.002));
#13890=CARTESIAN_POINT('',(0.111461046006944,-0.0352870008680556,0.));
#13891=CARTESIAN_POINT('',(0.111278211805555,-0.0356939019097222,0.002));
#13892=CARTESIAN_POINT('',(0.111278211805555,-0.0356939019097222,0.));
#13893=CARTESIAN_POINT('',(0.111048177083333,-0.0360465494791667,0.002));
#13894=CARTESIAN_POINT('',(0.111048177083333,-0.0360465494791667,0.));
#13895=CARTESIAN_POINT('',(0.1115966796875,-0.0348258463541667,0.));
#13896=CARTESIAN_POINT('',(0.111393229166667,-0.035517578125,0.));
#13897=CARTESIAN_POINT('',(0.111048177083333,-0.0360465494791667,0.));
#13898=CARTESIAN_POINT('',(0.1115966796875,-0.0348258463541667,0.002));
#13899=CARTESIAN_POINT('',(0.111393229166667,-0.035517578125,0.002));
#13900=CARTESIAN_POINT('',(0.111048177083333,-0.0360465494791667,0.002));
#13901=CARTESIAN_POINT('',(0.0819553107333139,-0.0474064344650402,0.002));
#13902=CARTESIAN_POINT('',(0.0598667527821877,-0.034187846924664,0.002));
#13903=CARTESIAN_POINT('',(0.0598667527821877,-0.034187846924664,0.));
#13904=CARTESIAN_POINT('',(0.0628485018143079,-0.0341927083333333,0.));
#13905=CARTESIAN_POINT('',(0.0626447015712639,-0.0352717494254477,0.));
#13906=CARTESIAN_POINT('',(0.0628485018143079,-0.0341927083333333,0.002));
#13907=CARTESIAN_POINT('',(0.0628485018143079,-0.0341927083333333,0.002));
#13908=CARTESIAN_POINT('',(0.0598667527821877,-0.034187846924664,0.002));
#13909=CARTESIAN_POINT('',(0.0626447015935151,-0.0352717494032685,0.002));
#13910=CARTESIAN_POINT('',(0.0626448567708333,-0.0352718098958333,0.002));
#13911=CARTESIAN_POINT('',(0.0600406901041667,-0.0341927083333333,0.002));
#13912=CARTESIAN_POINT('',(0.0600406901041667,-0.0341927083333333,0.));
#13913=CARTESIAN_POINT('',(0.0572326659822341,-0.0341927083333333,0.));
#13914=CARTESIAN_POINT('',(0.0572326659822341,-0.0341927083333333,0.002));
#13915=CARTESIAN_POINT('',(0.0572326659822341,-0.0341927083333333,0.002));
#13916=CARTESIAN_POINT('',(0.0600406901041667,-0.0341927083333333,0.002));
#13917=CARTESIAN_POINT('',(0.0603631020406064,-0.0341799455488498,0.002));
#13918=CARTESIAN_POINT('',(0.0603631020406064,-0.0341799455488498,0.));
#13919=CARTESIAN_POINT('',(0.0574482638223428,-0.0353221320252235,0.));
#13920=CARTESIAN_POINT('',(0.0574479166666667,-0.035322265625,0.002));
#13921=CARTESIAN_POINT('',(0.0574482638223428,-0.0353221320252235,0.002));
#13922=CARTESIAN_POINT('',(0.0603631020406064,-0.0341799455488498,0.002));
#13923=CARTESIAN_POINT('',(0.060160600976054,-0.0343110276115535,0.002));
#13924=CARTESIAN_POINT('',(0.060160600976054,-0.0343110276115535,0.));
#13925=CARTESIAN_POINT('',(0.058048289992596,-0.0362892615823926,0.));
#13926=CARTESIAN_POINT('',(0.0580485026041667,-0.0362890625,0.002));
#13927=CARTESIAN_POINT('',(0.058048289992596,-0.0362892615823926,0.002));
#13928=CARTESIAN_POINT('',(0.060160600976054,-0.0343110276115535,0.002));
#13929=CARTESIAN_POINT('',(0.0601825870995775,-0.0342555191690487,0.002));
#13930=CARTESIAN_POINT('',(0.0601825870995775,-0.0342555191690487,0.));
#13931=CARTESIAN_POINT('',(0.0589632161458333,-0.0369401041666667,0.));
#13932=CARTESIAN_POINT('',(0.0589632161458333,-0.0369401041666667,0.002));
#13933=CARTESIAN_POINT('',(0.0589632161458333,-0.0369401041666667,0.002));
#13934=CARTESIAN_POINT('',(0.0601825870995775,-0.0342555191690487,0.002));
#13935=CARTESIAN_POINT('',(0.0601236979166667,-0.0371842447916667,0.002));
#13936=CARTESIAN_POINT('',(0.0601236979166667,-0.0371842447916667,0.));
#13937=CARTESIAN_POINT('',(0.0597026909722222,-0.0371842447916667,0.002));
#13938=CARTESIAN_POINT('',(0.0597026909722222,-0.0371842447916667,0.));
#13939=CARTESIAN_POINT('',(0.0593158637152778,-0.0371028645833333,0.002));
#13940=CARTESIAN_POINT('',(0.0593158637152778,-0.0371028645833333,0.));
#13941=CARTESIAN_POINT('',(0.0589632161458333,-0.0369401041666667,0.002));
#13942=CARTESIAN_POINT('',(0.0589632161458333,-0.0369401041666667,0.));
#13943=CARTESIAN_POINT('',(0.0601236979166667,-0.0371842447916667,0.));
#13944=CARTESIAN_POINT('',(0.0594921875,-0.0371842447916667,0.));
#13945=CARTESIAN_POINT('',(0.0589632161458333,-0.0369401041666667,0.));
#13946=CARTESIAN_POINT('',(0.0601236979166667,-0.0371842447916667,0.));
#13947=CARTESIAN_POINT('',(0.0601236979166667,-0.0371842447916667,0.002));
#13948=CARTESIAN_POINT('',(0.0601236979166667,-0.0371842447916667,0.002));
#13949=CARTESIAN_POINT('',(0.0601236979166667,-0.0371842447916667,0.002));
#13950=CARTESIAN_POINT('',(0.0594921875,-0.0371842447916667,0.002));
#13951=CARTESIAN_POINT('',(0.0589632161458333,-0.0369401041666667,0.002));
#13952=CARTESIAN_POINT('',(0.0600551489249168,-0.0345577356365185,0.002));
#13953=CARTESIAN_POINT('',(0.0600551489249168,-0.0345577356365185,0.));
#13954=CARTESIAN_POINT('',(0.0612223141783086,-0.0369107721192137,0.));
#13955=CARTESIAN_POINT('',(0.0612223307291667,-0.0369108072916667,0.002));
#13956=CARTESIAN_POINT('',(0.0612223141783086,-0.0369107721192137,0.002));
#13957=CARTESIAN_POINT('',(0.0600551489249168,-0.0345577356365185,0.002));
#13958=CARTESIAN_POINT('',(0.0600597790663601,-0.0345470326097859,0.002));
#13959=CARTESIAN_POINT('',(0.0600597790663601,-0.0345470326097859,0.));
#13960=CARTESIAN_POINT('',(0.0620866409061715,-0.0362288845814711,0.));
#13961=CARTESIAN_POINT('',(0.0620865885416667,-0.0362288411458334,0.002));
#13962=CARTESIAN_POINT('',(0.0620866409061715,-0.0362288845814711,0.002));
#13963=CARTESIAN_POINT('',(0.0600597790663601,-0.0345470326097859,0.002));
#13964=CARTESIAN_POINT('',(0.0598600260416667,-0.0390983072916667,0.002));
#13965=CARTESIAN_POINT('',(0.0598600260416667,-0.0390983072916667,0.));
#13966=CARTESIAN_POINT('',(0.0607823350694444,-0.0390983072916667,0.002));
#13967=CARTESIAN_POINT('',(0.0607823350694444,-0.0390983072916667,0.));
#13968=CARTESIAN_POINT('',(0.0615961371527778,-0.0389116753472222,0.002));
#13969=CARTESIAN_POINT('',(0.0615961371527778,-0.0389116753472222,0.));
#13970=CARTESIAN_POINT('',(0.0623014322916667,-0.0385384114583334,0.002));
#13971=CARTESIAN_POINT('',(0.0623014322916667,-0.0385384114583334,0.));
#13972=CARTESIAN_POINT('',(0.0598600260416667,-0.0390983072916667,0.002));
#13973=CARTESIAN_POINT('',(0.0598600260416667,-0.0390983072916667,0.002));
#13974=CARTESIAN_POINT('',(0.0598600260416667,-0.0390983072916667,0.002));
#13975=CARTESIAN_POINT('',(0.0612434895833333,-0.0390983072916667,0.002));
#13976=CARTESIAN_POINT('',(0.0623014322916667,-0.0385384114583334,0.002));
#13977=CARTESIAN_POINT('',(0.0623014322916667,-0.0385384114583334,0.002));
#13978=CARTESIAN_POINT('',(0.0623014322916667,-0.0385384114583334,0.002));
#13979=CARTESIAN_POINT('',(0.0598482377734992,-0.0346749300659733,0.002));
#13980=CARTESIAN_POINT('',(0.0578857421875,-0.0386393229166666,0.002));
#13981=CARTESIAN_POINT('',(0.0578858160779428,-0.0386391738658273,0.002));
#13982=CARTESIAN_POINT('',(0.0598482377734992,-0.0346749300659733,0.002));
#13983=CARTESIAN_POINT('',(0.0600962127881023,-0.0341111457425778,0.002));
#13984=CARTESIAN_POINT('',(0.0562679036458333,-0.0373876953125,0.002));
#13985=CARTESIAN_POINT('',(0.0562679036458333,-0.0373876953125,0.002));
#13986=CARTESIAN_POINT('',(0.0600962127881023,-0.0341111457425778,0.002));
#13987=CARTESIAN_POINT('',(0.0551790364583333,-0.03552734375,0.002));
#13988=CARTESIAN_POINT('',(0.0551790364583333,-0.03552734375,0.));
#13989=CARTESIAN_POINT('',(0.0554503038194444,-0.0362391493055556,0.002));
#13990=CARTESIAN_POINT('',(0.0554503038194444,-0.0362391493055556,0.));
#13991=CARTESIAN_POINT('',(0.0558132595486111,-0.0368592664930556,0.002));
#13992=CARTESIAN_POINT('',(0.0558132595486111,-0.0368592664930556,0.));
#13993=CARTESIAN_POINT('',(0.0562679036458333,-0.0373876953125,0.002));
#13994=CARTESIAN_POINT('',(0.0562679036458333,-0.0373876953125,0.));
#13995=CARTESIAN_POINT('',(0.0551790364583333,-0.03552734375,0.002));
#13996=CARTESIAN_POINT('',(0.0551790364583333,-0.03552734375,0.002));
#13997=CARTESIAN_POINT('',(0.0551790364583333,-0.03552734375,0.002));
#13998=CARTESIAN_POINT('',(0.0555859375,-0.0365950520833334,0.002));
#13999=CARTESIAN_POINT('',(0.0562679036458333,-0.0373876953125,0.002));
#14000=CARTESIAN_POINT('',(0.0547721354166667,-0.0332584635416667,0.002));
#14001=CARTESIAN_POINT('',(0.0547721354166667,-0.0332584635416667,0.));
#14002=CARTESIAN_POINT('',(0.0547721354166667,-0.0340592447916667,0.002));
#14003=CARTESIAN_POINT('',(0.0547721354166667,-0.0340592447916667,0.));
#14004=CARTESIAN_POINT('',(0.0549077690972222,-0.0348155381944445,0.002));
#14005=CARTESIAN_POINT('',(0.0549077690972222,-0.0348155381944445,0.));
#14006=CARTESIAN_POINT('',(0.0551790364583333,-0.03552734375,0.002));
#14007=CARTESIAN_POINT('',(0.0551790364583333,-0.03552734375,0.));
#14008=CARTESIAN_POINT('',(0.0547721354166667,-0.0332584635416667,0.002));
#14009=CARTESIAN_POINT('',(0.0547721354166667,-0.0332584635416667,0.002));
#14010=CARTESIAN_POINT('',(0.0547721354166667,-0.0332584635416667,0.002));
#14011=CARTESIAN_POINT('',(0.0547721354166667,-0.0344596354166667,0.002));
#14012=CARTESIAN_POINT('',(0.0551790364583333,-0.03552734375,0.002));
#14013=CARTESIAN_POINT('',(0.0551790364583333,-0.0309798177083334,0.002));
#14014=CARTESIAN_POINT('',(0.0551790364583333,-0.0309798177083334,0.));
#14015=CARTESIAN_POINT('',(0.0549077690972222,-0.0316851128472222,0.002));
#14016=CARTESIAN_POINT('',(0.0549077690972222,-0.0316851128472222,0.));
#14017=CARTESIAN_POINT('',(0.0547721354166667,-0.0324446614583333,0.002));
#14018=CARTESIAN_POINT('',(0.0547721354166667,-0.0324446614583333,0.));
#14019=CARTESIAN_POINT('',(0.0547721354166667,-0.0332584635416667,0.002));
#14020=CARTESIAN_POINT('',(0.0547721354166667,-0.0332584635416667,0.));
#14021=CARTESIAN_POINT('',(0.0551790364583333,-0.0309798177083334,0.002));
#14022=CARTESIAN_POINT('',(0.0551790364583333,-0.0309798177083334,0.002));
#14023=CARTESIAN_POINT('',(0.0551790364583333,-0.0309798177083334,0.002));
#14024=CARTESIAN_POINT('',(0.0547721354166667,-0.0320377604166666,0.002));
#14025=CARTESIAN_POINT('',(0.0547721354166667,-0.0332584635416667,0.002));
#14026=CARTESIAN_POINT('',(0.0562776692708333,-0.0291276041666667,0.002));
#14027=CARTESIAN_POINT('',(0.0562776692708333,-0.0291276041666667,0.));
#14028=CARTESIAN_POINT('',(0.0558165147569444,-0.0296571180555556,0.002));
#14029=CARTESIAN_POINT('',(0.0558165147569444,-0.0296571180555556,0.));
#14030=CARTESIAN_POINT('',(0.0554503038194444,-0.0302745225694444,0.002));
#14031=CARTESIAN_POINT('',(0.0554503038194444,-0.0302745225694444,0.));
#14032=CARTESIAN_POINT('',(0.0551790364583333,-0.0309798177083334,0.002));
#14033=CARTESIAN_POINT('',(0.0551790364583333,-0.0309798177083334,0.));
#14034=CARTESIAN_POINT('',(0.0562776692708333,-0.0291276041666667,0.002));
#14035=CARTESIAN_POINT('',(0.0562776692708333,-0.0291276041666667,0.002));
#14036=CARTESIAN_POINT('',(0.0562776692708333,-0.0291276041666667,0.002));
#14037=CARTESIAN_POINT('',(0.0555859375,-0.029921875,0.002));
#14038=CARTESIAN_POINT('',(0.0551790364583333,-0.0309798177083334,0.002));
#14039=CARTESIAN_POINT('',(0.0600385971798032,-0.032406518888607,0.002));
#14040=CARTESIAN_POINT('',(0.0579459635416667,-0.0278759765625,0.002));
#14041=CARTESIAN_POINT('',(0.0579459635416667,-0.0278759765625,0.002));
#14042=CARTESIAN_POINT('',(0.0600385971798032,-0.032406518888607,0.002));
#14043=CARTESIAN_POINT('',(0.0600423177083333,-0.0274186197916667,0.002));
#14044=CARTESIAN_POINT('',(0.0600423177083333,-0.0274186197916667,0.));
#14045=CARTESIAN_POINT('',(0.0592957899305556,-0.0274186197916667,0.002));
#14046=CARTESIAN_POINT('',(0.0592957899305556,-0.0274186197916667,0.));
#14047=CARTESIAN_POINT('',(0.0585970052083334,-0.0275710720486111,0.002));
#14048=CARTESIAN_POINT('',(0.0585970052083334,-0.0275710720486111,0.));
#14049=CARTESIAN_POINT('',(0.0579459635416667,-0.0278759765625,0.002));
#14050=CARTESIAN_POINT('',(0.0579459635416667,-0.0278759765625,0.));
#14051=CARTESIAN_POINT('',(0.0600423177083333,-0.0274186197916667,0.002));
#14052=CARTESIAN_POINT('',(0.0600423177083333,-0.0274186197916667,0.002));
#14053=CARTESIAN_POINT('',(0.0600423177083333,-0.0274186197916667,0.002));
#14054=CARTESIAN_POINT('',(0.0589225260416667,-0.0274186197916667,0.002));
#14055=CARTESIAN_POINT('',(0.0579459635416667,-0.0278759765625,0.002));
#14056=CARTESIAN_POINT('',(0.0623209635416667,-0.0278466796875,0.002));
#14057=CARTESIAN_POINT('',(0.0623209635416667,-0.0278466796875,0.));
#14058=CARTESIAN_POINT('',(0.0617241753472222,-0.0275613064236111,0.002));
#14059=CARTESIAN_POINT('',(0.0617241753472222,-0.0275613064236111,0.));
#14060=CARTESIAN_POINT('',(0.0609646267361111,-0.0274186197916667,0.002));
#14061=CARTESIAN_POINT('',(0.0609646267361111,-0.0274186197916667,0.));
#14062=CARTESIAN_POINT('',(0.0600423177083333,-0.0274186197916667,0.002));
#14063=CARTESIAN_POINT('',(0.0600423177083333,-0.0274186197916667,0.));
#14064=CARTESIAN_POINT('',(0.0623209635416667,-0.0278466796875,0.002));
#14065=CARTESIAN_POINT('',(0.0623209635416667,-0.0278466796875,0.002));
#14066=CARTESIAN_POINT('',(0.0623209635416667,-0.0278466796875,0.002));
#14067=CARTESIAN_POINT('',(0.06142578125,-0.0274186197916667,0.002));
#14068=CARTESIAN_POINT('',(0.0600423177083333,-0.0274186197916667,0.002));
#14069=CARTESIAN_POINT('',(0.06388671875,-0.0291080729166667,0.002));
#14070=CARTESIAN_POINT('',(0.06388671875,-0.0291080729166667,0.));
#14071=CARTESIAN_POINT('',(0.0634396701388889,-0.0285525173611111,0.002));
#14072=CARTESIAN_POINT('',(0.0634396701388889,-0.0285525173611111,0.));
#14073=CARTESIAN_POINT('',(0.0629177517361111,-0.0281320529513889,0.002));
#14074=CARTESIAN_POINT('',(0.0629177517361111,-0.0281320529513889,0.));
#14075=CARTESIAN_POINT('',(0.0623209635416667,-0.0278466796875,0.002));
#14076=CARTESIAN_POINT('',(0.0623209635416667,-0.0278466796875,0.));
#14077=CARTESIAN_POINT('',(0.06388671875,-0.0291080729166667,0.002));
#14078=CARTESIAN_POINT('',(0.06388671875,-0.0291080729166667,0.002));
#14079=CARTESIAN_POINT('',(0.06388671875,-0.0291080729166667,0.002));
#14080=CARTESIAN_POINT('',(0.0632161458333333,-0.0282747395833334,0.002));
#14081=CARTESIAN_POINT('',(0.0623209635416667,-0.0278466796875,0.002));
#14082=CARTESIAN_POINT('',(0.0634391276041667,-0.0297900390625,0.002));
#14083=CARTESIAN_POINT('',(0.062991709633242,-0.0304717413527453,0.002));
#14084=CARTESIAN_POINT('',(0.062991709633242,-0.0304717413527453,0.002));
#14085=CARTESIAN_POINT('',(0.0634391276041667,-0.0297900390625,0.002));
#14086=CARTESIAN_POINT('',(0.0610328123546644,-0.0324271475939661,0.002));
#14087=CARTESIAN_POINT('',(0.0623307291666667,-0.0299820963541667,0.002));
#14088=CARTESIAN_POINT('',(0.0623306455994475,-0.0299822536092009,0.002));
#14089=CARTESIAN_POINT('',(0.0610328123546644,-0.0324271475939661,0.002));
#14090=CARTESIAN_POINT('',(0.0598196620715978,-0.0346050139716792,0.002));
#14091=CARTESIAN_POINT('',(0.0615771484375,-0.0296468098958334,0.002));
#14092=CARTESIAN_POINT('',(0.0615771036011424,-0.0296469321952594,0.002));
#14093=CARTESIAN_POINT('',(0.0598196620715978,-0.0346050139716792,0.002));
#14094=CARTESIAN_POINT('',(0.0602439912626836,-0.0333493880017028,0.002));
#14095=CARTESIAN_POINT('',(0.0608658854166667,-0.0294645182291667,0.002));
#14096=CARTESIAN_POINT('',(0.0608658712955031,-0.0294645968068394,0.002));
#14097=CARTESIAN_POINT('',(0.0602439912626836,-0.0333493880017028,0.002));
#14098=CARTESIAN_POINT('',(0.060222224536573,-0.033366407814099,0.002));
#14099=CARTESIAN_POINT('',(0.0603059895833333,-0.0294140625,0.002));
#14100=CARTESIAN_POINT('',(0.0603059895833333,-0.0294140625,0.002));
#14101=CARTESIAN_POINT('',(0.060222224536573,-0.033366407814099,0.002));
#14102=CARTESIAN_POINT('',(0.0590559895833333,-0.0296370442708334,0.002));
#14103=CARTESIAN_POINT('',(0.0590559895833333,-0.0296370442708334,0.));
#14104=CARTESIAN_POINT('',(0.0594422743055556,-0.0294883897569444,0.002));
#14105=CARTESIAN_POINT('',(0.0594422743055556,-0.0294883897569444,0.));
#14106=CARTESIAN_POINT('',(0.0598589409722222,-0.0294140625,0.002));
#14107=CARTESIAN_POINT('',(0.0598589409722222,-0.0294140625,0.));
#14108=CARTESIAN_POINT('',(0.0603059895833333,-0.0294140625,0.002));
#14109=CARTESIAN_POINT('',(0.0603059895833333,-0.0294140625,0.));
#14110=CARTESIAN_POINT('',(0.0590559895833333,-0.0296370442708334,0.002));
#14111=CARTESIAN_POINT('',(0.0590559895833333,-0.0296370442708334,0.002));
#14112=CARTESIAN_POINT('',(0.0590559895833333,-0.0296370442708334,0.002));
#14113=CARTESIAN_POINT('',(0.0596354166666667,-0.0294140625,0.002));
#14114=CARTESIAN_POINT('',(0.0603059895833333,-0.0294140625,0.002));
#14115=CARTESIAN_POINT('',(0.0601014460080211,-0.0324390062238176,0.002));
#14116=CARTESIAN_POINT('',(0.0580582682291667,-0.0302571614583333,0.002));
#14117=CARTESIAN_POINT('',(0.0580580402815231,-0.030256917944683,0.002));
#14118=CARTESIAN_POINT('',(0.0601014460080211,-0.0324390062238176,0.002));
#14119=CARTESIAN_POINT('',(0.0600823484000076,-0.0323774152280011,0.002));
#14120=CARTESIAN_POINT('',(0.0573958333333333,-0.0312027994791667,0.002));
#14121=CARTESIAN_POINT('',(0.0573958333333333,-0.0312027994791667,0.002));
#14122=CARTESIAN_POINT('',(0.0600823484000076,-0.0323774152280011,0.002));
#14123=CARTESIAN_POINT('',(0.0571516927083333,-0.03240234375,0.002));
#14124=CARTESIAN_POINT('',(0.0571516927083333,-0.03240234375,0.));
#14125=CARTESIAN_POINT('',(0.0571516927083333,-0.0319683159722222,0.002));
#14126=CARTESIAN_POINT('',(0.0571516927083333,-0.0319683159722222,0.));
#14127=CARTESIAN_POINT('',(0.0572330729166666,-0.0315684678819445,0.002));
#14128=CARTESIAN_POINT('',(0.0572330729166666,-0.0315684678819445,0.));
#14129=CARTESIAN_POINT('',(0.0573958333333333,-0.0312027994791667,0.002));
#14130=CARTESIAN_POINT('',(0.0573958333333333,-0.0312027994791667,0.));
#14131=CARTESIAN_POINT('',(0.0571516927083333,-0.03240234375,0.002));
#14132=CARTESIAN_POINT('',(0.0571516927083333,-0.03240234375,0.002));
#14133=CARTESIAN_POINT('',(0.0571516927083333,-0.03240234375,0.002));
#14134=CARTESIAN_POINT('',(0.0571516927083333,-0.0317513020833333,0.002));
#14135=CARTESIAN_POINT('',(0.0573958333333333,-0.0312027994791667,0.002));
#14136=CARTESIAN_POINT('',(0.0611393229166667,-0.03240234375,0.002));
#14137=CARTESIAN_POINT('',(0.065126953125,-0.03240234375,0.002));
#14138=CARTESIAN_POINT('',(0.065126953125,-0.03240234375,0.002));
#14139=CARTESIAN_POINT('',(0.0611393229166667,-0.03240234375,0.002));
#14140=CARTESIAN_POINT('',(0.0650162760416667,-0.0349153645833333,0.002));
#14141=CARTESIAN_POINT('',(0.0650162760416667,-0.0349153645833333,0.));
#14142=CARTESIAN_POINT('',(0.0652137586805556,-0.0341080729166667,0.002));
#14143=CARTESIAN_POINT('',(0.0652137586805556,-0.0341080729166667,0.));
#14144=CARTESIAN_POINT('',(0.0652506510416667,-0.0332703993055556,0.002));
#14145=CARTESIAN_POINT('',(0.0652506510416667,-0.0332703993055556,0.));
#14146=CARTESIAN_POINT('',(0.065126953125,-0.03240234375,0.002));
#14147=CARTESIAN_POINT('',(0.065126953125,-0.03240234375,0.));
#14148=CARTESIAN_POINT('',(0.0650162760416667,-0.0349153645833333,0.002));
#14149=CARTESIAN_POINT('',(0.0650162760416667,-0.0349153645833333,0.002));
#14150=CARTESIAN_POINT('',(0.0650162760416667,-0.0349153645833333,0.002));
#14151=CARTESIAN_POINT('',(0.0653125,-0.0337044270833333,0.002));
#14152=CARTESIAN_POINT('',(0.065126953125,-0.03240234375,0.002));
#14153=CARTESIAN_POINT('',(0.0640397135416667,-0.0370524088541666,0.002));
#14154=CARTESIAN_POINT('',(0.0640397135416667,-0.0370524088541666,0.));
#14155=CARTESIAN_POINT('',(0.0644932725694444,-0.0364350043402778,0.002));
#14156=CARTESIAN_POINT('',(0.0644932725694444,-0.0364350043402778,0.));
#14157=CARTESIAN_POINT('',(0.0648187934027778,-0.03572265625,0.002));
#14158=CARTESIAN_POINT('',(0.0648187934027778,-0.03572265625,0.));
#14159=CARTESIAN_POINT('',(0.0650162760416667,-0.0349153645833333,0.002));
#14160=CARTESIAN_POINT('',(0.0650162760416667,-0.0349153645833333,0.));
#14161=CARTESIAN_POINT('',(0.0640397135416667,-0.0370524088541666,0.002));
#14162=CARTESIAN_POINT('',(0.0640397135416667,-0.0370524088541666,0.002));
#14163=CARTESIAN_POINT('',(0.0640397135416667,-0.0370524088541666,0.002));
#14164=CARTESIAN_POINT('',(0.0647200520833333,-0.0361263020833333,0.002));
#14165=CARTESIAN_POINT('',(0.0650162760416667,-0.0349153645833333,0.002));
#14166=CARTESIAN_POINT('',(0.0623014322916667,-0.0385384114583334,0.002));
#14167=CARTESIAN_POINT('',(0.0623014322916667,-0.0385384114583334,0.));
#14168=CARTESIAN_POINT('',(0.0630067274305556,-0.0381651475694445,0.002));
#14169=CARTESIAN_POINT('',(0.0630067274305556,-0.0381651475694445,0.));
#14170=CARTESIAN_POINT('',(0.0635861545138889,-0.0376698133680555,0.002));
#14171=CARTESIAN_POINT('',(0.0635861545138889,-0.0376698133680555,0.));
#14172=CARTESIAN_POINT('',(0.0640397135416667,-0.0370524088541666,0.002));
#14173=CARTESIAN_POINT('',(0.0640397135416667,-0.0370524088541666,0.));
#14174=CARTESIAN_POINT('',(0.0623014322916667,-0.0385384114583334,0.002));
#14175=CARTESIAN_POINT('',(0.063359375,-0.037978515625,0.002));
#14176=CARTESIAN_POINT('',(0.0640397135416667,-0.0370524088541666,0.002));
#14177=CARTESIAN_POINT('',(0.0594664284964563,-0.0340601398405879,0.002));
#14178=CARTESIAN_POINT('',(0.0594664284964563,-0.0340601398405879,0.));
#14179=CARTESIAN_POINT('',(0.0594664284964563,-0.0340601398405879,0.002));
#14180=CARTESIAN_POINT('',(0.0819553107333139,-0.0474064344650402,0.002));
#14181=CARTESIAN_POINT('',(0.0912141927083333,-0.0387809244791667,0.002));
#14182=CARTESIAN_POINT('',(0.0912141927083333,-0.0325260416666667,0.002));
#14183=CARTESIAN_POINT('',(0.0912141840111462,-0.0325260416645478,0.002));
#14184=CARTESIAN_POINT('',(0.0912141927083333,-0.0387809244791667,0.002));
#14185=CARTESIAN_POINT('',(0.0912141927083333,-0.038974609375,0.002));
#14186=CARTESIAN_POINT('',(0.0912141927083333,-0.038974609375,0.002));
#14187=CARTESIAN_POINT('',(0.143298317516489,-0.0325387305931315,0.002));
#14188=CARTESIAN_POINT('',(0.0912239583333333,-0.0315283203125,0.002));
#14189=CARTESIAN_POINT('',(0.0912239721347246,-0.0315283205763295,0.002));
#14190=CARTESIAN_POINT('',(0.143298317516489,-0.0325387305931315,0.002));
#14191=CARTESIAN_POINT('',(0.0974754267517893,-0.0316454050584671,0.002));
#14192=CARTESIAN_POINT('',(0.0913248697916666,-0.0305208333333334,0.002));
#14193=CARTESIAN_POINT('',(0.0913248987379107,-0.0305208385799294,0.002));
#14194=CARTESIAN_POINT('',(0.0974754267517893,-0.0316454050584671,0.002));
#14195=CARTESIAN_POINT('',(0.0954603184835024,-0.031272354087906,0.002));
#14196=CARTESIAN_POINT('',(0.0916194661458333,-0.0295654296875,0.002));
#14197=CARTESIAN_POINT('',(0.0916195668798861,-0.0295654738345089,0.002));
#14198=CARTESIAN_POINT('',(0.0954603184835024,-0.031272354087906,0.002));
#14199=CARTESIAN_POINT('',(0.0940377884075467,-0.0306285330287759,0.002));
#14200=CARTESIAN_POINT('',(0.09216796875,-0.0287630208333334,0.002));
#14201=CARTESIAN_POINT('',(0.0921679884500941,-0.0287630401158764,0.002));
#14202=CARTESIAN_POINT('',(0.0940377884075467,-0.0306285330287759,0.002));
#14203=CARTESIAN_POINT('',(0.0973958204092957,-0.0339579190607028,0.002));
#14204=CARTESIAN_POINT('',(0.0927799479166666,-0.028212890625,0.002));
#14205=CARTESIAN_POINT('',(0.0927798951865622,-0.0282128252865545,0.002));
#14206=CARTESIAN_POINT('',(0.0973958204092957,-0.0339579190607028,0.002));
#14207=CARTESIAN_POINT('',(0.0960177446992863,-0.03226605411503,0.002));
#14208=CARTESIAN_POINT('',(0.0934212239583333,-0.0277750651041667,0.002));
#14209=CARTESIAN_POINT('',(0.0934212014033636,-0.0277750259949578,0.002));
#14210=CARTESIAN_POINT('',(0.0960177446992863,-0.03226605411503,0.002));
#14211=CARTESIAN_POINT('',(0.0947447786928144,-0.0300726526952147,0.002));
#14212=CARTESIAN_POINT('',(0.0941422526041666,-0.027490234375,0.002));
#14213=CARTESIAN_POINT('',(0.0941422526041666,-0.027490234375,0.002));
#14214=CARTESIAN_POINT('',(0.0947447786928144,-0.0300726526952147,0.002));
#14215=CARTESIAN_POINT('',(0.0950162760416666,-0.0273990885416667,0.002));
#14216=CARTESIAN_POINT('',(0.0950162760416666,-0.0273990885416667,0.));
#14217=CARTESIAN_POINT('',(0.0946907552083333,-0.0273990885416667,0.002));
#14218=CARTESIAN_POINT('',(0.0946907552083333,-0.0273990885416667,0.));
#14219=CARTESIAN_POINT('',(0.0943994140625,-0.0274294704861111,0.002));
#14220=CARTESIAN_POINT('',(0.0943994140625,-0.0274294704861111,0.));
#14221=CARTESIAN_POINT('',(0.0941422526041666,-0.027490234375,0.002));
#14222=CARTESIAN_POINT('',(0.0941422526041666,-0.027490234375,0.));
#14223=CARTESIAN_POINT('',(0.0950162760416666,-0.0273990885416667,0.002));
#14224=CARTESIAN_POINT('',(0.0950162760416666,-0.0273990885416667,0.002));
#14225=CARTESIAN_POINT('',(0.0950162760416666,-0.0273990885416667,0.002));
#14226=CARTESIAN_POINT('',(0.0945279947916666,-0.0273990885416667,0.002));
#14227=CARTESIAN_POINT('',(0.0941422526041666,-0.027490234375,0.002));
#14228=CARTESIAN_POINT('',(0.0950050616453304,-0.0311898286418624,0.002));
#14229=CARTESIAN_POINT('',(0.0959228515625,-0.0275113932291667,0.002));
#14230=CARTESIAN_POINT('',(0.0959228281586228,-0.0275114859618621,0.002));
#14231=CARTESIAN_POINT('',(0.0950050616453304,-0.0311898286418624,0.002));
#14232=CARTESIAN_POINT('',(0.0946141968820879,-0.0328271121973634,0.002));
#14233=CARTESIAN_POINT('',(0.0968180338541666,-0.0278157552083334,0.002));
#14234=CARTESIAN_POINT('',(0.0968179783765348,-0.0278158826506812,0.002));
#14235=CARTESIAN_POINT('',(0.0946141968820879,-0.0328271121973634,0.002));
#14236=CARTESIAN_POINT('',(0.0941756463019997,-0.0339077980805362,0.002));
#14237=CARTESIAN_POINT('',(0.0976220703125,-0.028232421875,0.002));
#14238=CARTESIAN_POINT('',(0.0976219498203021,-0.0282326264885099,0.002));
#14239=CARTESIAN_POINT('',(0.0941756463019997,-0.0339077980805362,0.002));
#14240=CARTESIAN_POINT('',(0.0955799914704778,-0.0316603228534851,0.002));
#14241=CARTESIAN_POINT('',(0.0982326280919715,-0.0286807165337065,0.002));
#14242=CARTESIAN_POINT('',(0.0982326280840075,-0.0286807165362745,0.002));
#14243=CARTESIAN_POINT('',(0.0955799914704778,-0.0316603228534851,0.002));
#14244=CARTESIAN_POINT('',(0.0983642578125,-0.0280908203125,0.002));
#14245=CARTESIAN_POINT('',(0.09849609375,-0.0275,0.002));
#14246=CARTESIAN_POINT('',(0.09849609375,-0.0275,0.002));
#14247=CARTESIAN_POINT('',(0.0983642578125,-0.0280908203125,0.002));
#14248=CARTESIAN_POINT('',(0.0996044921875,-0.0275,0.002));
#14249=CARTESIAN_POINT('',(0.100712890625,-0.0275,0.002));
#14250=CARTESIAN_POINT('',(0.100712890625,-0.0275,0.002));
#14251=CARTESIAN_POINT('',(0.0996044921875,-0.0275,0.002));
#14252=CARTESIAN_POINT('',(0.100712890625,-0.0332373046875,0.002));
#14253=CARTESIAN_POINT('',(0.100712890625,-0.038974609375,0.002));
#14254=CARTESIAN_POINT('',(0.100712890625,-0.038974609375,0.002));
#14255=CARTESIAN_POINT('',(0.100712890625,-0.0332373046875,0.002));
#14256=CARTESIAN_POINT('',(0.09947265625,-0.038974609375,0.002));
#14257=CARTESIAN_POINT('',(0.098232421875,-0.038974609375,0.002));
#14258=CARTESIAN_POINT('',(0.098232421875,-0.038974609375,0.002));
#14259=CARTESIAN_POINT('',(0.09947265625,-0.038974609375,0.002));
#14260=CARTESIAN_POINT('',(0.098232421875,-0.0369710286458333,0.002));
#14261=CARTESIAN_POINT('',(0.098232421875,-0.0302278645833334,0.002));
#14262=CARTESIAN_POINT('',(0.098232421875,-0.0302278645833334,0.002));
#14263=CARTESIAN_POINT('',(0.098232421875,-0.0369710286458333,0.002));
#14264=CARTESIAN_POINT('',(0.097734375,-0.0297998046875,0.002));
#14265=CARTESIAN_POINT('',(0.097734375,-0.0297998046875,0.));
#14266=CARTESIAN_POINT('',(0.0979578993055555,-0.0299224175347222,0.002));
#14267=CARTESIAN_POINT('',(0.0979578993055555,-0.0299224175347222,0.));
#14268=CARTESIAN_POINT('',(0.0981239149305555,-0.0300651041666667,0.002));
#14269=CARTESIAN_POINT('',(0.0981239149305555,-0.0300651041666667,0.));
#14270=CARTESIAN_POINT('',(0.098232421875,-0.0302278645833334,0.002));
#14271=CARTESIAN_POINT('',(0.098232421875,-0.0302278645833334,0.));
#14272=CARTESIAN_POINT('',(0.097734375,-0.0297998046875,0.002));
#14273=CARTESIAN_POINT('',(0.097734375,-0.0297998046875,0.002));
#14274=CARTESIAN_POINT('',(0.097734375,-0.0297998046875,0.002));
#14275=CARTESIAN_POINT('',(0.0980696614583333,-0.0299837239583333,0.002));
#14276=CARTESIAN_POINT('',(0.098232421875,-0.0302278645833334,0.002));
#14277=CARTESIAN_POINT('',(0.095768524655929,-0.0333994957727306,0.002));
#14278=CARTESIAN_POINT('',(0.097021484375,-0.0294938151041667,0.002));
#14279=CARTESIAN_POINT('',(0.0970214527311606,-0.0294939128616377,0.002));
#14280=CARTESIAN_POINT('',(0.095768524655929,-0.0333994957727306,0.002));
#14281=CARTESIAN_POINT('',(0.0956687721039215,-0.033625880252629,0.002));
#14282=CARTESIAN_POINT('',(0.0962776692708333,-0.0293212890625,0.002));
#14283=CARTESIAN_POINT('',(0.0962776234490277,-0.0293215772084973,0.002));
#14284=CARTESIAN_POINT('',(0.0956687721039215,-0.033625880252629,0.002));
#14285=CARTESIAN_POINT('',(0.095570331998077,-0.0338989856376573,0.002));
#14286=CARTESIAN_POINT('',(0.0957096354166666,-0.0292708333333334,0.002));
#14287=CARTESIAN_POINT('',(0.0957096354166666,-0.0292708333333334,0.002));
#14288=CARTESIAN_POINT('',(0.095570331998077,-0.0338989856376573,0.002));
#14289=CARTESIAN_POINT('',(0.0946321614583333,-0.0295556640625,0.002));
#14290=CARTESIAN_POINT('',(0.0946321614583333,-0.0295556640625,0.));
#14291=CARTESIAN_POINT('',(0.0949034288194444,-0.0293657769097222,0.002));
#14292=CARTESIAN_POINT('',(0.0949034288194444,-0.0293657769097222,0.));
#14293=CARTESIAN_POINT('',(0.0952625868055555,-0.0292708333333333,0.002));
#14294=CARTESIAN_POINT('',(0.0952625868055555,-0.0292708333333333,0.));
#14295=CARTESIAN_POINT('',(0.0957096354166666,-0.0292708333333334,0.002));
#14296=CARTESIAN_POINT('',(0.0957096354166666,-0.0292708333333334,0.));
#14297=CARTESIAN_POINT('',(0.0946321614583333,-0.0295556640625,0.002));
#14298=CARTESIAN_POINT('',(0.0946321614583333,-0.0295556640625,0.002));
#14299=CARTESIAN_POINT('',(0.0946321614583333,-0.0295556640625,0.002));
#14300=CARTESIAN_POINT('',(0.0950390625,-0.0292708333333334,0.002));
#14301=CARTESIAN_POINT('',(0.0957096354166666,-0.0292708333333334,0.002));
#14302=CARTESIAN_POINT('',(0.0956342475782685,-0.030991275580899,0.002));
#14303=CARTESIAN_POINT('',(0.0940218098958333,-0.0303076171875,0.002));
#14304=CARTESIAN_POINT('',(0.0940218098958333,-0.0303076171875,0.002));
#14305=CARTESIAN_POINT('',(0.0956342475782685,-0.030991275580899,0.002));
#14306=CARTESIAN_POINT('',(0.0937565104166666,-0.031396484375,0.002));
#14307=CARTESIAN_POINT('',(0.0937565104166666,-0.031396484375,0.));
#14308=CARTESIAN_POINT('',(0.0937977430555555,-0.0309819878472222,0.002));
#14309=CARTESIAN_POINT('',(0.0937977430555555,-0.0309819878472222,0.));
#14310=CARTESIAN_POINT('',(0.0938861762152778,-0.0306190321180556,0.002));
#14311=CARTESIAN_POINT('',(0.0938861762152778,-0.0306190321180556,0.));
#14312=CARTESIAN_POINT('',(0.0940218098958333,-0.0303076171875,0.002));
#14313=CARTESIAN_POINT('',(0.0940218098958333,-0.0303076171875,0.));
#14314=CARTESIAN_POINT('',(0.0937565104166666,-0.031396484375,0.002));
#14315=CARTESIAN_POINT('',(0.0937565104166666,-0.031396484375,0.002));
#14316=CARTESIAN_POINT('',(0.0937565104166666,-0.031396484375,0.002));
#14317=CARTESIAN_POINT('',(0.093818359375,-0.0307747395833333,0.002));
#14318=CARTESIAN_POINT('',(0.0940218098958333,-0.0303076171875,0.002));
#14319=CARTESIAN_POINT('',(0.107198660658877,-0.0326808530629264,0.002));
#14320=CARTESIAN_POINT('',(0.0936946614583333,-0.0327278645833333,0.002));
#14321=CARTESIAN_POINT('',(0.0936948354829764,-0.0327278639775007,0.00199999975));
#14322=CARTESIAN_POINT('',(0.107198660658877,-0.0326808530629264,0.002));
#14323=CARTESIAN_POINT('',(0.0936946614583333,-0.0358512369791667,0.002));
#14324=CARTESIAN_POINT('',(0.0936946614583333,-0.038974609375,0.002));
#14325=CARTESIAN_POINT('',(0.0936946614583333,-0.038974609375,0.002));
#14326=CARTESIAN_POINT('',(0.0936946614583333,-0.0358512369791667,0.002));
#14327=CARTESIAN_POINT('',(0.0924544270833333,-0.038974609375,0.002));
#14328=CARTESIAN_POINT('',(0.0924544270833333,-0.038974609375,0.002));
#14329=CARTESIAN_POINT('',(0.0819553107333139,-0.0474064344650402,0.002));
#14330=CARTESIAN_POINT('',(0.0750162760416667,-0.036494140625,0.002));
#14331=CARTESIAN_POINT('',(0.0750162760416667,-0.036494140625,0.));
#14332=CARTESIAN_POINT('',(0.0746365017361111,-0.0366026475694445,0.002));
#14333=CARTESIAN_POINT('',(0.0746365017361111,-0.0366026475694445,0.));
#14334=CARTESIAN_POINT('',(0.0741753472222222,-0.0366634114583334,0.002));
#14335=CARTESIAN_POINT('',(0.0741753472222222,-0.0366634114583334,0.));
#14336=CARTESIAN_POINT('',(0.0736328125,-0.0366764322916667,0.002));
#14337=CARTESIAN_POINT('',(0.0736328125,-0.0366764322916667,0.));
#14338=CARTESIAN_POINT('',(0.0750162760416667,-0.036494140625,0.002));
#14339=CARTESIAN_POINT('',(0.0750162760416667,-0.036494140625,0.002));
#14340=CARTESIAN_POINT('',(0.0750162760416667,-0.036494140625,0.002));
#14341=CARTESIAN_POINT('',(0.0744466145833333,-0.0366569010416667,0.002));
#14342=CARTESIAN_POINT('',(0.0736328125,-0.0366764322916667,0.002));
#14343=CARTESIAN_POINT('',(0.0736328125,-0.0366764322916667,0.002));
#14344=CARTESIAN_POINT('',(0.0736328125,-0.0366764322916667,0.002));
#14345=CARTESIAN_POINT('',(0.0750162760416667,-0.0377750651041667,0.002));
#14346=CARTESIAN_POINT('',(0.0750162760416667,-0.0390559895833333,0.002));
#14347=CARTESIAN_POINT('',(0.0750162760416667,-0.0390559895833333,0.002));
#14348=CARTESIAN_POINT('',(0.0750162760416667,-0.0377750651041667,0.002));
#14349=CARTESIAN_POINT('',(0.0735107421875,-0.038974609375,0.002));
#14350=CARTESIAN_POINT('',(0.0735107421875,-0.038974609375,0.));
#14351=CARTESIAN_POINT('',(0.0739176432291667,-0.0390288628472222,0.002));
#14352=CARTESIAN_POINT('',(0.0739176432291667,-0.0390288628472222,0.));
#14353=CARTESIAN_POINT('',(0.0744194878472222,-0.0390559895833333,0.002));
#14354=CARTESIAN_POINT('',(0.0744194878472222,-0.0390559895833333,0.));
#14355=CARTESIAN_POINT('',(0.0750162760416667,-0.0390559895833333,0.002));
#14356=CARTESIAN_POINT('',(0.0750162760416667,-0.0390559895833333,0.));
#14357=CARTESIAN_POINT('',(0.0735107421875,-0.038974609375,0.002));
#14358=CARTESIAN_POINT('',(0.0735107421875,-0.038974609375,0.002));
#14359=CARTESIAN_POINT('',(0.0735107421875,-0.038974609375,0.002));
#14360=CARTESIAN_POINT('',(0.07412109375,-0.0390559895833333,0.002));
#14361=CARTESIAN_POINT('',(0.0750162760416667,-0.0390559895833333,0.002));
#14362=CARTESIAN_POINT('',(0.0724527994791667,-0.038740234375,0.002));
#14363=CARTESIAN_POINT('',(0.0724527994791667,-0.038740234375,0.));
#14364=CARTESIAN_POINT('',(0.0727511935763889,-0.0388422309027778,0.002));
#14365=CARTESIAN_POINT('',(0.0727511935763889,-0.0388422309027778,0.));
#14366=CARTESIAN_POINT('',(0.0731038411458333,-0.0389203559027778,0.002));
#14367=CARTESIAN_POINT('',(0.0731038411458333,-0.0389203559027778,0.));
#14368=CARTESIAN_POINT('',(0.0735107421875,-0.038974609375,0.002));
#14369=CARTESIAN_POINT('',(0.0735107421875,-0.038974609375,0.));
#14370=CARTESIAN_POINT('',(0.0724527994791667,-0.038740234375,0.002));
#14371=CARTESIAN_POINT('',(0.0724527994791667,-0.038740234375,0.002));
#14372=CARTESIAN_POINT('',(0.0724527994791667,-0.038740234375,0.002));
#14373=CARTESIAN_POINT('',(0.072900390625,-0.0388932291666667,0.002));
#14374=CARTESIAN_POINT('',(0.0735107421875,-0.038974609375,0.002));
#14375=CARTESIAN_POINT('',(0.0733696825857725,-0.0359515108270216,0.002));
#14376=CARTESIAN_POINT('',(0.071669921875,-0.0383430989583333,0.002));
#14377=CARTESIAN_POINT('',(0.0716697096922943,-0.0383434001946381,0.002));
#14378=CARTESIAN_POINT('',(0.0733696825857725,-0.0359515108270216,0.002));
#14379=CARTESIAN_POINT('',(0.0749688890919597,-0.033827298163883,0.002));
#14380=CARTESIAN_POINT('',(0.0710286725102602,-0.0377961047348103,0.002));
#14381=CARTESIAN_POINT('',(0.0710286458333333,-0.0377962239583334,0.002));
#14382=CARTESIAN_POINT('',(0.0749688890919597,-0.033827298163883,0.002));
#14383=CARTESIAN_POINT('',(0.0708968098958333,-0.0383854166666667,0.002));
#14384=CARTESIAN_POINT('',(0.0707649739583333,-0.038974609375,0.002));
#14385=CARTESIAN_POINT('',(0.0707649739583333,-0.038974609375,0.002));
#14386=CARTESIAN_POINT('',(0.0708968098958333,-0.0383854166666667,0.002));
#14387=CARTESIAN_POINT('',(0.0696663411458333,-0.038974609375,0.002));
#14388=CARTESIAN_POINT('',(0.0685677083333333,-0.038974609375,0.002));
#14389=CARTESIAN_POINT('',(0.0685677083333333,-0.038974609375,0.002));
#14390=CARTESIAN_POINT('',(0.0696663411458333,-0.038974609375,0.002));
#14391=CARTESIAN_POINT('',(0.0685677083333333,-0.0332373046875,0.002));
#14392=CARTESIAN_POINT('',(0.0685677083333333,-0.0275,0.002));
#14393=CARTESIAN_POINT('',(0.0685677083333333,-0.0275,0.002));
#14394=CARTESIAN_POINT('',(0.0685677083333333,-0.0332373046875,0.002));
#14395=CARTESIAN_POINT('',(0.0697981770833333,-0.0275,0.002));
#14396=CARTESIAN_POINT('',(0.0710286458333333,-0.0275,0.002));
#14397=CARTESIAN_POINT('',(0.0710286458333333,-0.0275,0.002));
#14398=CARTESIAN_POINT('',(0.0697981770833333,-0.0275,0.002));
#14399=CARTESIAN_POINT('',(0.0710286458333333,-0.0295149739583334,0.002));
#14400=CARTESIAN_POINT('',(0.0710286458333333,-0.0359244791666666,0.002));
#14401=CARTESIAN_POINT('',(0.0710286458333333,-0.0359244791666666,0.002));
#14402=CARTESIAN_POINT('',(0.0710286458333333,-0.0295149739583334,0.002));
#14403=CARTESIAN_POINT('',(0.072177734375,-0.03650390625,0.002));
#14404=CARTESIAN_POINT('',(0.072177734375,-0.03650390625,0.));
#14405=CARTESIAN_POINT('',(0.0716959635416667,-0.0363888888888889,0.002));
#14406=CARTESIAN_POINT('',(0.0716959635416667,-0.0363888888888889,0.));
#14407=CARTESIAN_POINT('',(0.0713129340277778,-0.0361957465277778,0.002));
#14408=CARTESIAN_POINT('',(0.0713129340277778,-0.0361957465277778,0.));
#14409=CARTESIAN_POINT('',(0.0710286458333333,-0.0359244791666667,0.002));
#14410=CARTESIAN_POINT('',(0.0710286458333333,-0.0359244791666667,0.));
#14411=CARTESIAN_POINT('',(0.072177734375,-0.03650390625,0.002));
#14412=CARTESIAN_POINT('',(0.072177734375,-0.03650390625,0.002));
#14413=CARTESIAN_POINT('',(0.072177734375,-0.03650390625,0.002));
#14414=CARTESIAN_POINT('',(0.071455078125,-0.0363313802083333,0.002));
#14415=CARTESIAN_POINT('',(0.0710286458333333,-0.0359244791666667,0.002));
#14416=CARTESIAN_POINT('',(0.0736363311607108,-0.0304320987426006,0.002));
#14417=CARTESIAN_POINT('',(0.0736363311607108,-0.0304320987426006,0.002));
#14418=CARTESIAN_POINT('',(0.0819553107333139,-0.0474064344650402,0.002));
#14419=CARTESIAN_POINT('',(0.0820854793539506,-0.0580301916974064,0.002));
#14420=CARTESIAN_POINT('',(0.0820854793539506,-0.0580301916974064,0.));
#14421=CARTESIAN_POINT('',(0.0820963541747446,-0.0360872232839417,0.));
#14422=CARTESIAN_POINT('',(0.0830126894476733,-0.0361069302523727,0.));
#14423=CARTESIAN_POINT('',(0.0820963541666667,-0.0360872395833333,0.002));
#14424=CARTESIAN_POINT('',(0.0820963541747446,-0.0360872232839399,0.00199999975000003));
#14425=CARTESIAN_POINT('',(0.0820854793539506,-0.0580301916974064,0.002));
#14426=CARTESIAN_POINT('',(0.0830126894848953,-0.0361069302536958,0.00199999975));
#14427=CARTESIAN_POINT('',(0.0830126953125,-0.0361067708333334,0.002));
#14428=CARTESIAN_POINT('',(0.0812418619791667,-0.0360872395833333,0.002));
#14429=CARTESIAN_POINT('',(0.0812418619791667,-0.0360872395833333,0.));
#14430=CARTESIAN_POINT('',(0.0802864583333333,-0.0360872395833333,0.));
#14431=CARTESIAN_POINT('',(0.0802864583333333,-0.0360872395833333,0.002));
#14432=CARTESIAN_POINT('',(0.0802864583333333,-0.0360872395833333,0.002));
#14433=CARTESIAN_POINT('',(0.0812418619791667,-0.0360872395833333,0.002));
#14434=CARTESIAN_POINT('',(0.0802864583333333,-0.0383658854166666,0.002));
#14435=CARTESIAN_POINT('',(0.0802864583333333,-0.0383658854166666,0.));
#14436=CARTESIAN_POINT('',(0.0802864583333333,-0.04064453125,0.));
#14437=CARTESIAN_POINT('',(0.0802864583333333,-0.04064453125,0.002));
#14438=CARTESIAN_POINT('',(0.0802864583333333,-0.04064453125,0.002));
#14439=CARTESIAN_POINT('',(0.0802864583333333,-0.0383658854166666,0.002));
#14440=CARTESIAN_POINT('',(0.0811002604166667,-0.04064453125,0.002));
#14441=CARTESIAN_POINT('',(0.0811002604166667,-0.04064453125,0.));
#14442=CARTESIAN_POINT('',(0.0819140625,-0.04064453125,0.));
#14443=CARTESIAN_POINT('',(0.0819140625,-0.04064453125,0.002));
#14444=CARTESIAN_POINT('',(0.0819140625,-0.04064453125,0.002));
#14445=CARTESIAN_POINT('',(0.0811002604166667,-0.04064453125,0.002));
#14446=CARTESIAN_POINT('',(0.0834212239583333,-0.0404410807291666,0.002));
#14447=CARTESIAN_POINT('',(0.0834212239583333,-0.0404410807291666,0.));
#14448=CARTESIAN_POINT('',(0.0830414496527778,-0.0405767144097222,0.002));
#14449=CARTESIAN_POINT('',(0.0830414496527778,-0.0405767144097222,0.));
#14450=CARTESIAN_POINT('',(0.0825390625,-0.04064453125,0.002));
#14451=CARTESIAN_POINT('',(0.0825390625,-0.04064453125,0.));
#14452=CARTESIAN_POINT('',(0.0819140625,-0.04064453125,0.002));
#14453=CARTESIAN_POINT('',(0.0819140625,-0.04064453125,0.));
#14454=CARTESIAN_POINT('',(0.0834212239583333,-0.0404410807291666,0.));
#14455=CARTESIAN_POINT('',(0.0828515625,-0.04064453125,0.));
#14456=CARTESIAN_POINT('',(0.0819140625,-0.04064453125,0.));
#14457=CARTESIAN_POINT('',(0.0834212239583333,-0.0404410807291666,0.));
#14458=CARTESIAN_POINT('',(0.0834212239583333,-0.0404410807291666,0.002));
#14459=CARTESIAN_POINT('',(0.0834212239583333,-0.0404410807291666,0.002));
#14460=CARTESIAN_POINT('',(0.0834212239583333,-0.0404410807291666,0.002));
#14461=CARTESIAN_POINT('',(0.0828515625,-0.04064453125,0.002));
#14462=CARTESIAN_POINT('',(0.0819140625,-0.04064453125,0.002));
#14463=CARTESIAN_POINT('',(0.0842952473958333,-0.039912109375,0.002));
#14464=CARTESIAN_POINT('',(0.0842952473958333,-0.039912109375,0.));
#14465=CARTESIAN_POINT('',(0.0840923394097222,-0.0401291232638889,0.002));
#14466=CARTESIAN_POINT('',(0.0840923394097222,-0.0401291232638889,0.));
#14467=CARTESIAN_POINT('',(0.0838009982638889,-0.0403054470486111,0.002));
#14468=CARTESIAN_POINT('',(0.0838009982638889,-0.0403054470486111,0.));
#14469=CARTESIAN_POINT('',(0.0834212239583333,-0.0404410807291666,0.002));
#14470=CARTESIAN_POINT('',(0.0834212239583333,-0.0404410807291666,0.));
#14471=CARTESIAN_POINT('',(0.0842952473958333,-0.039912109375,0.));
#14472=CARTESIAN_POINT('',(0.0839908854166667,-0.0402376302083333,0.));
#14473=CARTESIAN_POINT('',(0.0834212239583333,-0.0404410807291666,0.));
#14474=CARTESIAN_POINT('',(0.0842952473958333,-0.039912109375,0.));
#14475=CARTESIAN_POINT('',(0.0842952473958333,-0.039912109375,0.002));
#14476=CARTESIAN_POINT('',(0.0842952473958333,-0.039912109375,0.002));
#14477=CARTESIAN_POINT('',(0.0842952473958333,-0.039912109375,0.002));
#14478=CARTESIAN_POINT('',(0.0839908854166667,-0.0402376302083333,0.002));
#14479=CARTESIAN_POINT('',(0.0834212239583333,-0.0404410807291666,0.002));
#14480=CARTESIAN_POINT('',(0.0831038703813357,-0.0387618420482164,0.002));
#14481=CARTESIAN_POINT('',(0.0831038703813357,-0.0387618420482164,0.));
#14482=CARTESIAN_POINT('',(0.0847022413908512,-0.0391894781318434,0.));
#14483=CARTESIAN_POINT('',(0.0847021484375,-0.039189453125,0.002));
#14484=CARTESIAN_POINT('',(0.0847022413908512,-0.0391894781318434,0.002));
#14485=CARTESIAN_POINT('',(0.0831038703813357,-0.0387618420482164,0.002));
#14486=CARTESIAN_POINT('',(0.0817446496762753,-0.0384000134318536,0.002));
#14487=CARTESIAN_POINT('',(0.0817446496762753,-0.0384000134318536,0.));
#14488=CARTESIAN_POINT('',(0.0848046875,-0.0384244791666667,0.));
#14489=CARTESIAN_POINT('',(0.0848046875,-0.0384244791666667,0.002));
#14490=CARTESIAN_POINT('',(0.0848046875,-0.0384244791666667,0.002));
#14491=CARTESIAN_POINT('',(0.0817446496762753,-0.0384000134318536,0.002));
#14492=CARTESIAN_POINT('',(0.0845491536458333,-0.037021484375,0.002));
#14493=CARTESIAN_POINT('',(0.0845491536458333,-0.037021484375,0.));
#14494=CARTESIAN_POINT('',(0.0847195095486111,-0.0373470052083333,0.002));
#14495=CARTESIAN_POINT('',(0.0847195095486111,-0.0373470052083333,0.));
#14496=CARTESIAN_POINT('',(0.0848046875,-0.0378146701388889,0.002));
#14497=CARTESIAN_POINT('',(0.0848046875,-0.0378146701388889,0.));
#14498=CARTESIAN_POINT('',(0.0848046875,-0.0384244791666667,0.002));
#14499=CARTESIAN_POINT('',(0.0848046875,-0.0384244791666667,0.));
#14500=CARTESIAN_POINT('',(0.0845491536458333,-0.037021484375,0.));
#14501=CARTESIAN_POINT('',(0.0848046875,-0.037509765625,0.));
#14502=CARTESIAN_POINT('',(0.0848046875,-0.0384244791666667,0.));
#14503=CARTESIAN_POINT('',(0.0845491536458333,-0.037021484375,0.));
#14504=CARTESIAN_POINT('',(0.0845491536458333,-0.037021484375,0.002));
#14505=CARTESIAN_POINT('',(0.0845491536458333,-0.037021484375,0.002));
#14506=CARTESIAN_POINT('',(0.0845491536458333,-0.037021484375,0.002));
#14507=CARTESIAN_POINT('',(0.0848046875,-0.037509765625,0.002));
#14508=CARTESIAN_POINT('',(0.0848046875,-0.0384244791666667,0.002));
#14509=CARTESIAN_POINT('',(0.08388671875,-0.0363297526041667,0.002));
#14510=CARTESIAN_POINT('',(0.08388671875,-0.0363297526041667,0.));
#14511=CARTESIAN_POINT('',(0.0841579861111111,-0.0364653862847222,0.002));
#14512=CARTESIAN_POINT('',(0.0841579861111111,-0.0364653862847222,0.));
#14513=CARTESIAN_POINT('',(0.0843787977430556,-0.0366959635416667,0.002));
#14514=CARTESIAN_POINT('',(0.0843787977430556,-0.0366959635416667,0.));
#14515=CARTESIAN_POINT('',(0.0845491536458333,-0.037021484375,0.002));
#14516=CARTESIAN_POINT('',(0.0845491536458333,-0.037021484375,0.));
#14517=CARTESIAN_POINT('',(0.08388671875,-0.0363297526041667,0.));
#14518=CARTESIAN_POINT('',(0.0842936197916667,-0.036533203125,0.));
#14519=CARTESIAN_POINT('',(0.0845491536458333,-0.037021484375,0.));
#14520=CARTESIAN_POINT('',(0.08388671875,-0.0363297526041667,0.));
#14521=CARTESIAN_POINT('',(0.08388671875,-0.0363297526041667,0.002));
#14522=CARTESIAN_POINT('',(0.08388671875,-0.0363297526041667,0.002));
#14523=CARTESIAN_POINT('',(0.08388671875,-0.0363297526041667,0.002));
#14524=CARTESIAN_POINT('',(0.0842936197916667,-0.036533203125,0.002));
#14525=CARTESIAN_POINT('',(0.0845491536458333,-0.037021484375,0.002));
#14526=CARTESIAN_POINT('',(0.08333984375,-0.0292903645833333,0.002));
#14527=CARTESIAN_POINT('',(0.08333984375,-0.0292903645833333,0.));
#14528=CARTESIAN_POINT('',(0.0840581597222222,-0.0292903645833333,0.002));
#14529=CARTESIAN_POINT('',(0.0840581597222222,-0.0292903645833333,0.));
#14530=CARTESIAN_POINT('',(0.0846207682291666,-0.0295209418402778,0.002));
#14531=CARTESIAN_POINT('',(0.0846207682291666,-0.0295209418402778,0.));
#14532=CARTESIAN_POINT('',(0.0850276692708333,-0.0299820963541667,0.002));
#14533=CARTESIAN_POINT('',(0.0850276692708333,-0.0299820963541667,0.));
#14534=CARTESIAN_POINT('',(0.08333984375,-0.0292903645833333,0.));
#14535=CARTESIAN_POINT('',(0.0844173177083333,-0.0292903645833333,0.));
#14536=CARTESIAN_POINT('',(0.0850276692708333,-0.0299820963541667,0.));
#14537=CARTESIAN_POINT('',(0.08333984375,-0.0292903645833333,0.));
#14538=CARTESIAN_POINT('',(0.0850276692708333,-0.0299820963541667,0.));
#14539=CARTESIAN_POINT('',(0.08333984375,-0.0292903645833333,0.002));
#14540=CARTESIAN_POINT('',(0.08333984375,-0.0292903645833333,0.002));
#14541=CARTESIAN_POINT('',(0.08333984375,-0.0292903645833333,0.002));
#14542=CARTESIAN_POINT('',(0.0844173177083333,-0.0292903645833333,0.002));
#14543=CARTESIAN_POINT('',(0.0850276692708333,-0.0299820963541667,0.002));
#14544=CARTESIAN_POINT('',(0.0850276692708333,-0.0299820963541667,0.002));
#14545=CARTESIAN_POINT('',(0.0850276692708333,-0.0299820963541667,0.002));
#14546=CARTESIAN_POINT('',(0.0818131510416666,-0.0292903645833333,0.002));
#14547=CARTESIAN_POINT('',(0.0818131510416666,-0.0292903645833333,0.));
#14548=CARTESIAN_POINT('',(0.0802864583333333,-0.0292903645833333,0.));
#14549=CARTESIAN_POINT('',(0.0802864583333333,-0.0292903645833333,0.002));
#14550=CARTESIAN_POINT('',(0.0802864583333333,-0.0292903645833333,0.002));
#14551=CARTESIAN_POINT('',(0.0818131510416666,-0.0292903645833333,0.002));
#14552=CARTESIAN_POINT('',(0.0802864583333333,-0.0318636067708334,0.002));
#14553=CARTESIAN_POINT('',(0.0802864583333333,-0.0318636067708334,0.));
#14554=CARTESIAN_POINT('',(0.0802864583333333,-0.0344368489583333,0.));
#14555=CARTESIAN_POINT('',(0.0802864583333333,-0.0344368489583333,0.002));
#14556=CARTESIAN_POINT('',(0.0802864583333333,-0.0344368489583333,0.002));
#14557=CARTESIAN_POINT('',(0.0802864583333333,-0.0318636067708334,0.002));
#14558=CARTESIAN_POINT('',(0.0817203776041666,-0.0344368489583333,0.002));
#14559=CARTESIAN_POINT('',(0.0817203776041666,-0.0344368489583333,0.));
#14560=CARTESIAN_POINT('',(0.083154296875,-0.0344368489583333,0.));
#14561=CARTESIAN_POINT('',(0.083154296875,-0.0344368489583333,0.002));
#14562=CARTESIAN_POINT('',(0.083154296875,-0.0344368489583333,0.002));
#14563=CARTESIAN_POINT('',(0.0817203776041666,-0.0344368489583333,0.002));
#14564=CARTESIAN_POINT('',(0.0850065104166666,-0.0336848958333334,0.002));
#14565=CARTESIAN_POINT('',(0.0850065104166666,-0.0336848958333334,0.));
#14566=CARTESIAN_POINT('',(0.0845855034722222,-0.0341861979166667,0.002));
#14567=CARTESIAN_POINT('',(0.0845855034722222,-0.0341861979166667,0.));
#14568=CARTESIAN_POINT('',(0.0839680989583333,-0.0344368489583333,0.002));
#14569=CARTESIAN_POINT('',(0.0839680989583333,-0.0344368489583333,0.));
#14570=CARTESIAN_POINT('',(0.083154296875,-0.0344368489583333,0.002));
#14571=CARTESIAN_POINT('',(0.083154296875,-0.0344368489583333,0.));
#14572=CARTESIAN_POINT('',(0.0850065104166666,-0.0336848958333334,0.));
#14573=CARTESIAN_POINT('',(0.084375,-0.0344368489583333,0.));
#14574=CARTESIAN_POINT('',(0.083154296875,-0.0344368489583333,0.));
#14575=CARTESIAN_POINT('',(0.0850065104166666,-0.0336848958333334,0.));
#14576=CARTESIAN_POINT('',(0.0850065104166666,-0.0336848958333334,0.002));
#14577=CARTESIAN_POINT('',(0.0850065104166666,-0.0336848958333334,0.002));
#14578=CARTESIAN_POINT('',(0.0850065104166666,-0.0336848958333334,0.002));
#14579=CARTESIAN_POINT('',(0.084375,-0.0344368489583333,0.002));
#14580=CARTESIAN_POINT('',(0.083154296875,-0.0344368489583333,0.002));
#14581=CARTESIAN_POINT('',(0.0856380208333333,-0.0318326822916667,0.002));
#14582=CARTESIAN_POINT('',(0.0856380208333333,-0.0318326822916667,0.));
#14583=CARTESIAN_POINT('',(0.0856380208333333,-0.0325661892361111,0.002));
#14584=CARTESIAN_POINT('',(0.0856380208333333,-0.0325661892361111,0.));
#14585=CARTESIAN_POINT('',(0.0854275173611111,-0.03318359375,0.002));
#14586=CARTESIAN_POINT('',(0.0854275173611111,-0.03318359375,0.));
#14587=CARTESIAN_POINT('',(0.0850065104166666,-0.0336848958333334,0.002));
#14588=CARTESIAN_POINT('',(0.0850065104166666,-0.0336848958333334,0.));
#14589=CARTESIAN_POINT('',(0.0856380208333333,-0.0318326822916667,0.));
#14590=CARTESIAN_POINT('',(0.0856380208333333,-0.0329329427083334,0.));
#14591=CARTESIAN_POINT('',(0.0850065104166666,-0.0336848958333334,0.));
#14592=CARTESIAN_POINT('',(0.0856380208333333,-0.0318326822916667,0.));
#14593=CARTESIAN_POINT('',(0.0856380208333333,-0.0318326822916667,0.002));
#14594=CARTESIAN_POINT('',(0.0856380208333333,-0.0318326822916667,0.002));
#14595=CARTESIAN_POINT('',(0.0856380208333333,-0.0318326822916667,0.002));
#14596=CARTESIAN_POINT('',(0.0856380208333333,-0.0329329427083334,0.002));
#14597=CARTESIAN_POINT('',(0.0850065104166666,-0.0336848958333334,0.002));
#14598=CARTESIAN_POINT('',(0.0849251302083333,-0.0353938802083333,0.002));
#14599=CARTESIAN_POINT('',(0.0849251302083333,-0.0353938802083333,0.));
#14600=CARTESIAN_POINT('',(0.0852376302083333,-0.0353526475694445,0.002));
#14601=CARTESIAN_POINT('',(0.0852376302083333,-0.0353526475694445,0.));
#14602=CARTESIAN_POINT('',(0.0855702039930555,-0.0352506510416667,0.002));
#14603=CARTESIAN_POINT('',(0.0855702039930555,-0.0352506510416667,0.));
#14604=CARTESIAN_POINT('',(0.0859228515625,-0.035087890625,0.002));
#14605=CARTESIAN_POINT('',(0.0859228515625,-0.035087890625,0.));
#14606=CARTESIAN_POINT('',(0.0849251302083333,-0.0353938802083333,0.002));
#14607=CARTESIAN_POINT('',(0.0849251302083333,-0.0353938802083333,0.002));
#14608=CARTESIAN_POINT('',(0.0849251302083333,-0.0353938802083333,0.002));
#14609=CARTESIAN_POINT('',(0.0853938802083333,-0.03533203125,0.002));
#14610=CARTESIAN_POINT('',(0.0859228515625,-0.035087890625,0.002));
#14611=CARTESIAN_POINT('',(0.0859228515625,-0.035087890625,0.002));
#14612=CARTESIAN_POINT('',(0.0859228515625,-0.035087890625,0.002));
#14613=CARTESIAN_POINT('',(0.0856884765625,-0.0357291666666667,0.002));
#14614=CARTESIAN_POINT('',(0.0856884765625,-0.0357291666666667,0.));
#14615=CARTESIAN_POINT('',(0.0854248046875,-0.0355598958333334,0.002));
#14616=CARTESIAN_POINT('',(0.0854248046875,-0.0355598958333334,0.));
#14617=CARTESIAN_POINT('',(0.0851703559027778,-0.0354481336805556,0.002));
#14618=CARTESIAN_POINT('',(0.0851703559027778,-0.0354481336805556,0.));
#14619=CARTESIAN_POINT('',(0.0849251302083333,-0.0353938802083333,0.002));
#14620=CARTESIAN_POINT('',(0.0849251302083333,-0.0353938802083333,0.));
#14621=CARTESIAN_POINT('',(0.0856884765625,-0.0357291666666667,0.002));
#14622=CARTESIAN_POINT('',(0.0856884765625,-0.0357291666666667,0.002));
#14623=CARTESIAN_POINT('',(0.0856884765625,-0.0357291666666667,0.002));
#14624=CARTESIAN_POINT('',(0.08529296875,-0.0354752604166667,0.002));
#14625=CARTESIAN_POINT('',(0.0849251302083333,-0.0353938802083333,0.002));
#14626=CARTESIAN_POINT('',(0.0841339307898359,-0.0381310100380416,0.002));
#14627=CARTESIAN_POINT('',(0.0863899739583333,-0.0363704427083333,0.002));
#14628=CARTESIAN_POINT('',(0.0863901383084517,-0.036370316712497,0.002));
#14629=CARTESIAN_POINT('',(0.0841339307898359,-0.0381310100380416,0.002));
#14630=CARTESIAN_POINT('',(0.0835963122812505,-0.038530441170143,0.002));
#14631=CARTESIAN_POINT('',(0.0868994140625,-0.0372770182291667,0.002));
#14632=CARTESIAN_POINT('',(0.0868994140625,-0.0372770182291667,0.002));
#14633=CARTESIAN_POINT('',(0.0835963122812505,-0.038530441170143,0.002));
#14634=CARTESIAN_POINT('',(0.0871028645833333,-0.0384244791666667,0.002));
#14635=CARTESIAN_POINT('',(0.0871028645833333,-0.0384244791666667,0.));
#14636=CARTESIAN_POINT('',(0.0871028645833333,-0.0380056423611111,0.002));
#14637=CARTESIAN_POINT('',(0.0871028645833333,-0.0380056423611111,0.));
#14638=CARTESIAN_POINT('',(0.0870350477430555,-0.0376231553819445,0.002));
#14639=CARTESIAN_POINT('',(0.0870350477430555,-0.0376231553819445,0.));
#14640=CARTESIAN_POINT('',(0.0868994140625,-0.0372770182291667,0.002));
#14641=CARTESIAN_POINT('',(0.0868994140625,-0.0372770182291667,0.));
#14642=CARTESIAN_POINT('',(0.0871028645833333,-0.0384244791666667,0.002));
#14643=CARTESIAN_POINT('',(0.0871028645833333,-0.0384244791666667,0.002));
#14644=CARTESIAN_POINT('',(0.0871028645833333,-0.0384244791666667,0.002));
#14645=CARTESIAN_POINT('',(0.0871028645833333,-0.0377962239583334,0.002));
#14646=CARTESIAN_POINT('',(0.0868994140625,-0.0372770182291667,0.002));
#14647=CARTESIAN_POINT('',(0.0866959635416666,-0.0402880859375,0.002));
#14648=CARTESIAN_POINT('',(0.0866959635416666,-0.0402880859375,0.));
#14649=CARTESIAN_POINT('',(0.0869672309027777,-0.0397661675347222,0.002));
#14650=CARTESIAN_POINT('',(0.0869672309027777,-0.0397661675347222,0.));
#14651=CARTESIAN_POINT('',(0.0871028645833333,-0.0391449652777778,0.002));
#14652=CARTESIAN_POINT('',(0.0871028645833333,-0.0391449652777778,0.));
#14653=CARTESIAN_POINT('',(0.0871028645833333,-0.0384244791666667,0.002));
#14654=CARTESIAN_POINT('',(0.0871028645833333,-0.0384244791666667,0.));
#14655=CARTESIAN_POINT('',(0.0866959635416666,-0.0402880859375,0.002));
#14656=CARTESIAN_POINT('',(0.0866959635416666,-0.0402880859375,0.002));
#14657=CARTESIAN_POINT('',(0.0866959635416666,-0.0402880859375,0.002));
#14658=CARTESIAN_POINT('',(0.0871028645833333,-0.0395052083333333,0.002));
#14659=CARTESIAN_POINT('',(0.0871028645833333,-0.0384244791666667,0.002));
#14660=CARTESIAN_POINT('',(0.0835688565478507,-0.0386998465691061,0.002));
#14661=CARTESIAN_POINT('',(0.0855973307291666,-0.0415592447916667,0.002));
#14662=CARTESIAN_POINT('',(0.0855973307291666,-0.0415592447916667,0.002));
#14663=CARTESIAN_POINT('',(0.0835688565478507,-0.0386998465691061,0.002));
#14664=CARTESIAN_POINT('',(0.0840104166666666,-0.0422705078125,0.002));
#14665=CARTESIAN_POINT('',(0.0840104166666666,-0.0422705078125,0.));
#14666=CARTESIAN_POINT('',(0.0846072048611111,-0.0421218532986111,0.002));
#14667=CARTESIAN_POINT('',(0.0846072048611111,-0.0421218532986111,0.));
#14668=CARTESIAN_POINT('',(0.0851361762152777,-0.041884765625,0.002));
#14669=CARTESIAN_POINT('',(0.0851361762152777,-0.041884765625,0.));
#14670=CARTESIAN_POINT('',(0.0855973307291666,-0.0415592447916667,0.002));
#14671=CARTESIAN_POINT('',(0.0855973307291666,-0.0415592447916667,0.));
#14672=CARTESIAN_POINT('',(0.0840104166666666,-0.0422705078125,0.002));
#14673=CARTESIAN_POINT('',(0.0840104166666666,-0.0422705078125,0.002));
#14674=CARTESIAN_POINT('',(0.0840104166666666,-0.0422705078125,0.002));
#14675=CARTESIAN_POINT('',(0.0849055989583333,-0.0420475260416667,0.002));
#14676=CARTESIAN_POINT('',(0.0855973307291666,-0.0415592447916667,0.002));
#14677=CARTESIAN_POINT('',(0.0821816319296393,-0.0348591933600034,0.002));
#14678=CARTESIAN_POINT('',(0.082158203125,-0.0424934895833333,0.002));
#14679=CARTESIAN_POINT('',(0.0821582037268725,-0.0424932934626427,0.00199999975));
#14680=CARTESIAN_POINT('',(0.0821816319296393,-0.0348591933600034,0.002));
#14681=CARTESIAN_POINT('',(0.0800016276041667,-0.0424934895833333,0.002));
#14682=CARTESIAN_POINT('',(0.0778450520833333,-0.0424934895833333,0.002));
#14683=CARTESIAN_POINT('',(0.0778450520833333,-0.0424934895833333,0.002));
#14684=CARTESIAN_POINT('',(0.0800016276041667,-0.0424934895833333,0.002));
#14685=CARTESIAN_POINT('',(0.0778450520833333,-0.0349967447916667,0.002));
#14686=CARTESIAN_POINT('',(0.0778450520833333,-0.0275,0.002));
#14687=CARTESIAN_POINT('',(0.0778450520833333,-0.0275,0.002));
#14688=CARTESIAN_POINT('',(0.0778450520833333,-0.0349967447916667,0.002));
#14689=CARTESIAN_POINT('',(0.0806624348958333,-0.0275,0.002));
#14690=CARTESIAN_POINT('',(0.0834798177083333,-0.0275,0.002));
#14691=CARTESIAN_POINT('',(0.0834798313922751,-0.027499611903228,0.002));
#14692=CARTESIAN_POINT('',(0.0806624348958333,-0.0275,0.002));
#14693=CARTESIAN_POINT('',(0.0831575579384301,-0.0366397623843052,0.002));
#14694=CARTESIAN_POINT('',(0.0839892578125,-0.0275309244791667,0.002));
#14695=CARTESIAN_POINT('',(0.0839892578125,-0.0275309244791667,0.002));
#14696=CARTESIAN_POINT('',(0.0831575579384301,-0.0366397623843052,0.002));
#14697=CARTESIAN_POINT('',(0.0848746744791667,-0.0277034505208333,0.002));
#14698=CARTESIAN_POINT('',(0.0848746744791667,-0.0277034505208333,0.));
#14699=CARTESIAN_POINT('',(0.0845415581597222,-0.0276090494791667,0.002));
#14700=CARTESIAN_POINT('',(0.0845415581597222,-0.0276090494791667,0.));
#14701=CARTESIAN_POINT('',(0.0842464192708333,-0.0275515407986111,0.002));
#14702=CARTESIAN_POINT('',(0.0842464192708333,-0.0275515407986111,0.));
#14703=CARTESIAN_POINT('',(0.0839892578125,-0.0275309244791667,0.002));
#14704=CARTESIAN_POINT('',(0.0839892578125,-0.0275309244791667,0.));
#14705=CARTESIAN_POINT('',(0.0848746744791667,-0.0277034505208333,0.002));
#14706=CARTESIAN_POINT('',(0.0848746744791667,-0.0277034505208333,0.002));
#14707=CARTESIAN_POINT('',(0.0848746744791667,-0.0277034505208333,0.002));
#14708=CARTESIAN_POINT('',(0.084375,-0.0275618489583334,0.002));
#14709=CARTESIAN_POINT('',(0.0839892578125,-0.0275309244791667,0.002));
#14710=CARTESIAN_POINT('',(0.0832578864526922,-0.0332155021220923,0.002));
#14711=CARTESIAN_POINT('',(0.0859130859375,-0.0281201171875,0.002));
#14712=CARTESIAN_POINT('',(0.0859131041028451,-0.0281200821363197,0.002));
#14713=CARTESIAN_POINT('',(0.0832578864526922,-0.0332155021220923,0.002));
#14714=CARTESIAN_POINT('',(0.0841965014012855,-0.0314161094120403,0.002));
#14715=CARTESIAN_POINT('',(0.0869091796875,-0.0288736979166667,0.002));
#14716=CARTESIAN_POINT('',(0.0869091796875,-0.0288736979166667,0.002));
#14717=CARTESIAN_POINT('',(0.0841965014012855,-0.0314161094120403,0.002));
#14718=CARTESIAN_POINT('',(0.0876725260416666,-0.0300846354166667,0.002));
#14719=CARTESIAN_POINT('',(0.0876725260416666,-0.0300846354166667,0.));
#14720=CARTESIAN_POINT('',(0.0874685329861111,-0.0295963541666667,0.002));
#14721=CARTESIAN_POINT('',(0.0874685329861111,-0.0295963541666667,0.));
#14722=CARTESIAN_POINT('',(0.0872140842013889,-0.0291927083333334,0.002));
#14723=CARTESIAN_POINT('',(0.0872140842013889,-0.0291927083333334,0.));
#14724=CARTESIAN_POINT('',(0.0869091796875,-0.0288736979166667,0.002));
#14725=CARTESIAN_POINT('',(0.0869091796875,-0.0288736979166667,0.));
#14726=CARTESIAN_POINT('',(0.0876725260416666,-0.0300846354166667,0.002));
#14727=CARTESIAN_POINT('',(0.0876725260416666,-0.0300846354166667,0.002));
#14728=CARTESIAN_POINT('',(0.0876725260416666,-0.0300846354166667,0.002));
#14729=CARTESIAN_POINT('',(0.0873665364583333,-0.0293522135416667,0.002));
#14730=CARTESIAN_POINT('',(0.0869091796875,-0.0288736979166667,0.002));
#14731=CARTESIAN_POINT('',(0.087978515625,-0.0318326822916667,0.002));
#14732=CARTESIAN_POINT('',(0.087978515625,-0.0318326822916667,0.));
#14733=CARTESIAN_POINT('',(0.087978515625,-0.0311555989583334,0.002));
#14734=CARTESIAN_POINT('',(0.087978515625,-0.0311555989583334,0.));
#14735=CARTESIAN_POINT('',(0.0878765190972222,-0.0305729166666667,0.002));
#14736=CARTESIAN_POINT('',(0.0878765190972222,-0.0305729166666667,0.));
#14737=CARTESIAN_POINT('',(0.0876725260416666,-0.0300846354166667,0.002));
#14738=CARTESIAN_POINT('',(0.0876725260416666,-0.0300846354166667,0.));
#14739=CARTESIAN_POINT('',(0.087978515625,-0.0318326822916667,0.002));
#14740=CARTESIAN_POINT('',(0.087978515625,-0.0318326822916667,0.002));
#14741=CARTESIAN_POINT('',(0.087978515625,-0.0318326822916667,0.002));
#14742=CARTESIAN_POINT('',(0.087978515625,-0.0308170572916667,0.002));
#14743=CARTESIAN_POINT('',(0.0876725260416666,-0.0300846354166667,0.002));
#14744=CARTESIAN_POINT('',(0.0876725260416666,-0.0333089192708334,0.002));
#14745=CARTESIAN_POINT('',(0.0876725260416666,-0.0333089192708334,0.));
#14746=CARTESIAN_POINT('',(0.0878765190972222,-0.0328824869791667,0.002));
#14747=CARTESIAN_POINT('',(0.0878765190972222,-0.0328824869791667,0.));
#14748=CARTESIAN_POINT('',(0.087978515625,-0.0323904079861111,0.002));
#14749=CARTESIAN_POINT('',(0.087978515625,-0.0323904079861111,0.));
#14750=CARTESIAN_POINT('',(0.087978515625,-0.0318326822916667,0.002));
#14751=CARTESIAN_POINT('',(0.087978515625,-0.0318326822916667,0.));
#14752=CARTESIAN_POINT('',(0.0876725260416666,-0.0333089192708334,0.002));
#14753=CARTESIAN_POINT('',(0.0876725260416666,-0.0333089192708334,0.002));
#14754=CARTESIAN_POINT('',(0.0876725260416666,-0.0333089192708334,0.002));
#14755=CARTESIAN_POINT('',(0.087978515625,-0.0326692708333333,0.002));
#14756=CARTESIAN_POINT('',(0.087978515625,-0.0318326822916667,0.002));
#14757=CARTESIAN_POINT('',(0.0869091796875,-0.0343961588541667,0.002));
#14758=CARTESIAN_POINT('',(0.0869091796875,-0.0343961588541667,0.));
#14759=CARTESIAN_POINT('',(0.0872140842013889,-0.0340977647569444,0.002));
#14760=CARTESIAN_POINT('',(0.0872140842013889,-0.0340977647569444,0.));
#14761=CARTESIAN_POINT('',(0.0874685329861111,-0.0337353515625,0.002));
#14762=CARTESIAN_POINT('',(0.0874685329861111,-0.0337353515625,0.));
#14763=CARTESIAN_POINT('',(0.0876725260416666,-0.0333089192708334,0.002));
#14764=CARTESIAN_POINT('',(0.0876725260416666,-0.0333089192708334,0.));
#14765=CARTESIAN_POINT('',(0.0869091796875,-0.0343961588541667,0.002));
#14766=CARTESIAN_POINT('',(0.0869091796875,-0.0343961588541667,0.002));
#14767=CARTESIAN_POINT('',(0.0869091796875,-0.0343961588541667,0.002));
#14768=CARTESIAN_POINT('',(0.0873665364583333,-0.0339485677083333,0.002));
#14769=CARTESIAN_POINT('',(0.0876725260416666,-0.0333089192708334,0.002));
#14770=CARTESIAN_POINT('',(0.0850276692708333,-0.0299820963541667,0.002));
#14771=CARTESIAN_POINT('',(0.0850276692708333,-0.0299820963541667,0.));
#14772=CARTESIAN_POINT('',(0.0854345703125,-0.0304432508680556,0.002));
#14773=CARTESIAN_POINT('',(0.0854345703125,-0.0304432508680556,0.));
#14774=CARTESIAN_POINT('',(0.0856380208333333,-0.0310601128472222,0.002));
#14775=CARTESIAN_POINT('',(0.0856380208333333,-0.0310601128472222,0.));
#14776=CARTESIAN_POINT('',(0.0856380208333333,-0.0318326822916667,0.002));
#14777=CARTESIAN_POINT('',(0.0856380208333333,-0.0318326822916667,0.));
#14778=CARTESIAN_POINT('',(0.0850276692708333,-0.0299820963541667,0.));
#14779=CARTESIAN_POINT('',(0.0856380208333333,-0.030673828125,0.));
#14780=CARTESIAN_POINT('',(0.0856380208333333,-0.0318326822916667,0.));
#14781=CARTESIAN_POINT('',(0.0850276692708333,-0.0299820963541667,0.002));
#14782=CARTESIAN_POINT('',(0.0856380208333333,-0.030673828125,0.002));
#14783=CARTESIAN_POINT('',(0.0856380208333333,-0.0318326822916667,0.002));
#14784=CARTESIAN_POINT('',(0.0844207318103311,-0.0319055770286786,0.002));
#14785=CARTESIAN_POINT('',(0.0844207318103311,-0.0319055770286786,0.002));
#14786=CARTESIAN_POINT('',(0.0829362624452448,-0.0382352337746429,0.002));
#14787=CARTESIAN_POINT('',(0.0829362624452448,-0.0382352337746429,0.));
#14788=CARTESIAN_POINT('',(0.0829362624452448,-0.0382352337746429,0.002));
#14789=CARTESIAN_POINT('',(0.0819553107333139,-0.0474064344650402,0.002));
#14790=CARTESIAN_POINT('',(0.107286553794009,-0.0620314344650402,0.));
#14791=CARTESIAN_POINT('',(0.00647446365346904,-0.0316138053774499,0.002));
#14792=CARTESIAN_POINT('',(0.0103548177083334,-0.031611328125,0.002));
#14793=CARTESIAN_POINT('',(0.0103548177083334,-0.031611328125,0.002));
#14794=CARTESIAN_POINT('',(0.00647446365346904,-0.0316138053774499,0.002));
#14795=CARTESIAN_POINT('',(0.0100193000834607,-0.0300342830428414,0.002));
#14796=CARTESIAN_POINT('',(0.01001953125,-0.0300341796875,0.002));
#14797=CARTESIAN_POINT('',(0.00988769531250002,-0.0335725911458334,0.002));
#14798=CARTESIAN_POINT('',(0.00988769531250002,-0.0335725911458334,0.));
#14799=CARTESIAN_POINT('',(0.0101991102430556,-0.0330636935763889,0.002));
#14800=CARTESIAN_POINT('',(0.0101991102430556,-0.0330636935763889,0.));
#14801=CARTESIAN_POINT('',(0.0103548177083334,-0.0324099392361111,0.002));
#14802=CARTESIAN_POINT('',(0.0103548177083334,-0.0324099392361111,0.));
#14803=CARTESIAN_POINT('',(0.0103548177083334,-0.031611328125,0.002));
#14804=CARTESIAN_POINT('',(0.0103548177083334,-0.031611328125,0.));
#14805=CARTESIAN_POINT('',(0.00988769531250002,-0.0335725911458334,0.002));
#14806=CARTESIAN_POINT('',(0.00988769531250002,-0.0335725911458334,0.002));
#14807=CARTESIAN_POINT('',(0.00988769531250002,-0.0335725911458334,0.002));
#14808=CARTESIAN_POINT('',(0.0103548177083334,-0.0328092447916667,0.002));
#14809=CARTESIAN_POINT('',(0.0103548177083334,-0.031611328125,0.002));
#14810=CARTESIAN_POINT('',(0.00614199210046852,-0.0313096057276132,0.002));
#14811=CARTESIAN_POINT('',(0.00871907552083336,-0.0348453776041667,0.002));
#14812=CARTESIAN_POINT('',(0.00871917640951814,-0.0348455160232439,0.002));
#14813=CARTESIAN_POINT('',(0.00614199210046852,-0.0313096057276132,0.002));
#14814=CARTESIAN_POINT('',(0.00400683670191646,-0.028340358608892,0.002));
#14815=CARTESIAN_POINT('',(0.00720377604166669,-0.0357096354166666,0.002));
#14816=CARTESIAN_POINT('',(0.00720380584370847,-0.0357097047580212,0.002));
#14817=CARTESIAN_POINT('',(0.00400683670191646,-0.028340358608892,0.002));
#14818=CARTESIAN_POINT('',(0.0147420826365259,-0.0531379546668892,0.002));
#14819=CARTESIAN_POINT('',(0.00569824218750003,-0.0364420572916667,0.002));
#14820=CARTESIAN_POINT('',(0.00569824218750003,-0.0364420572916667,0.002));
#14821=CARTESIAN_POINT('',(0.0147420826365259,-0.0531379546668892,0.002));
#14822=CARTESIAN_POINT('',(0.00453776041666669,-0.0373177083333334,0.002));
#14823=CARTESIAN_POINT('',(0.00453776041666669,-0.0373177083333334,0.));
#14824=CARTESIAN_POINT('',(0.00485026041666669,-0.0369856770833334,0.002));
#14825=CARTESIAN_POINT('',(0.00485026041666669,-0.0369856770833334,0.));
#14826=CARTESIAN_POINT('',(0.00523708767361114,-0.0366937934027778,0.002));
#14827=CARTESIAN_POINT('',(0.00523708767361114,-0.0366937934027778,0.));
#14828=CARTESIAN_POINT('',(0.00569824218750003,-0.0364420572916667,0.002));
#14829=CARTESIAN_POINT('',(0.00569824218750003,-0.0364420572916667,0.));
#14830=CARTESIAN_POINT('',(0.00453776041666669,-0.0373177083333334,0.002));
#14831=CARTESIAN_POINT('',(0.00453776041666669,-0.0373177083333334,0.002));
#14832=CARTESIAN_POINT('',(0.00453776041666669,-0.0373177083333334,0.002));
#14833=CARTESIAN_POINT('',(0.00500651041666669,-0.0368196614583334,0.002));
#14834=CARTESIAN_POINT('',(0.00569824218750003,-0.0364420572916667,0.002));
#14835=CARTESIAN_POINT('',(0.00406901041666669,-0.0386295572916667,0.002));
#14836=CARTESIAN_POINT('',(0.00406901041666669,-0.0386295572916667,0.));
#14837=CARTESIAN_POINT('',(0.00406901041666669,-0.0380870225694445,0.002));
#14838=CARTESIAN_POINT('',(0.00406901041666669,-0.0380870225694445,0.));
#14839=CARTESIAN_POINT('',(0.00422526041666669,-0.0376497395833333,0.002));
#14840=CARTESIAN_POINT('',(0.00422526041666669,-0.0376497395833333,0.));
#14841=CARTESIAN_POINT('',(0.00453776041666669,-0.0373177083333334,0.002));
#14842=CARTESIAN_POINT('',(0.00453776041666669,-0.0373177083333334,0.));
#14843=CARTESIAN_POINT('',(0.00406901041666669,-0.0386295572916667,0.002));
#14844=CARTESIAN_POINT('',(0.00406901041666669,-0.0386295572916667,0.002));
#14845=CARTESIAN_POINT('',(0.00406901041666669,-0.0386295572916667,0.002));
#14846=CARTESIAN_POINT('',(0.00406901041666669,-0.0378157552083334,0.002));
#14847=CARTESIAN_POINT('',(0.00453776041666669,-0.0373177083333334,0.002));
#14848=CARTESIAN_POINT('',(0.00423177083333336,-0.0393115234375,0.002));
#14849=CARTESIAN_POINT('',(0.00423177083333336,-0.0393115234375,0.));
#14850=CARTESIAN_POINT('',(0.00412326388888892,-0.0390738932291667,0.002));
#14851=CARTESIAN_POINT('',(0.00412326388888892,-0.0390738932291667,0.));
#14852=CARTESIAN_POINT('',(0.00406901041666669,-0.0388465711805556,0.002));
#14853=CARTESIAN_POINT('',(0.00406901041666669,-0.0388465711805556,0.));
#14854=CARTESIAN_POINT('',(0.00406901041666669,-0.0386295572916667,0.002));
#14855=CARTESIAN_POINT('',(0.00406901041666669,-0.0386295572916667,0.));
#14856=CARTESIAN_POINT('',(0.00423177083333336,-0.0393115234375,0.002));
#14857=CARTESIAN_POINT('',(0.00423177083333336,-0.0393115234375,0.002));
#14858=CARTESIAN_POINT('',(0.00423177083333336,-0.0393115234375,0.002));
#14859=CARTESIAN_POINT('',(0.00406901041666669,-0.038955078125,0.002));
#14860=CARTESIAN_POINT('',(0.00406901041666669,-0.0386295572916667,0.002));
#14861=CARTESIAN_POINT('',(0.00621702000513434,-0.0384015687590532,0.002));
#14862=CARTESIAN_POINT('',(0.00467936197916669,-0.0399527994791667,0.002));
#14863=CARTESIAN_POINT('',(0.00467939821200716,-0.0399527624700918,0.002));
#14864=CARTESIAN_POINT('',(0.00621702000513434,-0.0384015687590532,0.002));
#14865=CARTESIAN_POINT('',(0.0065598861745615,-0.0380668185710352,0.002));
#14866=CARTESIAN_POINT('',(0.00533040364583336,-0.0404296875,0.002));
#14867=CARTESIAN_POINT('',(0.00533044231436076,-0.0404296133626067,0.002));
#14868=CARTESIAN_POINT('',(0.0065598861745615,-0.0380668185710352,0.002));
#14869=CARTESIAN_POINT('',(0.00632173514735711,-0.0385532712675552,0.002));
#14870=CARTESIAN_POINT('',(0.00610351562500003,-0.0406640625,0.002));
#14871=CARTESIAN_POINT('',(0.00610351562500003,-0.0406640625,0.002));
#14872=CARTESIAN_POINT('',(0.00632173514735711,-0.0385532712675552,0.002));
#14873=CARTESIAN_POINT('',(0.00730468750000003,-0.0406852213541666,0.002));
#14874=CARTESIAN_POINT('',(0.00730468750000003,-0.0406852213541666,0.));
#14875=CARTESIAN_POINT('',(0.00699218750000002,-0.0407123480902778,0.002));
#14876=CARTESIAN_POINT('',(0.00699218750000002,-0.0407123480902778,0.));
#14877=CARTESIAN_POINT('',(0.00659179687500002,-0.0407052951388889,0.002));
#14878=CARTESIAN_POINT('',(0.00659179687500002,-0.0407052951388889,0.));
#14879=CARTESIAN_POINT('',(0.00610351562500003,-0.0406640625,0.002));
#14880=CARTESIAN_POINT('',(0.00610351562500003,-0.0406640625,0.));
#14881=CARTESIAN_POINT('',(0.00730468750000003,-0.0406852213541666,0.002));
#14882=CARTESIAN_POINT('',(0.00730468750000003,-0.0406852213541666,0.002));
#14883=CARTESIAN_POINT('',(0.00730468750000003,-0.0406852213541666,0.002));
#14884=CARTESIAN_POINT('',(0.00683593750000002,-0.0407259114583334,0.002));
#14885=CARTESIAN_POINT('',(0.00610351562500003,-0.0406640625,0.002));
#14886=CARTESIAN_POINT('',(0.00805826822916669,-0.0405419921875,0.002));
#14887=CARTESIAN_POINT('',(0.00805826822916669,-0.0405419921875,0.));
#14888=CARTESIAN_POINT('',(0.00786838107638891,-0.0406103515625,0.002));
#14889=CARTESIAN_POINT('',(0.00786838107638891,-0.0406103515625,0.));
#14890=CARTESIAN_POINT('',(0.00761718750000002,-0.0406580946180555,0.002));
#14891=CARTESIAN_POINT('',(0.00761718750000002,-0.0406580946180555,0.));
#14892=CARTESIAN_POINT('',(0.00730468750000003,-0.0406852213541666,0.002));
#14893=CARTESIAN_POINT('',(0.00730468750000003,-0.0406852213541666,0.));
#14894=CARTESIAN_POINT('',(0.00805826822916669,-0.0405419921875,0.002));
#14895=CARTESIAN_POINT('',(0.00805826822916669,-0.0405419921875,0.002));
#14896=CARTESIAN_POINT('',(0.00805826822916669,-0.0405419921875,0.002));
#14897=CARTESIAN_POINT('',(0.00777343750000002,-0.04064453125,0.002));
#14898=CARTESIAN_POINT('',(0.00730468750000003,-0.0406852213541666,0.002));
#14899=CARTESIAN_POINT('',(0.00849446614583336,-0.0403385416666667,0.002));
#14900=CARTESIAN_POINT('',(0.00849446614583336,-0.0403385416666667,0.));
#14901=CARTESIAN_POINT('',(0.00839355468750003,-0.0404058159722222,0.002));
#14902=CARTESIAN_POINT('',(0.00839355468750003,-0.0404058159722222,0.));
#14903=CARTESIAN_POINT('',(0.00824815538194447,-0.0404736328125,0.002));
#14904=CARTESIAN_POINT('',(0.00824815538194447,-0.0404736328125,0.));
#14905=CARTESIAN_POINT('',(0.00805826822916669,-0.0405419921875,0.002));
#14906=CARTESIAN_POINT('',(0.00805826822916669,-0.0405419921875,0.));
#14907=CARTESIAN_POINT('',(0.00849446614583336,-0.0403385416666667,0.002));
#14908=CARTESIAN_POINT('',(0.00849446614583336,-0.0403385416666667,0.002));
#14909=CARTESIAN_POINT('',(0.00849446614583336,-0.0403385416666667,0.002));
#14910=CARTESIAN_POINT('',(0.00834309895833336,-0.040439453125,0.002));
#14911=CARTESIAN_POINT('',(0.00805826822916669,-0.0405419921875,0.002));
#14912=CARTESIAN_POINT('',(0.00997040393534343,-0.0425117752046233,0.002));
#14913=CARTESIAN_POINT('',(0.00876953125000003,-0.04017578125,0.002));
#14914=CARTESIAN_POINT('',(0.00876953125000003,-0.04017578125,0.002));
#14915=CARTESIAN_POINT('',(0.00997040393534343,-0.0425117752046233,0.002));
#14916=CARTESIAN_POINT('',(0.00889160156250003,-0.0403792317708334,0.002));
#14917=CARTESIAN_POINT('',(0.00889160156250003,-0.0403792317708334,0.));
#14918=CARTESIAN_POINT('',(0.00882324218750002,-0.0402566189236111,0.002));
#14919=CARTESIAN_POINT('',(0.00882324218750002,-0.0402566189236111,0.));
#14920=CARTESIAN_POINT('',(0.00878255208333336,-0.0401888020833333,0.002));
#14921=CARTESIAN_POINT('',(0.00878255208333336,-0.0401888020833333,0.));
#14922=CARTESIAN_POINT('',(0.00876953125000003,-0.04017578125,0.002));
#14923=CARTESIAN_POINT('',(0.00876953125000003,-0.04017578125,0.));
#14924=CARTESIAN_POINT('',(0.00889160156250003,-0.0403792317708334,0.002));
#14925=CARTESIAN_POINT('',(0.00889160156250003,-0.0403792317708334,0.002));
#14926=CARTESIAN_POINT('',(0.00889160156250003,-0.0403792317708334,0.002));
#14927=CARTESIAN_POINT('',(0.00878906250000002,-0.0401953125,0.002));
#14928=CARTESIAN_POINT('',(0.00876953125000003,-0.04017578125,0.002));
#14929=CARTESIAN_POINT('',(-0.00649603155478884,-0.0488777160123984,0.002));
#14930=CARTESIAN_POINT('',(0.00913574218750002,-0.0408365885416666,0.002));
#14931=CARTESIAN_POINT('',(0.00913573630084181,-0.0408365914196797,0.002));
#14932=CARTESIAN_POINT('',(-0.00649603155478884,-0.0488777160123984,0.002));
#14933=CARTESIAN_POINT('',(0.00928458230537283,-0.0411245031524124,0.00200000000399996));
#14934=CARTESIAN_POINT('',(0.00944010416666669,-0.04142578125,0.002));
#14935=CARTESIAN_POINT('',(0.0094401044436708,-0.0414257811938727,0.002));
#14936=CARTESIAN_POINT('',(0.00928458230537283,-0.0411245031524124,0.002));
#14937=CARTESIAN_POINT('',(-0.00613174307453172,-0.049490804958559,0.002));
#14938=CARTESIAN_POINT('',(0.00972656250000002,-0.0420052083333333,0.002));
#14939=CARTESIAN_POINT('',(0.00972656250000002,-0.0420052083333333,0.002));
#14940=CARTESIAN_POINT('',(-0.00613174307453172,-0.049490804958559,0.002));
#14941=CARTESIAN_POINT('',(0.00817871093750002,-0.0425651041666667,0.002));
#14942=CARTESIAN_POINT('',(0.00817871093750002,-0.0425651041666667,0.));
#14943=CARTESIAN_POINT('',(0.00881564670138891,-0.0424500868055556,0.002));
#14944=CARTESIAN_POINT('',(0.00881564670138891,-0.0424500868055556,0.));
#14945=CARTESIAN_POINT('',(0.00933159722222225,-0.0422634548611111,0.002));
#14946=CARTESIAN_POINT('',(0.00933159722222225,-0.0422634548611111,0.));
#14947=CARTESIAN_POINT('',(0.00972656250000002,-0.0420052083333333,0.002));
#14948=CARTESIAN_POINT('',(0.00972656250000002,-0.0420052083333333,0.));
#14949=CARTESIAN_POINT('',(0.00817871093750002,-0.0425651041666667,0.002));
#14950=CARTESIAN_POINT('',(0.00817871093750002,-0.0425651041666667,0.002));
#14951=CARTESIAN_POINT('',(0.00817871093750002,-0.0425651041666667,0.002));
#14952=CARTESIAN_POINT('',(0.00913411458333336,-0.042392578125,0.002));
#14953=CARTESIAN_POINT('',(0.00972656250000002,-0.0420052083333333,0.002));
#14954=CARTESIAN_POINT('',(0.00626799869270176,-0.0321030688227095,0.002));
#14955=CARTESIAN_POINT('',(0.00628580729166669,-0.0427376302083333,0.002));
#14956=CARTESIAN_POINT('',(0.00628580543936056,-0.0427374015504833,0.002));
#14957=CARTESIAN_POINT('',(0.00626799869270176,-0.0321030688227095,0.002));
#14958=CARTESIAN_POINT('',(0.00625476248206908,-0.0374574269438214,0.002));
#14959=CARTESIAN_POINT('',(0.00454752604166669,-0.0424527994791667,0.002));
#14960=CARTESIAN_POINT('',(0.00454752604166669,-0.0424527994791667,0.002));
#14961=CARTESIAN_POINT('',(0.00625476248206908,-0.0374574269438214,0.002));
#14962=CARTESIAN_POINT('',(0.00310384114583336,-0.0416292317708334,0.002));
#14963=CARTESIAN_POINT('',(0.00310384114583336,-0.0416292317708334,0.));
#14964=CARTESIAN_POINT('',(0.00351725260416669,-0.0419883897569444,0.002));
#14965=CARTESIAN_POINT('',(0.00351725260416669,-0.0419883897569444,0.));
#14966=CARTESIAN_POINT('',(0.0039984809027778,-0.0422629123263889,0.002));
#14967=CARTESIAN_POINT('',(0.0039984809027778,-0.0422629123263889,0.));
#14968=CARTESIAN_POINT('',(0.00454752604166669,-0.0424527994791667,0.002));
#14969=CARTESIAN_POINT('',(0.00454752604166669,-0.0424527994791667,0.));
#14970=CARTESIAN_POINT('',(0.00310384114583336,-0.0416292317708334,0.002));
#14971=CARTESIAN_POINT('',(0.00310384114583336,-0.0416292317708334,0.002));
#14972=CARTESIAN_POINT('',(0.00310384114583336,-0.0416292317708334,0.002));
#14973=CARTESIAN_POINT('',(0.00372395833333336,-0.04216796875,0.002));
#14974=CARTESIAN_POINT('',(0.00454752604166669,-0.0424527994791667,0.002));
#14975=CARTESIAN_POINT('',(0.00570770907160707,-0.0386484549150901,0.002));
#14976=CARTESIAN_POINT('',(0.00211751302083336,-0.0403173828125,0.002));
#14977=CARTESIAN_POINT('',(0.00211751302083336,-0.0403173828125,0.002));
#14978=CARTESIAN_POINT('',(0.00570770907160707,-0.0386484549150901,0.002));
#14979=CARTESIAN_POINT('',(0.00175130208333336,-0.0385481770833334,0.002));
#14980=CARTESIAN_POINT('',(0.00175130208333336,-0.0385481770833334,0.));
#14981=CARTESIAN_POINT('',(0.00175130208333336,-0.0392122395833333,0.002));
#14982=CARTESIAN_POINT('',(0.00175130208333336,-0.0392122395833333,0.));
#14983=CARTESIAN_POINT('',(0.00187337239583336,-0.0398019748263889,0.002));
#14984=CARTESIAN_POINT('',(0.00187337239583336,-0.0398019748263889,0.));
#14985=CARTESIAN_POINT('',(0.00211751302083336,-0.0403173828125,0.002));
#14986=CARTESIAN_POINT('',(0.00211751302083336,-0.0403173828125,0.));
#14987=CARTESIAN_POINT('',(0.00175130208333336,-0.0385481770833334,0.002));
#14988=CARTESIAN_POINT('',(0.00175130208333336,-0.0385481770833334,0.002));
#14989=CARTESIAN_POINT('',(0.00175130208333336,-0.0385481770833334,0.002));
#14990=CARTESIAN_POINT('',(0.00175130208333336,-0.0395442708333334,0.002));
#14991=CARTESIAN_POINT('',(0.00211751302083336,-0.0403173828125,0.002));
#14992=CARTESIAN_POINT('',(0.0022184244791667,-0.0367154947916667,0.002));
#14993=CARTESIAN_POINT('',(0.0022184244791667,-0.0367154947916667,0.));
#14994=CARTESIAN_POINT('',(0.00190700954861114,-0.0372037760416667,0.002));
#14995=CARTESIAN_POINT('',(0.00190700954861114,-0.0372037760416667,0.));
#14996=CARTESIAN_POINT('',(0.00175130208333336,-0.0378146701388889,0.002));
#14997=CARTESIAN_POINT('',(0.00175130208333336,-0.0378146701388889,0.));
#14998=CARTESIAN_POINT('',(0.00175130208333336,-0.0385481770833334,0.002));
#14999=CARTESIAN_POINT('',(0.00175130208333336,-0.0385481770833334,0.));
#15000=CARTESIAN_POINT('',(0.0022184244791667,-0.0367154947916667,0.002));
#15001=CARTESIAN_POINT('',(0.0022184244791667,-0.0367154947916667,0.002));
#15002=CARTESIAN_POINT('',(0.0022184244791667,-0.0367154947916667,0.002));
#15003=CARTESIAN_POINT('',(0.00175130208333336,-0.0374479166666667,0.002));
#15004=CARTESIAN_POINT('',(0.00175130208333336,-0.0385481770833334,0.002));
#15005=CARTESIAN_POINT('',(0.00631126805157873,-0.0393345099176567,0.002));
#15006=CARTESIAN_POINT('',(0.00339843750000003,-0.0354443359375,0.002));
#15007=CARTESIAN_POINT('',(0.0033985567075212,-0.0354444961976146,0.002));
#15008=CARTESIAN_POINT('',(0.00631126805157873,-0.0393345099176567,0.002));
#15009=CARTESIAN_POINT('',(0.00897958427843746,-0.0428376494521539,0.002));
#15010=CARTESIAN_POINT('',(0.00492513020833336,-0.0345084635416667,0.002));
#15011=CARTESIAN_POINT('',(0.0049251016293169,-0.0345084045080218,0.002));
#15012=CARTESIAN_POINT('',(0.00897958427843746,-0.0428376494521539,0.002));
#15013=CARTESIAN_POINT('',(-0.0077060158372344,-0.00849837937446389,0.002));
#15014=CARTESIAN_POINT('',(0.00644042968750003,-0.0337158203125,0.002));
#15015=CARTESIAN_POINT('',(0.00644042968750003,-0.0337158203125,0.002));
#15016=CARTESIAN_POINT('',(-0.0077060158372344,-0.00849837937446389,0.002));
#15017=CARTESIAN_POINT('',(0.00760904947916669,-0.03283203125,0.002));
#15018=CARTESIAN_POINT('',(0.00760904947916669,-0.03283203125,0.));
#15019=CARTESIAN_POINT('',(0.00729763454861114,-0.0331575520833333,0.002));
#15020=CARTESIAN_POINT('',(0.00729763454861114,-0.0331575520833333,0.));
#15021=CARTESIAN_POINT('',(0.00690809461805558,-0.0334521484375,0.002));
#15022=CARTESIAN_POINT('',(0.00690809461805558,-0.0334521484375,0.));
#15023=CARTESIAN_POINT('',(0.00644042968750003,-0.0337158203125,0.002));
#15024=CARTESIAN_POINT('',(0.00644042968750003,-0.0337158203125,0.));
#15025=CARTESIAN_POINT('',(0.00760904947916669,-0.03283203125,0.002));
#15026=CARTESIAN_POINT('',(0.00760904947916669,-0.03283203125,0.002));
#15027=CARTESIAN_POINT('',(0.00760904947916669,-0.03283203125,0.002));
#15028=CARTESIAN_POINT('',(0.00714192708333336,-0.0333203125,0.002));
#15029=CARTESIAN_POINT('',(0.00644042968750003,-0.0337158203125,0.002));
#15030=CARTESIAN_POINT('',(0.00807617187500002,-0.031650390625,0.002));
#15031=CARTESIAN_POINT('',(0.00807617187500002,-0.031650390625,0.));
#15032=CARTESIAN_POINT('',(0.00807617187500002,-0.0321126302083333,0.002));
#15033=CARTESIAN_POINT('',(0.00807617187500002,-0.0321126302083333,0.));
#15034=CARTESIAN_POINT('',(0.00792046440972224,-0.0325065104166667,0.002));
#15035=CARTESIAN_POINT('',(0.00792046440972224,-0.0325065104166667,0.));
#15036=CARTESIAN_POINT('',(0.00760904947916669,-0.03283203125,0.002));
#15037=CARTESIAN_POINT('',(0.00760904947916669,-0.03283203125,0.));
#15038=CARTESIAN_POINT('',(0.00807617187500002,-0.031650390625,0.002));
#15039=CARTESIAN_POINT('',(0.00807617187500002,-0.031650390625,0.002));
#15040=CARTESIAN_POINT('',(0.00807617187500002,-0.031650390625,0.002));
#15041=CARTESIAN_POINT('',(0.00807617187500002,-0.03234375,0.002));
#15042=CARTESIAN_POINT('',(0.00760904947916669,-0.03283203125,0.002));
#15043=CARTESIAN_POINT('',(0.00741536458333336,-0.029931640625,0.002));
#15044=CARTESIAN_POINT('',(0.00741536458333336,-0.029931640625,0.));
#15045=CARTESIAN_POINT('',(0.0078559027777778,-0.0303179253472222,0.002));
#15046=CARTESIAN_POINT('',(0.0078559027777778,-0.0303179253472222,0.));
#15047=CARTESIAN_POINT('',(0.00807617187500002,-0.0308908420138889,0.002));
#15048=CARTESIAN_POINT('',(0.00807617187500002,-0.0308908420138889,0.));
#15049=CARTESIAN_POINT('',(0.00807617187500002,-0.031650390625,0.002));
#15050=CARTESIAN_POINT('',(0.00807617187500002,-0.031650390625,0.));
#15051=CARTESIAN_POINT('',(0.00741536458333336,-0.029931640625,0.002));
#15052=CARTESIAN_POINT('',(0.00741536458333336,-0.029931640625,0.002));
#15053=CARTESIAN_POINT('',(0.00741536458333336,-0.029931640625,0.002));
#15054=CARTESIAN_POINT('',(0.00807617187500002,-0.0305110677083333,0.002));
#15055=CARTESIAN_POINT('',(0.00807617187500002,-0.031650390625,0.002));
#15056=CARTESIAN_POINT('',(0.00551432291666669,-0.0293522135416667,0.002));
#15057=CARTESIAN_POINT('',(0.00551432291666669,-0.0293522135416667,0.));
#15058=CARTESIAN_POINT('',(0.00634114583333336,-0.0293522135416667,0.002));
#15059=CARTESIAN_POINT('',(0.00634114583333336,-0.0293522135416667,0.));
#15060=CARTESIAN_POINT('',(0.00697482638888891,-0.0295453559027778,0.002));
#15061=CARTESIAN_POINT('',(0.00697482638888891,-0.0295453559027778,0.));
#15062=CARTESIAN_POINT('',(0.00741536458333336,-0.029931640625,0.002));
#15063=CARTESIAN_POINT('',(0.00741536458333336,-0.029931640625,0.));
#15064=CARTESIAN_POINT('',(0.00551432291666669,-0.0293522135416667,0.002));
#15065=CARTESIAN_POINT('',(0.00551432291666669,-0.0293522135416667,0.002));
#15066=CARTESIAN_POINT('',(0.00551432291666669,-0.0293522135416667,0.002));
#15067=CARTESIAN_POINT('',(0.00675455729166669,-0.0293522135416667,0.002));
#15068=CARTESIAN_POINT('',(0.00741536458333336,-0.029931640625,0.002));
#15069=CARTESIAN_POINT('',(0.00555711517664846,-0.0345009957481468,0.002));
#15070=CARTESIAN_POINT('',(0.00463867187500003,-0.02943359375,0.002));
#15071=CARTESIAN_POINT('',(0.00463871293834306,-0.0294338148332326,0.002));
#15072=CARTESIAN_POINT('',(0.00555711517664846,-0.0345009957481468,0.002));
#15073=CARTESIAN_POINT('',(0.0062349788402997,-0.0385971397887512,0.002));
#15074=CARTESIAN_POINT('',(0.0037027994791667,-0.0296468098958334,0.002));
#15075=CARTESIAN_POINT('',(0.00370280704233404,-0.0296468366793656,0.002));
#15076=CARTESIAN_POINT('',(0.0062349788402997,-0.0385971397887512,0.002));
#15077=CARTESIAN_POINT('',(0.00791034473415534,-0.0446008687906678,0.002));
#15078=CARTESIAN_POINT('',(0.00279785156250002,-0.029931640625,0.002));
#15079=CARTESIAN_POINT('',(0.00279785156250002,-0.029931640625,0.002));
#15080=CARTESIAN_POINT('',(0.00791034473415534,-0.0446008687906678,0.002));
#15081=CARTESIAN_POINT('',(0.0020768229166667,-0.0302473958333334,0.002));
#15082=CARTESIAN_POINT('',(0.0020768229166667,-0.0302473958333334,0.));
#15083=CARTESIAN_POINT('',(0.00226562500000003,-0.0301388888888889,0.002));
#15084=CARTESIAN_POINT('',(0.00226562500000003,-0.0301388888888889,0.));
#15085=CARTESIAN_POINT('',(0.00250596788194447,-0.0300336371527778,0.002));
#15086=CARTESIAN_POINT('',(0.00250596788194447,-0.0300336371527778,0.));
#15087=CARTESIAN_POINT('',(0.00279785156250002,-0.029931640625,0.002));
#15088=CARTESIAN_POINT('',(0.00279785156250002,-0.029931640625,0.));
#15089=CARTESIAN_POINT('',(0.0020768229166667,-0.0302473958333334,0.002));
#15090=CARTESIAN_POINT('',(0.0020768229166667,-0.0302473958333334,0.002));
#15091=CARTESIAN_POINT('',(0.0020768229166667,-0.0302473958333334,0.002));
#15092=CARTESIAN_POINT('',(0.0023600260416667,-0.0300846354166667,0.002));
#15093=CARTESIAN_POINT('',(0.00279785156250002,-0.029931640625,0.002));
#15094=CARTESIAN_POINT('',(0.00186197916666669,-0.0293717447916667,0.002));
#15095=CARTESIAN_POINT('',(0.00164693358191694,-0.0284952711204897,0.002));
#15096=CARTESIAN_POINT('',(0.00164693358191694,-0.0284952711204897,0.002));
#15097=CARTESIAN_POINT('',(0.00186197916666669,-0.0293717447916667,0.002));
#15098=CARTESIAN_POINT('',(0.00381205378858976,-0.0310410307419355,0.002));
#15099=CARTESIAN_POINT('',(0.0024723307291667,-0.027978515625,0.002));
#15100=CARTESIAN_POINT('',(0.00247245510264122,-0.0279788016902446,0.002));
#15101=CARTESIAN_POINT('',(0.00381205378858976,-0.0310410307419355,0.002));
#15102=CARTESIAN_POINT('',(0.00467918970026232,-0.0329024686320327,0.002));
#15103=CARTESIAN_POINT('',(0.0034781901041667,-0.0276416015625,0.002));
#15104=CARTESIAN_POINT('',(0.00347820962163049,-0.0276416868914754,0.002));
#15105=CARTESIAN_POINT('',(0.00467918970026232,-0.0329024686320327,0.002));
#15106=CARTESIAN_POINT('',(0.00532922434137775,-0.0356060594990484,0.002));
#15107=CARTESIAN_POINT('',(0.00452636718750003,-0.0274690755208333,0.002));
#15108=CARTESIAN_POINT('',(0.00452636827052938,-0.0274690861362158,0.002));
#15109=CARTESIAN_POINT('',(0.00532922434137775,-0.0356060594990484,0.002));
#15110=CARTESIAN_POINT('',(0.00555371874233506,-0.0378424926426486,0.002));
#15111=CARTESIAN_POINT('',(0.00553385416666669,-0.0274186197916667,0.002));
#15112=CARTESIAN_POINT('',(0.00553385416666669,-0.0274186197916667,0.002));
#15113=CARTESIAN_POINT('',(0.00555371874233506,-0.0378424926426486,0.002));
#15114=CARTESIAN_POINT('',(0.00756835937500002,-0.0277652994791667,0.002));
#15115=CARTESIAN_POINT('',(0.00756835937500002,-0.0277652994791667,0.));
#15116=CARTESIAN_POINT('',(0.00697157118055558,-0.0275341796875,0.002));
#15117=CARTESIAN_POINT('',(0.00697157118055558,-0.0275341796875,0.));
#15118=CARTESIAN_POINT('',(0.0062934027777778,-0.0274186197916667,0.002));
#15119=CARTESIAN_POINT('',(0.0062934027777778,-0.0274186197916667,0.));
#15120=CARTESIAN_POINT('',(0.00553385416666669,-0.0274186197916667,0.002));
#15121=CARTESIAN_POINT('',(0.00553385416666669,-0.0274186197916667,0.));
#15122=CARTESIAN_POINT('',(0.00756835937500002,-0.0277652994791667,0.002));
#15123=CARTESIAN_POINT('',(0.00756835937500002,-0.0277652994791667,0.002));
#15124=CARTESIAN_POINT('',(0.00756835937500002,-0.0277652994791667,0.002));
#15125=CARTESIAN_POINT('',(0.00667317708333336,-0.0274186197916667,0.002));
#15126=CARTESIAN_POINT('',(0.00553385416666669,-0.0274186197916667,0.002));
#15127=CARTESIAN_POINT('',(0.00907389322916669,-0.02869140625,0.002));
#15128=CARTESIAN_POINT('',(0.00907389322916669,-0.02869140625,0.));
#15129=CARTESIAN_POINT('',(0.00866699218750002,-0.0283051215277778,0.002));
#15130=CARTESIAN_POINT('',(0.00866699218750002,-0.0283051215277778,0.));
#15131=CARTESIAN_POINT('',(0.00816514756944447,-0.0279964192708334,0.002));
#15132=CARTESIAN_POINT('',(0.00816514756944447,-0.0279964192708334,0.));
#15133=CARTESIAN_POINT('',(0.00756835937500002,-0.0277652994791667,0.002));
#15134=CARTESIAN_POINT('',(0.00756835937500002,-0.0277652994791667,0.));
#15135=CARTESIAN_POINT('',(0.00907389322916669,-0.02869140625,0.002));
#15136=CARTESIAN_POINT('',(0.00907389322916669,-0.02869140625,0.002));
#15137=CARTESIAN_POINT('',(0.00907389322916669,-0.02869140625,0.002));
#15138=CARTESIAN_POINT('',(0.00846354166666669,-0.0281119791666667,0.002));
#15139=CARTESIAN_POINT('',(0.00756835937500002,-0.0277652994791667,0.002));
#15140=CARTESIAN_POINT('',(0.00624956844077997,-0.031685611668138,0.002));
#15141=CARTESIAN_POINT('',(0.00624956844077997,-0.031685611668138,0.002));
#15142=CARTESIAN_POINT('',(0.0819553107333139,-0.0474064344650402,0.002));
#15143=CARTESIAN_POINT('',(0.107286553794009,-0.0620314344650402,0.));
#15144=CARTESIAN_POINT('',(0.107286553794009,-0.0620314344650402,0.));
#15145=CARTESIAN_POINT('',(0.107286553794009,-0.0620314344650402,0.));
#15146=CARTESIAN_POINT('',(0.133260462500499,-0.0772161454574854,0.002));
#15147=CARTESIAN_POINT('',(0.133917821902455,-0.0776119336083625,0.002));
#15148=CARTESIAN_POINT('',(0.133917495306047,-0.0776117443648636,0.002));
#15149=CARTESIAN_POINT('',(0.133260462500499,-0.0772161454574854,0.002));
#15150=CARTESIAN_POINT('',(0.133998689458301,-0.0770081406523676,0.002));
#15151=CARTESIAN_POINT('',(0.133998846797085,-0.0770080963201705,0.002));
#15152=CARTESIAN_POINT('',(0.133260128960959,-0.0772528210648148,0.002));
#15153=CARTESIAN_POINT('',(0.133437607264121,-0.07798019170648,0.002));
#15154=CARTESIAN_POINT('',(0.133437593318942,-0.0779801353212188,0.002));
#15155=CARTESIAN_POINT('',(0.133260128960959,-0.0772528210648148,0.002));
#15156=CARTESIAN_POINT('',(0.133238413145612,-0.0772308279344288,0.002));
#15157=CARTESIAN_POINT('',(0.132835657558129,-0.077894128347035,0.002));
#15158=CARTESIAN_POINT('',(0.132835842071378,-0.0778938275649413,0.002));
#15159=CARTESIAN_POINT('',(0.133238413145612,-0.0772308279344288,0.002));
#15160=CARTESIAN_POINT('',(0.133209230471626,-0.0772279835955536,0.002));
#15161=CARTESIAN_POINT('',(0.132470108073491,-0.0774216057883293,0.002));
#15162=CARTESIAN_POINT('',(0.132470373520023,-0.0774215378965827,0.002));
#15163=CARTESIAN_POINT('',(0.133209230471626,-0.0772279835955536,0.002));
#15164=CARTESIAN_POINT('',(0.133186886585122,-0.0772102142972396,0.002));
#15165=CARTESIAN_POINT('',(0.13254815558983,-0.0768211563940684,0.002));
#15166=CARTESIAN_POINT('',(0.132548469579832,-0.076821347471365,0.002));
#15167=CARTESIAN_POINT('',(0.133186886585122,-0.0772102142972396,0.002));
#15168=CARTESIAN_POINT('',(0.133227033491782,-0.0771952468744373,0.002));
#15169=CARTESIAN_POINT('',(0.133026751410775,-0.0764468567872067,0.002));
#15170=CARTESIAN_POINT('',(0.133026781928894,-0.0764469674471407,0.002));
#15171=CARTESIAN_POINT('',(0.133227033491782,-0.0771952468744373,0.002));
#15172=CARTESIAN_POINT('',(0.133238224927279,-0.0771645279548367,0.002));
#15173=CARTESIAN_POINT('',(0.133626434772423,-0.0765244620344098,0.002));
#15174=CARTESIAN_POINT('',(0.133626268949417,-0.0765247371325436,0.002));
#15175=CARTESIAN_POINT('',(0.133238224927279,-0.0771645279548367,0.002));
#15176=CARTESIAN_POINT('',(0.133257167918857,-0.077194497876975,0.002));
#15177=CARTESIAN_POINT('',(0.133257167918857,-0.077194497876975,0.002));
#15178=CARTESIAN_POINT('',(0.0819553107333139,-0.0474064344650402,0.002));
#15179=CARTESIAN_POINT('',(0.137243742261555,-0.0786639843278901,0.002));
#15180=CARTESIAN_POINT('',(0.137828225145522,-0.0790014356782852,0.002));
#15181=CARTESIAN_POINT('',(0.137828225145522,-0.0790014356782852,0.002));
#15182=CARTESIAN_POINT('',(0.137243742261555,-0.0786639843278901,0.002));
#15183=CARTESIAN_POINT('',(0.136659259377588,-0.078326532977495,0.002));
#15184=CARTESIAN_POINT('',(0.136659259377588,-0.078326532977495,0.002));
#15185=CARTESIAN_POINT('',(0.135791133507357,-0.0825297818952605,0.002));
#15186=CARTESIAN_POINT('',(0.133754041869192,-0.0860581281122357,0.002));
#15187=CARTESIAN_POINT('',(0.133754041869192,-0.0860581281122357,0.002));
#15188=CARTESIAN_POINT('',(0.135791133507357,-0.0825297818952605,0.002));
#15189=CARTESIAN_POINT('',(0.133169558985225,-0.0857206767618406,0.002));
#15190=CARTESIAN_POINT('',(0.132585076101258,-0.0853832254114456,0.002));
#15191=CARTESIAN_POINT('',(0.132585076101258,-0.0853832254114456,0.002));
#15192=CARTESIAN_POINT('',(0.133169558985225,-0.0857206767618406,0.002));
#15193=CARTESIAN_POINT('',(0.132206154326558,-0.0839714866996692,0.002));
#15194=CARTESIAN_POINT('',(0.131827232551858,-0.0825597479878928,0.002));
#15195=CARTESIAN_POINT('',(0.131827232551858,-0.0825597479878928,0.002));
#15196=CARTESIAN_POINT('',(0.132206154326558,-0.0839714866996692,0.002));
#15197=CARTESIAN_POINT('',(0.132477298892732,-0.082385563236829,0.002));
#15198=CARTESIAN_POINT('',(0.133127365233606,-0.0822113784857652,0.002));
#15199=CARTESIAN_POINT('',(0.133127365233606,-0.0822113784857652,0.002));
#15200=CARTESIAN_POINT('',(0.132477298892732,-0.082385563236829,0.002));
#15201=CARTESIAN_POINT('',(0.133331659988107,-0.0829738168892809,0.002));
#15202=CARTESIAN_POINT('',(0.133535954742607,-0.0837362552927966,0.002));
#15203=CARTESIAN_POINT('',(0.133535954742607,-0.0837362552927966,0.002));
#15204=CARTESIAN_POINT('',(0.133331659988107,-0.0829738168892809,0.002));
#15205=CARTESIAN_POINT('',(0.135097607060097,-0.0810313941351458,0.002));
#15206=CARTESIAN_POINT('',(0.135097607060097,-0.0810313941351458,0.002));
#15207=CARTESIAN_POINT('',(0.0819553107333139,-0.0474064344650402,0.002));
#15208=CARTESIAN_POINT('',(0.125138250225646,-0.076353802444475,0.002));
#15209=CARTESIAN_POINT('',(0.128282591261867,-0.0734391925450832,0.002));
#15210=CARTESIAN_POINT('',(0.128282591261867,-0.0734391925450832,0.002));
#15211=CARTESIAN_POINT('',(0.125138250225646,-0.076353802444475,0.002));
#15212=CARTESIAN_POINT('',(0.121993909189425,-0.0792684123438668,0.002));
#15213=CARTESIAN_POINT('',(0.121993909189425,-0.0792684123438668,0.002));
#15214=CARTESIAN_POINT('',(0.129029473059859,-0.0738704049522067,0.002));
#15215=CARTESIAN_POINT('',(0.129776354857851,-0.0743016173593302,0.002));
#15216=CARTESIAN_POINT('',(0.129776354857851,-0.0743016173593302,0.002));
#15217=CARTESIAN_POINT('',(0.129029473059859,-0.0738704049522067,0.002));
#15218=CARTESIAN_POINT('',(0.128877255411286,-0.0785125180949055,0.002));
#15219=CARTESIAN_POINT('',(0.127978155964721,-0.0827234188304808,0.002));
#15220=CARTESIAN_POINT('',(0.127978155964721,-0.0827234188304808,0.002));
#15221=CARTESIAN_POINT('',(0.128877255411286,-0.0785125180949055,0.002));
#15222=CARTESIAN_POINT('',(0.127327028243395,-0.0823474900652962,0.002));
#15223=CARTESIAN_POINT('',(0.126675900522068,-0.0819715613001117,0.002));
#15224=CARTESIAN_POINT('',(0.126675900522068,-0.0819715613001117,0.002));
#15225=CARTESIAN_POINT('',(0.127327028243395,-0.0823474900652962,0.002));
#15226=CARTESIAN_POINT('',(0.127567537450055,-0.0784263752698813,0.002));
#15227=CARTESIAN_POINT('',(0.128459174378041,-0.0748811892396509,0.002));
#15228=CARTESIAN_POINT('',(0.128459174378041,-0.0748811892396509,0.002));
#15229=CARTESIAN_POINT('',(0.127567537450055,-0.0784263752698813,0.002));
#15230=CARTESIAN_POINT('',(0.12588226570074,-0.0774533831717565,0.002));
#15231=CARTESIAN_POINT('',(0.123305357023438,-0.0800255771038621,0.002));
#15232=CARTESIAN_POINT('',(0.123305357023438,-0.0800255771038621,0.002));
#15233=CARTESIAN_POINT('',(0.12588226570074,-0.0774533831717565,0.002));
#15234=CARTESIAN_POINT('',(0.122649633106432,-0.0796469947238645,0.002));
#15235=CARTESIAN_POINT('',(0.122649633106432,-0.0796469947238645,0.002));
#15236=CARTESIAN_POINT('',(0.0819553107333139,-0.0474064344650402,0.002));
#15237=CARTESIAN_POINT('',(0.0685,-0.0375,0.0375));
#15238=CARTESIAN_POINT('',(0.0685,-0.035,0.0227098005422509));
#15239=CARTESIAN_POINT('',(0.0685,-0.0325,0.0375));
#15240=CARTESIAN_POINT('',(0.0795,-0.035,0.0235));
#15241=CARTESIAN_POINT('',(0.0795,-0.0375,0.0385));
#15242=CARTESIAN_POINT('',(0.0795,-0.035,0.0237098005422509));
#15243=CARTESIAN_POINT('',(0.0795,-0.0325,0.0385));
#15244=CARTESIAN_POINT('',(0.0835849364905389,-0.0375,0.0385));
#15245=CARTESIAN_POINT('',(0.077,-0.035,0.0237098005422509));
#15246=CARTESIAN_POINT('',(0.0835849364905389,-0.0325,0.0385));
#15247=CARTESIAN_POINT('',(0.07275,-0.0224,0.035));
#15248=CARTESIAN_POINT('',(0.07275,-0.0476,0.035));
#15249=MECHANICAL_DESIGN_GEOMETRIC_PRESENTATION_REPRESENTATION('',(#8656),
#15250);
#15250=(
GEOMETRIC_REPRESENTATION_CONTEXT(3)
GLOBAL_UNCERTAINTY_ASSIGNED_CONTEXT((#15251))
GLOBAL_UNIT_ASSIGNED_CONTEXT((#15254,#15253,#15252))
REPRESENTATION_CONTEXT('Part 1','TOP_LEVEL_ASSEMBLY_PART')
);
#15251=UNCERTAINTY_MEASURE_WITH_UNIT(LENGTH_MEASURE(2.E-5),#15254,
'DISTANCE_ACCURACY_VALUE','Maximum Tolerance applied to model');
#15252=(
NAMED_UNIT(*)
SI_UNIT($,.STERADIAN.)
SOLID_ANGLE_UNIT()
);
#15253=(
NAMED_UNIT(*)
PLANE_ANGLE_UNIT()
SI_UNIT($,.RADIAN.)
);
#15254=(
LENGTH_UNIT()
NAMED_UNIT(*)
SI_UNIT($,.METRE.)
);
#15255=PRODUCT_DEFINITION_SHAPE('','',#15256);
#15256=PRODUCT_DEFINITION('','',#15258,#15257);
#15257=PRODUCT_DEFINITION_CONTEXT('',#15264,'design');
#15258=PRODUCT_DEFINITION_FORMATION_WITH_SPECIFIED_SOURCE('','',#15260,
 .NOT_KNOWN.);
#15259=PRODUCT_RELATED_PRODUCT_CATEGORY('','',(#15260));
#15260=PRODUCT('Part 1','Part 1','Part 1',(#15262));
#15261=PRODUCT_CATEGORY('','');
#15262=PRODUCT_CONTEXT('',#15264,'mechanical');
#15263=APPLICATION_PROTOCOL_DEFINITION('international standard',
'ap242_managed_model_based_3d_engineering',2020,#15264);
#15264=APPLICATION_CONTEXT('managed model based 3d engineering');
ENDSEC;
END-ISO-10303-21;
